ID,Prediction
0,1
2,1
4,0
8,0
9,0
10,1
13,0
14,0
15,1
19,0
21,1
24,0
27,0
30,0
33,1
35,1
37,0
41,0
43,1
45,1
46,0
47,0
48,0
55,1
56,0
57,0
59,1
61,1
62,1
64,0
67,0
68,0
72,0
78,0
80,1
81,1
82,1
84,1
88,1
90,1
93,0
94,0
95,1
97,0
99,0
102,0
104,1
106,0
107,0
108,1
109,1
111,1
113,0
116,1
117,1
119,1
121,0
123,0
124,0
126,1
127,0
129,0
137,0
138,0
140,0
141,1
142,0
143,1
146,1
147,0
156,0
165,1
166,1
167,0
168,0
170,0
174,1
176,1
177,0
180,1
183,0
184,0
186,1
187,0
190,1
193,0
195,0
197,0
201,1
202,0
203,0
204,1
210,1
213,1
216,1
218,1
223,0
227,0
228,1
229,0
232,0
236,0
237,0
238,0
239,0
244,0
245,0
248,1
252,1
260,1
263,1
265,1
272,0
274,0
275,1
276,0
277,0
279,0
281,1
283,0
287,1
291,1
293,0
295,0
297,1
300,1
306,1
307,1
308,1
312,1
313,1
316,0
317,0
323,1
326,1
327,0
329,0
333,1
335,0
336,1
338,0
339,1
340,1
344,0
345,0
347,1
348,0
349,1
354,1
356,1
357,0
358,1
359,0
360,0
362,1
363,1
371,1
383,1
386,1
390,0
392,1
393,0
397,1
398,0
399,0
400,0
402,0
406,0
407,1
408,0
413,0
417,1
421,1
423,1
425,0
427,1
428,1
429,0
430,1
433,0
438,1
443,0
445,0
447,1
448,0
450,0
451,0
453,1
455,0
459,0
464,0
468,0
470,0
472,1
476,0
477,0
478,0
481,1
482,0
487,0
492,0
493,1
496,1
498,1
504,0
506,0
509,1
511,0
512,0
514,0
516,0
520,0
532,1
535,0
537,1
540,1
542,0
543,0
544,0
545,0
546,0
547,0
548,1
550,0
551,1
555,0
557,0
558,1
561,1
562,0
564,1
568,1
569,1
572,0
578,0
579,1
582,0
591,1
595,1
598,1
599,1
600,0
602,0
604,0
605,1
607,1
608,1
609,0
610,0
611,0
612,1
613,0
614,0
616,0
620,0
622,1
623,1
624,1
626,0
628,1
629,1
630,1
631,0
636,0
641,1
642,0
645,1
653,1
654,0
655,0
657,0
659,0
660,0
663,1
664,0
665,0
666,1
668,0
671,0
673,1
680,0
681,0
688,0
690,0
692,0
694,0
696,1
698,1
699,0
701,1
702,0
703,0
705,1
714,0
715,0
721,0
726,0
727,1
729,0
730,0
732,1
735,1
736,0
741,1
744,0
748,1
753,1
758,1
761,0
765,0
766,0
767,0
768,1
772,1
777,1
780,1
782,1
784,0
785,1
788,0
789,0
793,1
795,0
797,0
798,0
799,0
810,0
812,0
813,1
816,0
818,1
819,1
822,0
823,0
825,0
829,0
830,0
831,1
833,1
835,0
840,0
844,0
845,1
846,1
847,0
850,1
855,0
856,1
857,0
859,0
862,1
863,0
867,0
869,0
873,1
880,0
881,0
883,1
884,1
887,0
888,0
891,0
892,0
893,1
895,0
897,1
899,1
900,1
902,1
904,1
907,1
912,0
914,0
916,0
919,0
920,0
924,0
926,1
927,0
928,0
930,0
931,0
934,1
936,1
937,1
938,0
939,1
940,1
946,0
948,1
949,0
950,0
952,1
953,0
956,1
957,0
960,0
961,1
965,1
966,1
969,1
970,0
971,1
974,1
975,1
979,0
980,0
984,1
988,0
990,1
991,1
992,1
1001,0
1006,0
1008,1
1012,0
1014,0
1015,0
1020,1
1023,1
1026,1
1028,1
1029,0
1030,1
1032,0
1034,1
1035,0
1040,0
1043,0
1049,0
1050,1
1053,0
1061,0
1062,1
1063,1
1064,1
1065,1
1066,1
1067,1
1069,1
1071,0
1075,0
1076,0
1077,0
1082,0
1083,0
1084,1
1085,0
1088,0
1089,0
1091,0
1092,0
1093,0
1096,0
1098,1
1099,1
1101,0
1102,0
1104,1
1108,1
1110,1
1111,1
1112,0
1113,0
1114,1
1119,0
1120,1
1121,0
1122,0
1129,0
1132,1
1134,1
1137,1
1140,0
1144,1
1150,1
1151,0
1155,0
1157,1
1160,0
1161,1
1166,0
1169,1
1170,0
1171,0
1174,1
1178,1
1181,0
1182,1
1183,0
1185,0
1186,1
1187,1
1196,1
1197,0
1199,0
1201,0
1202,1
1205,1
1207,0
1210,1
1213,0
1215,1
1222,0
1224,0
1225,1
1226,1
1228,1
1229,0
1230,0
1231,0
1238,1
1239,1
1244,0
1245,0
1247,1
1249,0
1251,1
1258,1
1260,1
1261,0
1264,0
1265,1
1266,1
1268,0
1270,0
1275,0
1278,1
1281,0
1287,0
1289,0
1290,0
1293,0
1295,0
1298,1
1301,1
1305,0
1307,1
1309,1
1310,0
1311,1
1313,0
1316,0
1319,0
1324,1
1329,0
1330,0
1336,1
1337,0
1338,0
1343,1
1347,1
1348,1
1349,0
1358,0
1359,0
1360,1
1363,0
1364,0
1366,1
1369,0
1378,0
1379,0
1383,1
1385,0
1386,0
1387,1
1390,0
1392,1
1393,0
1396,0
1398,1
1400,1
1401,0
1405,0
1406,1
1409,1
1410,0
1411,1
1412,0
1413,1
1417,1
1420,1
1421,0
1426,0
1427,1
1428,0
1434,1
1435,1
1437,0
1441,1
1442,1
1446,1
1448,0
1449,1
1451,0
1460,0
1461,0
1465,0
1466,0
1468,0
1469,0
1470,0
1472,0
1474,0
1475,0
1479,1
1482,1
1483,1
1484,1
1485,0
1486,1
1487,0
1488,0
1491,1
1494,0
1501,1
1502,1
1505,0
1508,1
1516,1
1517,0
1518,0
1521,1
1522,1
1523,1
1528,0
1529,1
1534,0
1537,1
1540,0
1543,1
1545,0
1548,0
1549,1
1552,0
1561,0
1562,1
1565,0
1567,0
1569,1
1571,0
1573,1
1577,0
1579,0
1580,0
1581,1
1583,0
1584,0
1586,1
1587,0
1588,0
1591,1
1593,1
1595,0
1598,1
1601,0
1604,1
1605,1
1606,1
1610,1
1617,1
1618,0
1622,0
1629,0
1630,0
1631,0
1632,0
1633,1
1635,0
1637,0
1639,0
1644,0
1645,0
1648,1
1651,1
1654,1
1655,1
1657,1
1659,0
1663,1
1665,0
1667,1
1668,1
1676,1
1678,1
1683,0
1685,0
1686,1
1688,0
1689,1
1690,0
1691,1
1693,0
1694,1
1696,0
1699,0
1706,0
1709,1
1712,1
1714,0
1715,0
1720,0
1721,1
1722,0
1723,1
1730,0
1736,1
1739,1
1743,1
1747,1
1748,1
1750,1
1751,0
1753,1
1755,1
1756,0
1761,0
1762,1
1764,0
1766,0
1767,1
1769,0
1776,0
1778,0
1780,0
1781,0
1784,1
1789,0
1793,0
1794,0
1795,0
1801,1
1802,0
1805,0
1807,0
1811,1
1813,0
1815,1
1816,0
1817,1
1818,1
1819,1
1822,0
1824,1
1827,1
1832,0
1833,1
1836,1
1837,1
1838,0
1840,1
1843,0
1844,1
1845,1
1847,0
1850,1
1854,1
1856,0
1858,0
1859,0
1860,1
1863,1
1872,0
1873,0
1875,1
1876,1
1877,0
1878,0
1879,1
1883,1
1898,1
1899,0
1905,0
1906,1
1907,0
1908,1
1909,0
1919,1
1922,0
1923,1
1924,0
1927,1
1930,0
1932,0
1933,0
1934,0
1935,0
1937,0
1939,0
1941,0
1944,1
1946,1
1948,1
1949,0
1950,1
1953,0
1956,0
1958,1
1960,0
1961,1
1963,0
1964,0
1965,0
1966,1
1968,1
1971,1
1974,0
1975,1
1976,0
1983,0
1985,0
1986,0
1993,0
1995,0
1996,0
1997,0
1998,0
1999,1
2004,0
2005,0
2012,0
2014,1
2017,1
2018,0
2020,1
2021,1
2022,1
2027,1
2030,0
2036,1
2037,0
2039,0
2043,1
2044,0
2045,1
2046,0
2047,0
2049,0
2051,0
2053,0
2058,0
2060,0
2065,1
2075,0
2076,0
2078,1
2080,0
2082,0
2089,0
2090,0
2093,1
2094,0
2095,1
2097,0
2099,1
2100,1
2104,0
2109,0
2114,1
2115,0
2116,0
2122,0
2132,0
2133,0
2134,0
2135,1
2137,0
2139,0
2145,1
2146,0
2154,1
2156,0
2157,0
2158,0
2163,1
2164,1
2166,0
2168,0
2170,0
2171,1
2172,0
2173,0
2177,1
2178,0
2179,1
2182,1
2184,0
2185,0
2186,0
2188,0
2198,0
2199,0
2201,1
2202,0
2203,1
2204,0
2208,0
2209,0
2212,1
2217,0
2218,0
2219,0
2221,1
2224,0
2227,0
2230,0
2234,0
2236,0
2237,1
2238,0
2239,0
2240,0
2242,0
2243,1
2244,1
2245,1
2246,1
2252,0
2253,1
2254,0
2256,0
2257,0
2260,0
2263,1
2265,1
2266,0
2269,1
2274,1
2276,0
2279,0
2280,0
2284,1
2285,1
2287,0
2289,1
2290,0
2291,0
2292,0
2293,0
2294,1
2296,1
2297,0
2306,1
2310,0
2311,1
2312,1
2313,0
2321,1
2322,1
2325,0
2326,1
2327,0
2328,0
2330,0
2331,0
2332,0
2335,1
2338,0
2341,0
2342,1
2350,0
2356,1
2357,0
2358,1
2359,0
2360,0
2362,0
2363,0
2364,0
2365,1
2366,0
2368,0
2371,0
2372,1
2373,0
2375,0
2376,0
2377,0
2378,0
2380,0
2382,0
2383,0
2384,1
2386,0
2389,0
2390,1
2394,0
2395,0
2398,0
2399,1
2400,1
2407,0
2409,1
2413,0
2414,1
2415,0
2417,0
2418,0
2419,0
2420,1
2421,1
2428,0
2433,0
2435,1
2438,0
2439,0
2443,0
2444,0
2447,1
2448,0
2461,0
2462,0
2463,1
2464,0
2467,0
2468,0
2469,1
2474,0
2476,1
2478,1
2479,0
2480,1
2482,1
2484,0
2489,0
2495,0
2499,0
2501,1
2504,0
2505,0
2512,1
2513,1
2517,0
2520,0
2526,1
2527,0
2530,0
2532,0
2535,0
2541,0
2543,0
2545,0
2546,1
2547,1
2549,1
2550,1
2551,0
2554,0
2555,1
2558,1
2559,0
2564,1
2567,0
2568,0
2569,0
2571,0
2573,1
2574,0
2576,0
2577,0
2579,1
2580,1
2581,1
2583,0
2585,0
2587,0
2588,0
2589,0
2591,1
2595,0
2596,1
2599,0
2609,0
2610,0
2613,1
2615,0
2616,1
2618,0
2619,1
2630,0
2631,0
2632,0
2633,0
2634,0
2636,0
2639,0
2640,0
2642,1
2645,1
2647,0
2655,1
2656,1
2660,0
2663,1
2665,0
2666,0
2667,0
2668,1
2669,1
2671,0
2672,1
2674,1
2677,0
2679,1
2683,1
2685,1
2688,0
2689,1
2694,1
2707,0
2708,0
2712,1
2714,0
2719,0
2725,0
2729,0
2730,0
2733,1
2739,0
2743,0
2744,1
2745,1
2751,0
2757,0
2760,0
2762,0
2764,1
2765,0
2766,0
2768,0
2770,1
2772,0
2773,0
2775,0
2779,0
2788,1
2789,0
2791,0
2793,0
2794,0
2796,1
2800,0
2801,1
2803,1
2804,0
2809,0
2810,0
2811,0
2813,1
2815,1
2816,0
2818,0
2823,0
2824,0
2826,1
2828,1
2830,0
2831,0
2834,1
2838,0
2839,1
2844,0
2845,1
2847,1
2853,1
2855,0
2856,0
2859,0
2860,1
2868,0
2874,0
2880,0
2881,0
2883,0
2884,0
2885,1
2887,0
2890,1
2892,0
2893,1
2894,0
2895,0
2899,1
2903,0
2904,0
2907,1
2908,0
2910,0
2912,0
2913,0
2914,1
2915,0
2922,0
2926,0
2927,0
2934,0
2936,1
2942,1
2944,1
2946,0
2951,0
2952,0
2955,0
2958,1
2965,1
2967,0
2971,0
2974,0
2975,0
2976,0
2978,0
2980,1
2982,1
2983,0
2984,0
2985,1
2986,0
2989,0
2992,0
2996,1
2997,0
2998,1
3001,0
3008,1
3012,1
3013,0
3015,0
3016,0
3018,0
3019,0
3020,0
3021,1
3026,1
3027,1
3028,0
3029,0
3030,0
3032,0
3034,1
3038,1
3045,0
3048,0
3049,0
3051,1
3054,0
3057,0
3058,0
3061,1
3062,0
3063,0
3064,0
3066,0
3069,0
3073,0
3076,1
3079,0
3082,0
3083,1
3086,0
3087,0
3090,1
3097,0
3100,1
3101,0
3102,1
3104,0
3108,0
3110,1
3111,0
3112,0
3119,0
3120,0
3125,0
3126,0
3131,0
3135,0
3138,0
3140,0
3142,1
3144,1
3150,1
3155,0
3156,1
3159,0
3162,1
3163,0
3164,0
3168,1
3170,0
3174,1
3175,0
3177,0
3185,1
3187,0
3189,1
3201,0
3204,0
3206,0
3207,1
3210,0
3212,0
3213,1
3214,1
3215,0
3216,0
3217,1
3218,0
3219,0
3221,0
3223,0
3224,1
3225,0
3226,0
3233,0
3235,0
3236,1
3238,0
3239,0
3241,0
3244,1
3252,0
3253,0
3254,1
3255,0
3256,1
3257,1
3258,0
3260,1
3261,1
3264,1
3265,1
3266,0
3269,0
3272,0
3273,1
3274,1
3279,1
3280,0
3283,0
3285,1
3287,1
3290,1
3292,0
3294,1
3297,1
3298,1
3299,1
3301,0
3303,0
3311,0
3313,1
3314,1
3315,1
3316,0
3318,0
3319,1
3322,0
3323,1
3324,1
3327,0
3329,0
3331,1
3335,0
3337,0
3339,0
3340,0
3341,0
3342,0
3349,0
3351,1
3353,1
3360,1
3361,1
3367,1
3374,1
3376,0
3380,1
3381,0
3386,1
3387,1
3388,0
3392,0
3401,0
3407,0
3409,0
3410,0
3411,0
3412,1
3414,0
3415,1
3416,0
3417,1
3420,0
3421,0
3423,1
3425,0
3429,1
3432,1
3436,0
3437,0
3438,0
3448,0
3449,1
3451,1
3452,0
3457,1
3462,0
3463,1
3465,1
3468,0
3474,1
3477,0
3478,0
3489,1
3490,0
3497,0
3499,0
3505,0
3507,1
3510,1
3517,1
3518,0
3520,0
3521,1
3522,1
3525,0
3528,1
3529,0
3534,0
3537,0
3542,0
3543,1
3545,1
3547,1
3548,1
3550,0
3551,1
3552,0
3558,1
3560,1
3562,1
3563,1
3565,1
3566,1
3567,1
3571,1
3583,0
3587,0
3589,1
3591,0
3594,1
3595,0
3596,0
3598,1
3599,1
3600,1
3602,0
3603,1
3604,0
3612,1
3614,1
3615,0
3618,0
3621,0
3631,0
3633,0
3634,1
3635,1
3643,1
3645,0
3646,0
3648,0
3651,0
3652,1
3653,1
3655,0
3656,1
3657,1
3661,0
3662,0
3663,1
3665,0
3667,0
3673,1
3676,1
3677,1
3679,0
3681,1
3684,1
3685,0
3687,0
3690,0
3699,0
3700,0
3705,0
3712,0
3713,1
3716,0
3721,1
3722,0
3724,0
3727,0
3737,1
3739,1
3740,0
3742,0
3743,1
3747,1
3748,1
3749,0
3754,0
3756,0
3759,1
3760,0
3763,0
3765,1
3766,1
3767,0
3768,0
3771,1
3773,0
3775,1
3778,0
3781,0
3787,0
3788,0
3792,0
3796,1
3798,1
3799,1
3800,1
3801,1
3805,1
3809,0
3810,1
3812,1
3813,0
3814,0
3815,1
3816,1
3819,0
3820,0
3822,0
3824,0
3829,0
3830,0
3835,0
3838,1
3842,1
3847,1
3848,0
3850,0
3852,1
3853,0
3855,0
3867,0
3868,0
3875,1
3877,0
3880,1
3882,1
3884,0
3885,0
3893,1
3897,1
3899,1
3903,1
3906,1
3908,0
3912,0
3913,0
3918,0
3919,1
3921,0
3923,1
3924,0
3925,0
3928,1
3930,0
3931,1
3937,0
3938,0
3949,0
3951,1
3954,0
3957,1
3960,1
3964,1
3968,1
3969,0
3970,1
3972,1
3973,0
3978,1
3981,1
3983,0
3984,1
3990,0
3993,1
3994,0
3995,0
3997,1
4003,1
4004,1
4008,1
4013,1
4014,0
4017,0
4018,1
4021,0
4029,1
4031,0
4032,0
4033,0
4035,0
4036,0
4038,0
4042,0
4045,0
4046,1
4048,0
4051,0
4055,1
4056,0
4057,1
4058,0
4065,0
4068,0
4070,0
4072,1
4073,0
4074,1
4077,0
4086,0
4089,1
4096,0
4098,0
4106,0
4108,0
4113,1
4114,0
4126,0
4127,1
4128,0
4129,0
4130,1
4135,1
4136,1
4137,1
4138,0
4142,1
4146,1
4147,0
4155,1
4156,0
4159,0
4160,1
4165,0
4166,1
4170,1
4173,0
4174,0
4175,1
4177,0
4178,0
4180,0
4181,1
4183,0
4186,1
4187,0
4188,1
4190,0
4191,1
4192,1
4195,1
4198,0
4199,0
4203,1
4205,1
4207,0
4208,1
4210,0
4214,0
4215,0
4216,0
4219,0
4222,0
4226,0
4229,0
4230,1
4233,0
4234,1
4235,1
4237,1
4240,0
4245,0
4248,0
4250,0
4253,0
4255,1
4256,0
4257,0
4261,0
4263,0
4268,1
4271,1
4277,0
4279,1
4281,1
4284,0
4288,0
4289,1
4291,0
4292,0
4293,0
4294,1
4295,0
4296,0
4298,0
4300,0
4302,1
4307,0
4316,0
4317,1
4319,1
4320,1
4322,1
4325,0
4327,1
4328,0
4331,1
4332,0
4337,0
4338,0
4345,0
4348,1
4350,1
4354,0
4355,1
4356,0
4361,1
4363,1
4365,1
4366,0
4377,0
4378,0
4379,0
4381,1
4383,0
4384,1
4385,0
4386,0
4389,0
4395,0
4396,1
4400,0
4401,0
4402,0
4403,1
4405,1
4407,0
4409,1
4411,0
4412,0
4416,0
4423,0
4425,0
4427,0
4432,0
4433,1
4435,0
4436,1
4438,0
4439,1
4441,1
4445,0
4446,0
4447,0
4448,1
4450,0
4451,1
4452,0
4455,0
4466,1
4469,0
4470,0
4471,1
4474,0
4477,1
4478,0
4482,0
4483,1
4485,0
4490,0
4494,0
4500,0
4504,1
4505,1
4508,1
4509,1
4514,0
4515,1
4518,1
4521,0
4525,0
4526,1
4532,0
4535,0
4536,0
4538,0
4539,0
4541,1
4542,0
4543,1
4544,1
4549,0
4552,1
4553,0
4554,1
4555,0
4558,0
4559,0
4567,0
4568,0
4569,1
4570,0
4571,0
4572,0
4574,1
4577,1
4579,1
4581,0
4583,0
4587,1
4588,0
4589,0
4590,0
4592,0
4594,1
4601,1
4602,0
4604,1
4607,0
4609,1
4613,1
4617,0
4619,1
4621,0
4625,1
4626,0
4627,0
4629,1
4633,1
4634,0
4638,0
4641,0
4644,1
4649,0
4650,1
4651,0
4655,0
4657,0
4659,0
4660,1
4661,1
4662,1
4663,0
4666,0
4667,1
4669,0
4670,0
4674,0
4675,0
4676,1
4679,0
4688,1
4692,0
4696,1
4697,0
4699,1
4700,1
4701,1
4703,1
4705,1
4706,1
4707,0
4708,0
4710,0
4711,0
4713,0
4714,1
4716,1
4719,0
4725,0
4726,0
4728,1
4730,1
4733,0
4737,1
4740,1
4745,0
4747,1
4750,1
4751,1
4757,1
4758,1
4760,0
4765,0
4770,0
4772,1
4774,0
4780,0
4782,1
4783,1
4784,1
4787,0
4789,0
4791,0
4792,0
4794,1
4796,1
4798,0
4801,0
4804,0
4805,1
4806,0
4810,1
4811,0
4813,0
4815,0
4816,0
4817,0
4819,0
4820,0
4828,0
4829,1
4831,0
4832,1
4833,1
4834,0
4835,1
4836,1
4838,0
4839,1
4840,0
4842,0
4844,0
4845,0
4849,1
4850,0
4851,0
4854,0
4858,0
4859,0
4860,0
4862,0
4865,1
4869,1
4873,1
4885,0
4887,0
4888,1
4891,0
4892,0
4893,1
4894,1
4896,1
4898,0
4901,0
4903,1
4906,0
4908,0
4911,1
4912,0
4915,0
4918,1
4921,0
4927,0
4929,1
4930,0
4931,0
4932,0
4933,0
4934,1
4938,0
4941,1
4943,0
4944,1
4946,1
4949,0
4953,0
4957,1
4964,0
4965,1
4966,0
4967,0
4968,1
4975,0
4976,0
4977,0
4979,0
4980,1
4982,0
4990,1
4992,1
4993,0
4994,0
4995,1
4996,0
4998,0
5001,0
5002,0
5003,0
5004,0
5005,0
5006,0
5008,1
5011,0
5015,0
5021,1
5024,1
5025,1
5027,0
5037,0
5038,0
5051,0
5056,1
5059,0
5061,0
5065,0
5067,0
5068,0
5075,0
5082,0
5083,0
5086,1
5087,0
5091,1
5094,0
5095,0
5097,0
5098,0
5101,0
5102,1
5104,0
5105,0
5110,0
5114,1
5118,0
5120,0
5124,0
5125,1
5130,1
5131,0
5133,0
5134,0
5135,1
5136,0
5138,0
5140,0
5141,1
5147,1
5149,0
5150,1
5152,1
5155,1
5156,0
5157,0
5162,0
5165,1
5169,1
5172,0
5173,1
5174,1
5176,0
5177,1
5183,0
5184,1
5185,1
5186,1
5195,1
5200,0
5202,0
5204,0
5209,0
5211,1
5214,0
5215,0
5217,0
5219,0
5221,0
5222,0
5225,0
5226,1
5228,1
5231,1
5233,1
5237,0
5240,0
5243,0
5247,0
5249,1
5253,1
5254,0
5255,0
5260,0
5263,0
5265,0
5266,0
5271,0
5272,0
5273,0
5278,1
5281,0
5284,1
5285,0
5286,0
5289,0
5291,0
5292,1
5293,0
5294,1
5295,1
5296,1
5298,0
5299,1
5301,0
5302,0
5303,0
5304,0
5305,0
5308,1
5309,0
5313,0
5319,0
5320,1
5327,0
5329,0
5330,0
5331,1
5332,0
5334,0
5341,0
5342,1
5344,0
5349,1
5350,1
5351,0
5353,0
5354,1
5358,0
5361,0
5364,1
5366,1
5368,0
5369,0
5370,0
5371,0
5372,1
5376,0
5379,0
5391,0
5396,1
5397,1
5398,1
5399,1
5401,0
5402,0
5404,0
5411,0
5416,0
5419,1
5421,0
5422,1
5423,0
5424,1
5425,0
5426,0
5433,0
5437,1
5439,1
5441,1
5443,1
5444,0
5445,0
5447,1
5449,0
5450,1
5452,0
5453,1
5454,1
5458,0
5459,1
5464,1
5465,1
5468,0
5469,1
5473,0
5474,1
5476,0
5477,0
5481,0
5482,0
5483,1
5485,0
5486,1
5487,0
5490,1
5494,1
5495,1
5500,0
5501,1
5503,0
5504,0
5505,1
5510,0
5511,0
5514,1
5520,0
5521,1
5522,0
5525,0
5527,1
5528,1
5530,1
5531,0
5532,1
5533,0
5534,1
5539,1
5540,0
5544,0
5545,1
5546,1
5547,1
5548,0
5550,1
5552,0
5556,1
5560,1
5561,1
5564,1
5568,0
5569,1
5570,1
5574,0
5575,1
5577,1
5578,0
5582,0
5584,1
5587,0
5588,0
5589,1
5593,1
5594,1
5596,1
5597,1
5598,0
5600,0
5601,1
5602,0
5603,1
5604,1
5609,0
5612,1
5616,1
5618,1
5624,1
5629,0
5630,0
5632,1
5633,0
5647,1
5648,0
5650,0
5654,1
5655,0
5658,0
5659,0
5661,1
5662,0
5664,0
5668,0
5670,0
5671,0
5672,1
5676,0
5679,1
5680,0
5681,0
5682,0
5684,0
5688,0
5689,1
5692,0
5693,0
5698,0
5699,0
5700,1
5701,0
5709,1
5710,1
5711,1
5712,0
5713,0
5714,0
5716,0
5717,1
5718,1
5720,1
5722,0
5724,1
5728,0
5729,1
5730,0
5732,1
5733,0
5735,0
5737,0
5738,1
5739,1
5740,1
5742,1
5743,0
5746,1
5749,1
5752,1
5755,0
5758,1
5759,0
5760,1
5761,1
5768,0
5771,0
5772,0
5773,0
5782,0
5783,0
5784,0
5785,1
5786,1
5789,1
5791,1
5792,0
5793,1
5795,1
5796,0
5799,1
5808,1
5811,0
5813,0
5814,1
5817,0
5818,0
5819,0
5822,0
5824,1
5825,0
5827,1
5830,0
5831,1
5834,1
5835,0
5837,1
5838,1
5844,1
5845,1
5847,0
5850,1
5852,1
5855,0
5858,0
5861,0
5867,1
5868,1
5870,1
5872,0
5873,1
5874,0
5875,0
5876,0
5877,0
5887,1
5889,0
5890,1
5895,1
5896,0
5898,1
5899,0
5900,1
5901,1
5904,1
5905,1
5910,0
5914,0
5915,1
5916,1
5920,0
5922,0
5927,1
5932,1
5933,1
5935,0
5939,1
5940,0
5941,1
5943,0
5949,0
5952,1
5955,1
5962,0
5966,1
5971,0
5973,1
5975,1
5976,1
5978,0
5979,0
5980,0
5982,1
5984,0
5986,0
5989,0
5990,0
5992,1
5993,0
5995,0
5996,1
5997,0
5999,0
6000,0
6002,1
6004,1
6009,0
6014,0
6015,0
6016,0
6018,0
6019,1
6021,1
6022,0
6023,1
6024,0
6030,0
6031,1
6032,1
6034,0
6037,1
6038,1
6039,0
6041,1
6043,0
6044,1
6047,1
6051,1
6053,1
6055,0
6056,1
6057,0
6058,0
6060,0
6063,0
6064,0
6065,1
6069,0
6071,0
6073,0
6075,0
6078,1
6079,0
6081,1
6082,1
6084,0
6085,0
6088,0
6089,0
6094,1
6095,0
6101,1
6105,1
6107,0
6112,1
6113,0
6114,0
6116,0
6118,0
6120,1
6121,0
6129,1
6134,1
6135,1
6137,1
6138,0
6140,0
6155,0
6161,1
6163,0
6165,1
6167,0
6168,1
6174,1
6178,0
6180,1
6182,0
6184,0
6187,1
6188,1
6190,0
6191,0
6197,0
6198,0
6201,0
6210,1
6212,0
6213,0
6214,0
6218,0
6220,1
6224,0
6227,0
6228,0
6232,1
6234,0
6236,1
6245,0
6246,0
6250,1
6251,1
6252,1
6254,1
6255,1
6256,1
6260,0
6261,0
6263,0
6264,1
6266,0
6267,0
6270,1
6271,1
6272,0
6275,0
6284,0
6287,1
6290,1
6296,1
6297,1
6301,1
6304,0
6305,0
6308,1
6311,0
6312,0
6316,0
6319,0
6325,1
6326,0
6327,0
6328,0
6333,1
6337,1
6338,1
6339,0
6340,0
6342,0
6353,1
6357,0
6359,0
6361,0
6362,1
6365,0
6366,0
6368,0
6369,0
6373,0
6374,1
6375,0
6379,0
6383,1
6384,0
6389,0
6390,1
6393,1
6398,1
6400,1
6402,1
6404,0
6406,1
6408,1
6409,1
6412,0
6413,1
6414,0
6415,0
6418,1
6419,0
6421,0
6424,1
6425,0
6427,0
6430,1
6435,1
6436,0
6437,1
6438,0
6440,1
6443,0
6444,1
6445,0
6447,0
6449,1
6450,1
6451,1
6453,0
6454,0
6456,0
6457,0
6458,1
6459,1
6460,0
6463,1
6470,0
6471,0
6474,1
6476,1
6477,1
6484,0
6486,0
6487,1
6489,1
6498,1
6499,1
6500,1
6505,1
6506,0
6508,1
6509,0
6515,0
6516,0
6517,0
6518,1
6523,0
6527,0
6529,0
6535,1
6536,0
6537,0
6538,0
6540,0
6541,1
6542,0
6552,0
6553,0
6555,1
6560,0
6562,1
6563,1
6571,1
6572,0
6579,1
6580,1
6583,1
6592,0
6594,1
6596,1
6600,0
6601,0
6602,1
6603,1
6604,0
6605,1
6606,1
6608,0
6609,0
6610,0
6612,0
6614,1
6616,1
6618,1
6619,1
6622,0
6626,0
6627,1
6629,0
6632,0
6634,0
6637,0
6640,1
6642,1
6647,1
6648,0
6650,0
6651,1
6660,1
6665,0
6667,0
6668,1
6670,0
6673,0
6674,0
6675,0
6678,0
6680,0
6688,0
6692,0
6696,0
6698,0
6699,0
6701,0
6706,1
6708,0
6711,1
6714,1
6715,1
6716,0
6717,1
6718,0
6720,1
6728,1
6731,0
6739,0
6741,0
6742,0
6743,0
6746,0
6748,0
6750,0
6754,1
6755,0
6756,0
6757,0
6761,0
6763,0
6770,0
6773,0
6774,0
6775,1
6778,0
6786,1
6788,0
6789,1
6791,0
6794,0
6796,1
6798,1
6800,1
6805,1
6807,1
6808,0
6810,1
6813,1
6815,1
6821,1
6822,0
6824,1
6825,1
6827,0
6830,1
6831,1
6832,1
6833,0
6835,1
6839,1
6840,1
6841,0
6842,1
6845,0
6848,1
6849,1
6850,0
6854,0
6859,0
6861,0
6865,0
6866,0
6867,0
6869,0
6870,0
6871,1
6873,1
6877,1
6878,0
6881,0
6885,0
6886,0
6889,0
6891,0
6895,1
6897,0
6898,0
6903,1
6905,0
6906,0
6909,1
6910,0
6912,0
6913,1
6914,0
6920,0
6921,1
6923,0
6924,0
6928,0
6931,1
6933,1
6935,1
6937,1
6939,0
6941,0
6944,1
6946,1
6953,0
6954,0
6955,0
6956,0
6958,1
6959,0
6960,0
6961,1
6963,1
6964,0
6965,1
6969,1
6970,0
6971,1
6973,1
6974,1
6976,0
6985,1
6987,1
6990,1
6993,0
6997,1
6998,1
7000,0
7003,1
7004,0
7008,0
7010,1
7016,0
7018,0
7019,0
7021,0
7025,0
7026,0
7027,0
7031,0
7033,1
7035,1
7041,0
7042,0
7047,0
7049,0
7050,1
7051,1
7052,1
7054,0
7055,1
7059,0
7060,0
7063,0
7065,0
7066,1
7068,0
7069,0
7070,0
7071,0
7073,1
7077,0
7079,1
7086,1
7087,0
7089,0
7090,0
7092,0
7101,0
7103,1
7107,1
7108,0
7109,0
7110,0
7111,0
7112,0
7115,0
7116,1
7117,1
7123,0
7126,0
7129,0
7132,0
7133,0
7134,0
7136,1
7137,0
7142,1
7145,0
7147,1
7150,1
7155,0
7157,0
7158,1
7159,0
7160,0
7165,0
7168,0
7169,1
7170,1
7176,1
7181,1
7186,1
7193,0
7197,1
7198,0
7199,1
7201,0
7205,1
7210,0
7212,1
7214,1
7215,0
7216,1
7218,0
7219,0
7223,1
7224,0
7225,0
7226,0
7231,0
7237,0
7238,0
7240,1
7248,1
7250,0
7261,1
7263,1
7265,0
7266,1
7269,1
7270,0
7271,1
7272,0
7275,1
7276,1
7277,0
7280,0
7285,0
7286,1
7289,0
7292,1
7295,1
7296,0
7298,1
7299,1
7304,0
7306,0
7307,0
7309,0
7310,0
7314,0
7318,0
7319,0
7320,0
7322,0
7324,0
7326,0
7327,0
7328,0
7329,1
7333,0
7334,1
7336,0
7337,1
7342,1
7343,1
7344,1
7346,1
7348,1
7349,1
7353,1
7354,0
7355,0
7357,1
7358,1
7359,0
7364,0
7367,0
7368,1
7373,0
7374,0
7375,0
7376,1
7377,0
7379,0
7381,1
7385,1
7386,1
7387,1
7389,1
7390,0
7391,1
7393,1
7395,0
7399,0
7404,1
7405,1
7406,1
7409,0
7410,0
7412,0
7415,1
7417,0
7418,1
7419,1
7426,0
7427,0
7434,0
7437,1
7438,0
7442,1
7457,0
7459,0
7460,0
7462,0
7465,1
7467,0
7468,0
7469,0
7470,1
7472,0
7473,1
7475,0
7477,1
7478,0
7483,1
7485,0
7488,0
7490,0
7492,0
7494,1
7501,1
7502,0
7503,0
7504,1
7505,1
7506,0
7507,1
7510,1
7512,1
7513,0
7514,1
7516,0
7520,0
7525,1
7526,1
7528,1
7529,1
7533,0
7535,1
7536,0
7537,0
7539,1
7540,1
7545,0
7548,0
7550,1
7553,1
7554,1
7556,0
7557,1
7561,1
7563,1
7568,1
7570,0
7571,1
7573,0
7577,0
7578,0
7581,0
7582,1
7587,0
7588,0
7589,0
7592,1
7596,0
7597,0
7601,0
7602,1
7603,0
7604,0
7605,0
7606,0
7607,1
7608,1
7610,0
7613,0
7618,1
7621,0
7631,0
7632,0
7636,0
7640,1
7644,1
7645,0
7647,1
7653,0
7654,0
7656,0
7658,1
7659,0
7662,0
7663,0
7666,1
7667,0
7676,1
7677,0
7680,0
7685,0
7688,1
7690,1
7693,0
7694,0
7697,0
7702,1
7705,0
7713,1
7714,0
7715,0
7726,0
7727,0
7731,0
7732,1
7733,0
7734,1
7735,1
7738,0
7739,1
7741,1
7742,1
7746,0
7750,1
7752,0
7755,1
7757,1
7758,0
7761,1
7767,1
7771,0
7772,0
7777,1
7779,1
7780,1
7783,0
7785,0
7789,1
7790,1
7793,0
7795,0
7798,1
7800,0
7802,1
7803,0
7805,1
7809,0
7810,1
7822,0
7824,0
7827,0
7828,1
7829,0
7832,1
7833,1
7834,1
7837,0
7840,0
7841,0
7844,1
7845,0
7850,1
7851,0
7852,1
7856,0
7857,0
7860,1
7863,0
7865,1
7866,0
7868,1
7870,1
7871,1
7873,0
7879,1
7881,0
7883,0
7884,0
7885,0
7888,1
7891,0
7893,0
7895,0
7905,0
7907,1
7908,1
7911,0
7912,0
7917,0
7918,1
7919,0
7923,0
7926,1
7928,1
7935,0
7936,0
7940,1
7943,0
7944,1
7946,0
7950,1
7956,1
7957,0
7958,1
7959,1
7961,0
7963,1
7965,1
7966,0
7967,0
7970,1
7978,0
7982,0
7983,0
7984,1
7985,0
7988,1
7991,1
7992,0
7997,0
7998,0
8001,0
8002,1
8007,1
8008,0
8009,1
8013,1
8018,1
8020,1
8022,0
8023,1
8027,0
8029,1
8032,1
8035,0
8037,0
8039,1
8040,0
8043,0
8044,0
8046,0
8049,1
8050,0
8052,1
8056,0
8058,0
8060,0
8062,0
8063,1
8068,0
8069,1
8075,0
8077,1
8079,1
8086,0
8087,0
8088,1
8090,1
8093,0
8094,0
8096,1
8100,1
8101,0
8102,0
8103,0
8104,1
8105,0
8107,0
8111,1
8114,1
8117,1
8119,0
8120,1
8121,0
8122,0
8123,1
8125,0
8126,0
8128,1
8129,0
8132,1
8133,0
8135,0
8137,0
8139,0
8143,0
8146,0
8147,0
8150,0
8152,0
8153,0
8155,0
8156,1
8157,1
8158,1
8160,1
8162,0
8163,1
8165,1
8169,1
8170,0
8171,0
8177,0
8179,0
8184,0
8188,0
8193,1
8197,0
8198,0
8201,1
8203,0
8204,1
8205,1
8207,0
8208,1
8210,0
8211,0
8213,1
8216,0
8218,1
8219,0
8222,1
8223,0
8225,0
8231,0
8232,1
8233,0
8234,1
8238,1
8241,0
8252,0
8254,0
8259,0
8260,0
8262,1
8263,1
8264,1
8270,1
8273,0
8276,0
8279,0
8280,0
8281,1
8286,1
8287,0
8292,0
8293,0
8294,0
8297,0
8300,1
8301,0
8303,0
8310,1
8311,1
8317,1
8318,0
8319,0
8326,1
8327,1
8331,0
8334,1
8339,0
8343,0
8344,1
8346,0
8349,0
8352,0
8353,0
8354,1
8355,1
8357,0
8361,0
8362,0
8363,0
8365,1
8368,0
8375,0
8376,0
8379,1
8381,1
8387,1
8389,0
8390,0
8392,0
8395,0
8398,0
8400,1
8402,0
8404,1
8408,1
8410,1
8416,0
8418,1
8427,1
8430,0
8432,1
8438,1
8440,1
8443,1
8444,1
8445,0
8446,0
8453,0
8455,1
8459,1
8464,0
8468,1
8469,0
8470,0
8471,1
8472,1
8481,0
8482,0
8483,1
8484,1
8489,1
8493,0
8494,0
8496,0
8497,1
8498,0
8499,0
8500,0
8501,1
8503,1
8506,1
8508,1
8510,0
8511,1
8515,1
8516,1
8517,1
8522,0
8523,1
8525,0
8527,0
8529,1
8532,1
8536,0
8541,0
8542,1
8544,1
8546,1
8552,0
8553,1
8558,0
8560,0
8561,1
8562,0
8566,0
8569,0
8571,0
8575,0
8577,0
8578,0
8581,1
8585,1
8589,0
8596,0
8597,1
8605,0
8607,1
8608,1
8611,0
8612,1
8613,0
8614,1
8615,0
8616,0
8619,1
8622,1
8623,0
8624,0
8627,0
8633,0
8635,1
8636,1
8642,1
8645,1
8647,1
8648,0
8654,0
8656,0
8657,1
8658,1
8659,0
8660,1
8662,1
8665,1
8666,0
8667,1
8669,1
8670,0
8672,0
8679,0
8682,0
8685,1
8686,1
8687,0
8689,1
8690,1
8691,0
8697,1
8701,1
8703,0
8704,1
8706,0
8710,0
8712,1
8713,1
8715,0
8719,1
8723,0
8724,1
8725,0
8726,1
8731,1
8733,1
8735,1
8736,1
8737,0
8740,1
8745,1
8746,1
8752,0
8754,1
8755,0
8756,1
8757,0
8760,0
8764,0
8767,0
8768,1
8773,1
8776,0
8778,1
8784,1
8791,0
8792,1
8793,0
8795,1
8801,0
8809,0
8812,0
8817,0
8819,1
8827,1
8830,0
8831,1
8834,0
8839,0
8840,0
8843,1
8845,1
8847,0
8851,1
8853,0
8856,0
8859,0
8860,0
8862,0
8863,1
8864,0
8865,0
8870,0
8871,0
8879,0
8881,0
8883,0
8885,0
8889,0
8892,1
8895,0
8896,1
8898,0
8899,0
8904,0
8905,0
8906,1
8910,1
8914,0
8917,0
8920,0
8921,0
8924,0
8925,1
8930,0
8933,0
8936,1
8937,1
8939,1
8943,0
8944,1
8945,0
8946,0
8947,0
8948,0
8952,1
8954,0
8961,0
8962,0
8965,0
8966,1
8971,1
8975,1
8980,0
8982,1
8985,1
8986,0
8991,0
8994,1
8995,1
8996,1
9004,0
9005,1
9008,1
9010,0
9019,0
9021,0
9022,1
9032,0
9033,0
9035,0
9036,1
9038,0
9040,0
9043,0
9044,0
9045,0
9047,0
9050,1
9055,0
9057,1
9059,0
9060,0
9061,0
9062,1
9064,1
9067,1
9070,0
9072,1
9073,0
9075,1
9076,1
9080,1
9082,1
9084,0
9085,0
9090,1
9091,0
9098,0
9104,0
9105,0
9106,1
9108,1
9112,0
9113,0
9114,0
9115,0
9116,1
9117,0
9118,0
9120,0
9122,0
9127,1
9130,1
9136,0
9138,0
9142,0
9146,0
9148,1
9150,1
9151,0
9155,1
9156,0
9158,1
9159,0
9160,0
9161,0
9162,1
9164,1
9166,1
9171,0
9172,0
9175,1
9176,0
9177,1
9178,0
9181,1
9183,1
9184,1
9186,0
9190,1
9192,1
9197,1
9198,1
9200,0
9205,1
9207,1
9209,1
9211,1
9216,0
9218,0
9222,1
9225,0
9226,1
9228,0
9229,1
9231,0
9236,1
9237,0
9238,1
9240,1
9241,1
9243,0
9245,0
9246,1
9250,1
9251,0
9252,0
9259,0
9261,0
9264,0
9265,1
9269,0
9270,1
9272,1
9273,0
9275,1
9277,0
9278,0
9279,0
9280,0
9281,0
9285,0
9289,0
9292,0
9293,0
9294,1
9297,1
9299,1
9302,1
9304,1
9305,0
9306,1
9314,1
9317,0
9321,0
9324,1
9325,1
9331,1
9333,0
9335,1
9337,1
9338,0
9344,0
9346,1
9348,0
9349,1
9350,1
9351,0
9358,0
9360,0
9363,1
9365,0
9366,0
9370,0
9371,0
9373,0
9374,0
9375,0
9376,0
9377,0
9379,1
9383,1
9385,0
9395,1
9405,1
9406,0
9408,1
9409,0
9412,0
9415,0
9417,0
9419,1
9420,1
9424,0
9429,1
9432,0
9433,0
9434,1
9436,0
9442,0
9443,0
9445,0
9447,0
9448,0
9449,0
9453,0
9454,1
9457,0
9458,1
9459,1
9460,1
9462,1
9467,0
9469,0
9470,0
9471,1
9472,0
9473,0
9475,1
9476,0
9478,1
9480,1
9483,1
9485,1
9486,1
9492,0
9496,0
9497,1
9498,0
9500,0
9504,0
9505,1
9506,1
9509,1
9512,0
9513,0
9516,1
9521,1
9522,1
9527,0
9528,0
9529,0
9530,0
9535,1
9536,0
9540,1
9546,0
9555,0
9556,1
9558,1
9562,1
9564,0
9565,0
9573,1
9586,1
9592,1
9594,1
9596,1
9597,1
9598,0
9600,1
9601,1
9603,1
9604,0
9605,0
9606,0
9607,0
9610,1
9613,1
9615,0
9623,1
9627,1
9629,0
9630,0
9631,1
9632,1
9635,0
9638,0
9647,0
9648,1
9650,1
9653,1
9660,0
9663,0
9666,0
9668,0
9670,1
9672,0
9673,1
9677,0
9678,1
9679,0
9681,0
9682,0
9684,0
9685,1
9687,0
9689,1
9690,1
9699,1
9700,0
9701,1
9702,1
9703,1
9707,1
9709,0
9716,0
9717,0
9720,1
9723,0
9727,1
9729,1
9730,1
9731,0
9733,1
9734,0
9735,1
9742,1
9748,1
9749,1
9752,0
9755,0
9756,0
9757,0
9759,0
9760,1
9762,0
9763,0
9764,1
9765,1
9766,1
9768,0
9770,1
9771,0
9772,1
9777,0
9779,0
9781,0
9782,0
9788,0
9789,0
9792,1
9793,1
9794,0
9797,1
9798,0
9801,1
9806,0
9811,1
9814,0
9817,0
9820,1
9823,0
9824,1
9837,0
9839,0
9840,0
9841,1
9842,0
9844,1
9845,1
9847,0
9855,1
9861,1
9865,0
9869,1
9875,1
9877,0
9882,1
9885,0
9888,1
9889,1
9891,0
9893,0
9895,1
9897,1
9898,1
9900,1
9901,0
9902,0
9904,1
9906,0
9918,1
9923,0
9924,0
9926,1
9932,0
9933,1
9938,1
9940,0
9941,1
9943,0
9944,0
9946,1
9947,0
9948,1
9950,1
9953,0
9956,1
9961,0
9962,0
9963,0
9964,1
9965,0
9966,0
9967,0
9969,1
9970,1
9971,1
9975,1
9976,0
9977,1
9980,1
9981,0
9982,0
9983,0
9984,1
9985,0
9989,1
9990,0
9992,1
9994,0
9999,0
10001,0
10002,0
10004,0
10005,0
10010,1
10011,1
10012,1
10014,1
10018,0
10020,0
10026,1
10035,0
10036,0
10040,0
10043,1
10044,0
10048,1
10049,0
10050,1
10055,0
10056,0
10057,0
10058,0
10059,0
10060,0
10062,1
10066,0
10067,1
10068,0
10070,0
10073,0
10076,0
10077,1
10078,0
10079,0
10083,1
10084,0
10085,0
10095,0
10096,1
10098,0
10103,1
10104,0
10111,0
10113,1
10120,0
10121,0
10122,0
10128,1
10130,1
10136,0
10137,0
10139,1
10142,0
10144,1
10146,0
10147,1
10151,0
10154,0
10156,0
10157,1
10162,1
10163,0
10165,0
10169,1
10172,1
10175,1
10176,0
10177,0
10180,0
10184,0
10188,1
10189,0
10195,1
10197,0
10207,1
10211,0
10212,1
10213,1
10214,1
10217,0
10218,0
10223,0
10224,1
10227,1
10228,0
10233,1
10235,1
10238,1
10239,0
10240,0
10242,1
10248,1
10249,0
10251,0
10252,1
10257,1
10261,1
10267,1
10268,0
10270,0
10273,0
10274,1
10275,1
10279,1
10280,0
10281,1
10285,0
10286,0
10289,0
10290,0
10291,0
10294,0
10295,1
10298,0
10303,1
10307,0
10308,0
10310,1
10312,0
10313,0
10315,0
10317,0
10318,0
10319,0
10322,1
10323,1
10326,0
10329,1
10332,1
10335,0
10339,0
10341,0
10345,0
10352,1
10357,0
10358,1
10359,0
10360,0
10361,1
10363,1
10364,1
10365,1
10368,0
10370,0
10372,1
10373,0
10374,1
10375,0
10376,1
10379,1
10382,1
10383,0
10384,1
10386,0
10398,0
10399,0
10403,0
10405,0
10413,0
10418,0
10421,1
10422,1
10424,1
10428,1
10430,0
10432,1
10436,0
10437,0
10438,0
10439,0
10440,0
10447,0
10450,0
10451,1
10453,0
10455,0
10456,0
10462,0
10463,0
10464,0
10465,1
10466,1
10468,0
10482,1
10487,0
10488,1
10491,1
10494,1
10497,0
10501,0
10502,1
10503,0
10507,0
10510,1
10513,0
10516,1
10518,1
10519,1
10521,1
10524,0
10527,0
10528,0
10529,0
10535,1
10536,0
10543,1
10549,0
10551,1
10555,1
10559,0
10563,0
10565,1
10566,1
10568,1
10569,0
10571,1
10576,1
10578,0
10584,1
10590,0
10594,1
10596,0
10597,0
10599,1
10600,1
10601,1
10603,1
10604,0
10607,0
10608,1
10615,1
10616,0
10618,1
10621,0
10627,0
10629,0
10631,0
10632,1
10634,0
10639,0
10645,0
10648,1
10654,1
10657,1
10666,0
10673,0
10674,1
10678,1
10680,1
10682,0
10685,0
10686,1
10687,1
10688,0
10692,1
10694,0
10695,1
10697,1
10701,1
10703,1
10709,0
10711,1
10712,1
10713,1
10715,1
10720,0
10723,1
10727,1
10729,1
10731,1
10734,0
10735,0
10736,0
10737,0
10738,1
10739,0
10740,0
10741,0
10744,0
10745,1
10746,1
10747,0
10750,1
10752,1
10755,1
10756,0
10758,1
10760,1
10762,0
10766,1
10767,0
10769,1
10771,0
10772,0
10774,0
10777,1
10779,1
10782,0
10784,1
10785,0
10788,0
10790,0
10793,1
10795,1
10799,0
10804,0
10806,0
10808,0
10810,0
10816,0
10817,0
10818,1
10820,1
10825,0
10827,1
10833,0
10837,0
10839,0
10840,1
10842,0
10844,0
10848,1
10852,0
10856,0
10857,0
10858,1
10862,1
10864,0
10866,0
10872,0
10874,1
10879,1
10880,0
10882,0
10883,0
10884,0
10888,1
10889,1
10892,0
10893,1
10895,1
10901,0
10906,0
10907,0
10909,1
10912,0
10916,0
10920,1
10921,1
10927,0
10928,0
10930,1
10931,0
10932,0
10934,0
10941,0
10946,0
10947,0
10954,0
10955,0
10956,0
10960,1
10965,0
10966,1
10972,1
10973,1
10975,1
10977,1
10979,1
10982,1
10983,1
10985,1
10988,0
10990,1
10991,0
10994,0
11000,1
11002,0
11003,1
11004,0
11007,1
11012,0
11013,1
11014,0
11017,0
11020,0
11021,1
11022,0
11023,0
11025,1
11028,0
11031,1
11036,0
11039,1
11041,0
11046,1
11047,1
11050,1
11053,1
11055,0
11058,1
11062,1
11065,1
11070,0
11073,1
11080,0
11081,0
11083,1
11085,1
11087,0
11089,0
11090,0
11092,0
11093,0
11096,1
11097,1
11101,1
11107,1
11108,0
11109,0
11111,0
11112,0
11113,1
11118,1
11119,0
11123,0
11124,0
11125,1
11126,0
11130,1
11137,0
11138,1
11144,0
11145,0
11152,1
11154,1
11155,0
11156,0
11157,1
11158,0
11159,0
11160,0
11161,1
11163,0
11164,0
11168,0
11172,1
11174,1
11177,0
11180,0
11190,1
11195,0
11200,0
11203,0
11206,0
11209,1
11214,0
11215,0
11224,0
11226,0
11227,0
11228,0
11233,0
11234,1
11236,0
11237,1
11238,0
11240,1
11247,1
11248,0
11250,0
11253,0
11254,0
11255,0
11257,0
11258,1
11259,1
11261,0
11263,1
11267,1
11268,1
11270,0
11273,1
11274,1
11275,1
11276,1
11282,1
11283,0
11286,1
11288,1
11292,1
11293,1
11300,0
11302,0
11313,1
11317,1
11319,1
11323,0
11326,0
11327,0
11329,0
11332,1
11334,0
11335,0
11338,1
11340,0
11341,0
11342,0
11344,1
11345,0
11346,0
11349,1
11351,1
11353,1
11354,0
11355,0
11356,1
11359,1
11360,1
11362,0
11364,1
11365,0
11369,1
11373,1
11383,1
11385,1
11388,0
11390,0
11391,1
11393,0
11395,0
11398,1
11400,0
11401,1
11403,1
11404,0
11406,1
11411,0
11416,0
11417,0
11419,0
11420,1
11421,1
11422,0
11425,1
11426,1
11427,0
11428,1
11429,1
11432,1
11434,1
11437,1
11440,0
11441,0
11442,0
11444,0
11448,1
11452,1
11455,0
11458,0
11459,0
11460,1
11461,1
11463,1
11465,0
11466,1
11469,1
11471,1
11472,0
11475,1
11486,0
11489,0
11490,1
11496,1
11502,1
11503,0
11507,1
11508,1
11509,0
11510,0
11513,1
11519,0
11521,1
11523,1
11524,0
11525,0
11526,0
11530,0
11533,1
11535,0
11537,0
11540,1
11542,1
11545,1
11548,1
11549,0
11552,0
11554,1
11559,0
11563,0
11565,0
11566,0
11569,1
11574,1
11575,1
11576,1
11578,0
11579,0
11587,0
11594,0
11595,1
11596,1
11598,0
11604,1
11608,1
11609,0
11611,1
11612,1
11614,1
11618,0
11621,1
11622,0
11623,1
11625,0
11626,0
11627,1
11632,1
11633,1
11634,1
11635,1
11638,1
11639,0
11640,1
11642,0
11646,1
11651,1
11653,1
11655,1
11656,0
11657,0
11663,1
11666,0
11668,0
11670,1
11675,0
11678,1
11679,1
11683,1
11685,0
11686,1
11689,0
11692,0
11699,1
11702,0
11704,0
11705,1
11706,0
11708,1
11709,1
11712,1
11714,1
11717,0
11718,0
11720,0
11722,1
11724,1
11730,1
11731,1
11732,1
11734,0
11737,1
11738,1
11739,0
11745,0
11746,0
11747,0
11748,1
11749,0
11750,1
11752,1
11754,0
11756,1
11757,1
11767,0
11769,1
11770,0
11771,0
11774,0
11775,1
11776,1
11779,1
11781,1
11784,1
11785,1
11788,1
11790,0
11791,0
11793,0
11794,0
11796,0
11799,1
11800,0
11803,0
11806,0
11807,0
11811,0
11814,1
11815,0
11816,1
11821,1
11824,1
11825,1
11826,0
11828,0
11834,0
11835,1
11836,0
11838,1
11841,1
11842,0
11843,0
11844,0
11847,0
11848,0
11849,1
11853,0
11854,1
11857,1
11858,0
11859,1
11862,0
11865,0
11867,1
11871,0
11875,1
11877,1
11878,1
11880,1
11883,1
11884,0
11885,1
11886,0
11887,0
11890,0
11896,0
11899,0
11900,0
11905,0
11909,1
11910,1
11912,0
11916,1
11917,1
11919,0
11920,1
11922,1
11925,1
11926,1
11928,0
11930,1
11931,0
11932,0
11933,0
11934,1
11938,0
11939,1
11941,1
11943,1
11944,1
11945,0
11948,1
11952,1
11956,1
11959,1
11962,1
11963,0
11965,0
11969,1
11970,0
11971,1
11972,0
11973,0
11974,1
11984,0
11985,0
11986,0
11987,1
11988,1
11991,0
11995,1
11997,0
11998,0
12000,1
12001,0
12003,0
12010,0
12013,1
12014,1
12018,0
12021,0
12022,0
12027,0
12029,1
12030,1
12033,0
12036,0
12039,1
12041,1
12042,0
12043,1
12044,0
12045,0
12046,1
12048,0
12049,1
12053,1
12054,1
12056,0
12059,0
12063,0
12067,1
12069,1
12075,1
12076,0
12077,1
12078,0
12080,1
12081,1
12082,1
12083,1
12085,1
12087,1
12088,1
12091,1
12093,1
12095,1
12097,0
12101,0
12110,1
12114,1
12116,0
12120,0
12121,0
12123,1
12124,1
12126,0
12127,1
12128,1
12131,0
12136,0
12137,1
12139,1
12140,1
12145,0
12149,0
12153,0
12154,1
12156,1
12158,1
12163,0
12164,1
12165,1
12169,1
12172,0
12174,1
12176,0
12177,0
12179,0
12180,1
12183,0
12188,1
12191,1
12192,1
12193,1
12194,1
12195,0
12198,0
12199,0
12200,0
12202,0
12204,1
12205,0
12212,1
12213,0
12216,0
12217,1
12219,1
12221,1
12223,0
12224,0
12227,1
12229,0
12230,1
12232,1
12233,0
12234,1
12235,0
12240,0
12242,1
12244,1
12247,0
12249,1
12251,1
12252,0
12254,0
12258,0
12259,0
12261,0
12264,1
12266,1
12269,0
12274,0
12275,0
12276,0
12277,0
12285,1
12288,1
12291,0
12292,1
12293,1
12294,1
12295,1
12299,0
12302,1
12303,0
12304,1
12305,0
12306,0
12307,0
12310,1
12312,0
12313,0
12314,0
12315,0
12316,1
12317,1
12319,0
12322,1
12324,1
12329,1
12331,1
12333,1
12336,1
12337,1
12338,1
12339,0
12345,1
12356,0
12357,0
12358,0
12360,1
12361,1
12363,1
12370,0
12373,0
12377,0
12381,0
12382,1
12385,0
12391,0
12392,0
12395,1
12400,0
12402,1
12403,1
12404,1
12405,0
12406,1
12407,1
12408,1
12410,1
12411,0
12412,0
12413,0
12419,0
12420,0
12425,0
12428,1
12429,0
12433,1
12443,1
12446,0
12449,0
12453,0
12454,1
12455,0
12456,0
12458,0
12459,1
12464,0
12465,0
12469,1
12474,0
12478,0
12486,0
12489,1
12493,0
12495,0
12496,0
12497,1
12498,0
12501,1
12503,0
12504,0
12508,0
12511,1
12514,1
12515,0
12521,0
12524,0
12529,1
12532,0
12533,0
12537,1
12538,0
12545,0
12547,1
12552,1
12553,0
12554,0
12556,0
12558,0
12566,1
12569,0
12578,1
12580,0
12581,1
12583,1
12584,0
12585,0
12587,1
12588,1
12590,0
12591,0
12595,0
12599,0
12600,0
12603,1
12606,0
12611,0
12612,1
12614,0
12615,0
12616,0
12617,0
12618,0
12619,0
12620,1
12621,1
12628,0
12632,1
12638,1
12643,1
12648,0
12651,1
12653,1
12664,0
12667,0
12670,1
12677,1
12678,0
12679,1
12682,1
12684,1
12686,0
12689,0
12694,0
12696,1
12701,0
12702,0
12705,1
12710,0
12711,1
12713,0
12716,1
12717,0
12721,0
12722,1
12723,0
12725,0
12726,1
12729,1
12731,1
12733,0
12741,1
12743,0
12746,1
12749,1
12752,0
12760,0
12762,0
12766,0
12767,1
12773,1
12779,1
12782,1
12784,0
12786,1
12791,0
12800,1
12804,1
12806,1
12808,0
12810,0
12812,0
12816,0
12822,1
12824,1
12827,0
12829,1
12831,0
12832,0
12833,0
12836,1
12837,1
12838,1
12839,1
12845,0
12846,1
12853,1
12856,0
12857,1
12862,0
12868,1
12870,1
12875,0
12883,1
12887,0
12888,1
12889,0
12892,0
12894,1
12896,0
12899,1
12905,0
12906,0
12908,1
12909,0
12915,0
12917,1
12918,0
12921,1
12922,0
12924,1
12925,0
12927,0
12932,1
12936,0
12937,0
12938,1
12940,0
12945,0
12950,1
12952,1
12955,1
12962,1
12966,1
12969,0
12970,1
12971,1
12985,0
12986,0
12989,0
12991,0
12992,1
12994,1
12996,1
12999,0
13000,0
13003,0
13008,0
13009,0
13015,0
13017,1
13020,0
13021,0
13023,0
13024,1
13028,1
13029,0
13034,0
13036,0
13037,0
13038,0
13043,0
13045,0
13048,0
13051,0
13052,0
13053,0
13058,0
13061,1
13064,0
13066,1
13068,0
13069,0
13070,1
13071,1
13074,1
13076,1
13078,1
13079,0
13080,1
13082,0
13085,0
13091,0
13094,0
13099,0
13101,1
13102,1
13106,0
13109,0
13111,1
13112,0
13115,0
13119,1
13121,0
13123,0
13126,1
13129,0
13131,0
13135,0
13136,0
13137,0
13138,1
13139,1
13140,0
13141,0
13142,1
13143,1
13146,1
13155,1
13158,0
13159,1
13162,0
13167,1
13168,0
13171,0
13174,0
13175,1
13177,0
13180,1
13186,1
13187,0
13189,1
13191,0
13192,1
13197,0
13199,0
13204,0
13205,1
13207,1
13209,0
13213,0
13216,0
13217,1
13218,1
13220,0
13221,0
13224,0
13227,0
13229,1
13230,0
13235,0
13236,0
13237,0
13238,0
13239,1
13245,0
13248,0
13251,0
13255,1
13259,0
13260,0
13261,0
13266,0
13268,1
13270,0
13273,1
13275,1
13278,1
13281,0
13282,1
13283,1
13284,0
13285,1
13287,0
13290,0
13292,0
13294,0
13295,0
13296,0
13297,1
13299,0
13300,1
13309,0
13311,1
13312,0
13316,1
13319,0
13322,0
13323,0
13324,0
13325,1
13328,1
13329,0
13331,0
13332,0
13335,1
13336,0
13337,1
13345,0
13346,0
13349,0
13351,1
13352,1
13354,1
13355,1
13358,0
13360,1
13363,1
13364,1
13366,0
13370,1
13373,1
13374,1
13378,0
13381,0
13394,0
13395,1
13396,1
13399,1
13403,1
13405,0
13406,0
13409,0
13415,1
13419,1
13422,0
13423,1
13429,0
13431,1
13432,0
13433,1
13434,0
13435,0
13437,1
13441,0
13443,1
13446,1
13450,0
13451,0
13453,1
13458,1
13460,1
13464,0
13465,0
13470,0
13471,0
13473,0
13475,0
13478,0
13479,1
13480,0
13483,1
13484,0
13486,1
13491,0
13497,0
13503,0
13515,1
13517,0
13519,1
13524,0
13525,1
13526,0
13528,0
13530,0
13531,0
13532,0
13534,1
13536,1
13537,0
13541,1
13543,1
13547,0
13548,0
13550,1
13554,1
13556,1
13560,1
13562,1
13563,0
13564,0
13565,1
13568,1
13571,0
13574,1
13575,0
13576,0
13577,1
13579,0
13580,0
13582,0
13584,0
13590,1
13591,1
13592,0
13593,0
13597,0
13598,0
13604,0
13605,0
13606,0
13609,0
13610,1
13612,0
13614,1
13615,1
13617,0
13618,0
13621,0
13624,0
13625,0
13626,1
13628,0
13629,0
13630,0
13634,1
13640,1
13641,1
13643,1
13644,1
13645,0
13647,0
13652,0
13659,0
13660,1
13662,1
13664,1
13666,1
13671,0
13675,1
13679,1
13681,1
13686,1
13688,0
13689,1
13691,0
13692,0
13694,0
13696,0
13697,0
13704,0
13705,0
13706,0
13708,1
13709,0
13710,0
13715,1
13719,1
13721,0
13722,1
13723,1
13729,1
13734,1
13736,1
13737,0
13741,1
13742,0
13744,1
13747,0
13750,1
13756,0
13759,1
13760,1
13761,1
13762,0
13763,1
13768,0
13775,1
13776,1
13777,1
13778,0
13781,0
13782,0
13784,0
13785,0
13787,0
13789,1
13790,1
13791,0
13792,0
13793,1
13794,1
13795,1
13796,0
13797,1
13798,1
13801,0
13804,0
13807,1
13808,1
13811,1
13817,0
13819,0
13821,0
13822,0
13824,0
13825,1
13828,1
13830,1
13834,0
13835,1
13837,0
13838,0
13839,1
13840,1
13842,1
13843,0
13848,1
13850,0
13852,0
13855,1
13856,0
13858,0
13859,0
13860,0
13862,0
13867,0
13868,0
13869,1
13870,1
13872,1
13874,0
13876,1
13878,0
13882,0
13883,1
13884,0
13892,1
13897,1
13902,0
13907,1
13908,0
13911,1
13912,0
13913,1
13914,1
13915,1
13917,0
13919,1
13925,0
13929,1
13931,0
13933,1
13937,1
13944,0
13947,1
13948,0
13949,1
13950,0
13952,1
13960,0
13965,0
13966,0
13968,0
13969,0
13971,0
13972,0
13973,1
13977,0
13981,0
13985,0
13987,1
13990,1
13994,1
13996,0
13997,0
13998,1
14000,0
14001,1
14003,1
14004,0
14006,1
14010,0
14011,0
14012,1
14013,1
14015,1
14016,0
14017,0
14018,1
14020,1
14022,0
14028,1
14032,0
14033,1
14036,0
14037,0
14038,1
14042,1
14043,1
14044,0
14046,0
14047,1
14048,0
14049,0
14055,1
14057,0
14063,0
14065,1
14067,1
14069,0
14076,0
14077,0
14079,0
14081,0
14083,1
14084,1
14089,0
14093,0
14097,0
14098,0
14107,0
14109,0
14110,0
14112,0
14116,0
14122,1
14123,0
14126,0
14127,0
14129,1
14133,0
14134,0
14135,0
14138,1
14139,0
14149,0
14154,0
14155,1
14156,0
14157,0
14160,0
14162,0
14163,0
14165,0
14166,1
14170,1
14173,1
14175,1
14176,0
14177,0
14178,0
14179,0
14180,1
14181,1
14183,1
14185,0
14186,0
14187,0
14188,0
14189,0
14193,1
14198,1
14199,1
14200,0
14201,0
14203,0
14207,0
14214,1
14216,0
14218,0
14222,0
14223,1
14227,1
14228,1
14230,1
14232,0
14233,0
14236,0
14237,0
14243,0
14244,0
14245,1
14246,0
14247,0
14248,0
14257,1
14259,1
14262,1
14263,0
14267,1
14268,1
14269,1
14270,1
14275,0
14279,1
14280,1
14284,1
14287,0
14288,0
14291,1
14293,0
14296,0
14297,1
14298,1
14307,0
14309,0
14310,1
14315,0
14316,0
14317,1
14318,0
14323,0
14325,1
14326,0
14329,1
14330,0
14333,1
14351,1
14353,0
14354,0
14357,1
14361,1
14362,1
14363,1
14366,0
14367,1
14369,0
14372,1
14373,1
14374,1
14375,0
14376,0
14377,0
14378,0
14382,0
14383,0
14384,1
14385,0
14387,1
14390,1
14392,1
14394,0
14397,0
14399,1
14401,0
14402,0
14403,0
14404,0
14411,1
14414,0
14417,0
14420,1
14422,0
14423,0
14424,0
14427,0
14431,0
14432,0
14433,0
14434,0
14438,1
14442,0
14444,0
14447,1
14456,0
14459,0
14461,1
14462,0
14464,1
14467,1
14468,0
14484,0
14485,1
14487,0
14488,0
14489,0
14490,0
14491,0
14494,1
14495,0
14496,0
14500,0
14502,0
14503,1
14505,0
14507,0
14512,1
14514,1
14517,0
14518,0
14520,0
14521,1
14523,0
14524,1
14526,0
14528,1
14529,0
14535,0
14536,1
14537,0
14540,0
14545,0
14546,0
14547,1
14548,1
14549,0
14556,0
14558,1
14567,0
14569,0
14575,1
14576,1
14578,0
14580,0
14581,1
14590,0
14592,1
14593,0
14595,0
14597,1
14598,1
14603,0
14604,1
14605,1
14606,0
14608,0
14612,0
14615,0
14617,0
14618,0
14619,1
14620,0
14623,1
14624,0
14626,1
14629,1
14633,1
14634,0
14636,1
14640,0
14642,1
14645,0
14646,0
14649,0
14657,0
14658,0
14659,0
14662,1
14663,0
14665,0
14668,0
14672,1
14673,0
14676,0
14679,1
14683,0
14686,0
14689,0
14691,1
14692,1
14695,0
14696,1
14697,0
14701,0
14703,1
14709,0
14716,0
14717,0
14718,0
14721,1
14723,0
14731,0
14735,1
14741,0
14745,0
14747,1
14750,0
14751,0
14752,1
14755,1
14756,0
14759,1
14762,1
14763,0
14764,0
14765,0
14768,0
14770,0
14772,0
14773,0
14774,1
14775,1
14781,0
14783,0
14786,0
14788,1
14789,1
14793,1
14797,0
14798,1
14799,0
14805,0
14806,0
14808,0
14809,1
14810,0
14815,0
14819,0
14821,1
14822,1
14823,0
14824,1
14825,1
14830,1
14832,0
14833,1
14834,0
14835,0
14838,0
14842,0
14843,0
14845,0
14847,1
14849,0
14850,0
14852,0
14853,0
14855,0
14857,1
14865,0
14867,0
14868,0
14871,1
14877,0
14881,0
14883,1
14884,1
14886,1
14887,0
14889,0
14890,0
14892,1
14893,0
14895,1
14896,0
14909,0
14918,0
14921,1
14922,0
14926,0
14931,0
14936,1
14937,1
14938,0
14939,1
14942,1
14943,0
14946,1
14947,0
14948,1
14958,0
14962,1
14963,0
14964,0
14970,0
14975,1
14977,0
14982,0
14983,1
14992,1
14993,0
14994,0
15002,1
15003,1
15005,0
15006,0
15010,0
15014,0
15018,1
15020,0
15021,0
15023,1
15024,0
15031,1
15033,0
15034,0
15035,0
15036,0
15037,0
15038,1
15040,0
15041,0
15042,0
15044,1
15046,0
15049,1
15051,1
15054,0
15056,1
15057,1
15059,0
15060,1
15063,0
15064,1
15065,1
15068,0
15070,1
15071,0
15074,1
15075,1
15079,0
15081,0
15083,1
15084,0
15085,1
15086,0
15087,0
15089,0
15092,0
15097,0
15099,0
15100,0
15103,1
15104,0
15105,0
15106,0
15110,1
15111,1
15112,1
15113,0
15114,1
15119,1
15120,0
15121,0
15122,0
15125,1
15129,1
15135,1
15139,1
15145,1
15146,0
15147,1
15149,1
15150,0
15155,1
15156,0
15157,0
15163,0
15164,0
15165,0
15168,1
15170,1
15174,1
15181,0
15182,1
15184,0
15190,1
15194,0
15201,1
15202,0
15203,0
15206,1
15209,0
15210,1
15213,0
15214,0
15217,1
15222,1
15225,1
15227,0
15231,0
15237,0
15239,0
15240,0
15243,0
15244,0
15245,0
15248,0
15250,0
15255,0
15258,1
15265,0
15268,0
15269,0
15270,1
15271,0
15272,1
15275,1
15277,0
15279,1
15280,1
15284,1
15285,0
15290,0
15292,1
15293,1
15295,0
15296,0
15299,0
15301,1
15307,1
15308,0
15310,0
15317,1
15320,0
15321,0
15323,0
15326,0
15327,1
15328,1
15329,1
15330,0
15333,1
15334,1
15338,0
15341,0
15344,0
15347,1
15353,1
15356,0
15358,0
15359,0
15361,1
15362,0
15364,0
15367,0
15376,0
15378,0
15381,1
15382,0
15383,0
15384,0
15386,0
15387,1
15389,1
15390,0
15392,1
15395,0
15399,0
15400,0
15403,0
15407,0
15409,0
15412,0
15414,1
15415,1
15416,1
15418,1
15419,0
15420,1
15422,0
15424,1
15425,0
15426,1
15427,0
15431,1
15436,0
15437,0
15438,1
15442,0
15443,1
15444,0
15445,1
15446,1
15448,1
15449,1
15450,0
15455,0
15458,0
15459,1
15471,1
15473,1
15475,0
15476,0
15477,0
15479,0
15480,0
15481,0
15483,1
15485,1
15486,0
15487,0
15493,0
15502,1
15503,1
15504,1
15506,0
15509,1
15511,1
15512,0
15513,1
15514,1
15521,0
15525,1
15526,1
15527,0
15528,0
15529,1
15532,1
15534,0
15542,0
15550,0
15554,0
15557,1
15560,1
15563,0
15566,1
15568,1
15570,0
15573,0
15575,0
15577,0
15580,0
15582,0
15584,1
15585,0
15586,0
15589,0
15590,1
15592,0
15594,0
15595,1
15598,0
15600,0
15601,0
15602,0
15604,0
15607,0
15611,0
15626,0
15635,0
15638,1
15639,1
15641,1
15642,1
15643,1
15646,0
15647,0
15648,1
15649,1
15650,0
15651,0
15656,1
15660,1
15661,1
15663,1
15666,0
15667,0
15669,0
15673,0
15677,1
15681,0
15683,0
15686,0
15687,0
15690,0
15691,1
15694,0
15696,0
15698,0
15702,1
15703,0
15705,1
15707,1
15712,1
15713,0
15714,1
15717,1
15718,1
15721,1
15722,1
15724,1
15725,0
15727,0
15729,1
15730,0
15732,0
15733,0
15734,1
15736,0
15738,1
15739,1
15741,0
15743,0
15745,0
15746,0
15748,1
15749,0
15757,1
15759,1
15760,0
15767,0
15768,1
15769,0
15770,1
15771,0
15772,0
15774,1
15777,0
15785,1
15788,0
15793,1
15794,0
15795,0
15798,0
15799,1
15800,1
15805,1
15806,1
15809,1
15812,0
15813,0
15817,0
15818,0
15820,0
15826,0
15835,0
15845,0
15852,0
15853,1
15854,1
15856,0
15858,1
15862,0
15863,0
15866,0
15867,1
15868,1
15870,0
15879,0
15881,0
15882,0
15883,1
15884,0
15885,0
15888,1
15889,1
15892,1
15896,1
15901,0
15903,0
15905,0
15906,0
15910,0
15914,0
15915,1
15917,0
15918,0
15924,0
15925,0
15928,0
15934,0
15935,0
15937,0
15942,0
15943,1
15945,0
15949,1
15957,0
15958,1
15961,0
15965,0
15966,0
15967,0
15968,0
15969,1
15970,0
15971,0
15974,1
15975,1
15979,1
15986,1
15988,1
15990,1
15993,1
15995,0
15999,1
16001,0
16004,1
16005,1
16010,1
16011,0
16012,1
16014,0
16015,1
16016,0
16023,1
16027,0
16029,0
16030,1
16036,1
16037,1
16040,0
16044,0
16046,1
16048,0
16050,1
16053,0
16056,1
16057,1
16058,1
16060,1
16061,0
16062,1
16063,1
16066,1
16068,1
16071,0
16075,1
16079,0
16080,0
16083,1
16086,1
16088,1
16090,0
16099,1
16101,0
16105,0
16108,0
16109,1
16110,1
16114,0
16115,1
16119,1
16120,1
16121,1
16122,0
16123,1
16125,0
16126,1
16128,0
16131,0
16135,0
16136,1
16137,1
16138,0
16140,1
16141,0
16146,1
16148,1
16149,0
16150,1
16151,0
16154,0
16156,0
16157,0
16159,1
16160,0
16162,0
16166,0
16171,1
16173,1
16174,0
16175,0
16176,0
16179,1
16181,1
16183,0
16184,1
16186,0
16187,0
16188,1
16189,0
16191,0
16193,0
16196,1
16198,0
16199,1
16202,0
16204,1
16208,1
16209,1
16210,1
16211,0
16214,0
16215,1
16218,1
16224,0
16226,0
16229,1
16234,0
16235,0
16238,0
16249,0
16250,1
16253,1
16258,1
16262,1
16263,1
16265,0
16267,1
16268,1
16272,1
16273,1
16278,1
16279,0
16280,1
16282,1
16283,1
16284,1
16286,1
16287,1
16289,0
16290,1
16291,0
16295,0
16296,1
16300,0
16302,1
16303,1
16304,0
16305,1
16310,0
16312,1
16313,0
16314,1
16317,0
16318,1
16319,0
16320,0
16322,1
16324,0
16325,1
16326,0
16328,1
16330,0
16333,0
16335,1
16336,0
16337,1
16338,1
16340,1
16343,1
16344,0
16346,0
16348,1
16358,1
16365,1
16366,1
16370,1
16371,0
16377,1
16379,1
16380,0
16381,0
16383,0
16384,1
16385,0
16386,1
16387,1
16388,0
16392,0
16393,0
16396,1
16398,1
16400,0
16403,1
16405,1
16407,1
16412,0
16415,1
16418,0
16419,1
16422,0
16426,0
16429,1
16431,1
16432,0
16438,0
16440,1
16441,1
16444,0
16445,1
16447,0
16448,1
16449,0
16450,1
16451,0
16452,0
16455,0
16458,0
16460,0
16461,1
16463,0
16472,1
16473,1
16474,1
16475,1
16478,0
16481,0
16482,1
16483,0
16485,1
16486,1
16488,0
16492,1
16493,0
16497,1
16498,1
16499,1
16501,1
16504,0
16507,0
16510,1
16511,1
16512,0
16516,1
16518,0
16520,0
16524,1
16527,0
16529,1
16531,1
16532,1
16535,0
16536,1
16537,1
16538,0
16540,0
16541,1
16543,1
16546,1
16547,1
16549,1
16550,1
16553,0
16554,0
16559,0
16560,1
16561,1
16562,1
16564,0
16568,1
16569,1
16570,0
16573,1
16575,1
16577,0
16578,0
16582,1
16583,1
16584,0
16590,0
16594,0
16595,1
16598,1
16599,0
16603,1
16606,0
16612,0
16614,1
16616,1
16618,1
16620,0
16622,0
16624,0
16626,1
16627,1
16628,0
16634,0
16636,1
16641,1
16642,1
16643,1
16644,0
16646,1
16656,1
16657,1
16661,0
16665,1
16666,1
16668,0
16669,0
16672,1
16680,1
16681,0
16682,0
16683,0
16686,0
16687,0
16690,0
16691,1
16692,1
16693,1
16694,0
16695,1
16697,1
16699,1
16701,1
16703,0
16709,0
16711,0
16712,1
16714,0
16715,0
16716,0
16717,0
16718,0
16719,1
16722,0
16733,1
16734,0
16735,1
16736,0
16737,1
16739,0
16741,1
16742,1
16745,0
16748,0
16752,0
16753,0
16755,1
16756,1
16758,0
16759,0
16762,0
16763,0
16764,0
16767,1
16769,0
16772,1
16778,1
16779,0
16780,0
16782,1
16784,1
16788,0
16791,0
16796,0
16797,0
16799,1
16800,0
16805,1
16807,1
16808,1
16811,0
16815,0
16820,0
16823,0
16824,0
16826,0
16828,0
16831,0
16835,0
16837,1
16839,0
16842,1
16845,0
16851,1
16854,1
16857,1
16861,0
16863,0
16867,0
16869,1
16871,0
16872,1
16874,1
16875,0
16878,0
16879,1
16880,0
16883,1
16886,0
16887,0
16891,1
16892,0
16895,0
16896,0
16897,0
16899,0
16901,1
16902,0
16906,1
16911,1
16919,0
16920,1
16926,1
16927,0
16929,1
16930,0
16932,1
16933,1
16934,1
16937,0
16938,0
16940,1
16942,0
16945,0
16946,0
16948,1
16952,0
16959,1
16963,1
16964,1
16965,1
16967,0
16977,0
16979,0
16985,0
16990,1
16992,1
16993,0
16994,0
16996,1
17001,1
17002,0
17004,0
17005,0
17006,0
17008,0
17016,0
17020,0
17021,1
17022,1
17023,0
17025,0
17027,0
17031,0
17032,1
17038,0
17039,1
17043,1
17044,1
17045,0
17047,1
17048,0
17049,1
17051,0
17055,0
17056,1
17057,1
17058,0
17061,1
17062,1
17066,0
17068,0
17069,0
17072,0
17073,0
17075,1
17080,0
17081,0
17082,1
17084,0
17088,0
17089,1
17092,1
17094,1
17095,1
17096,0
17101,0
17102,1
17104,0
17107,0
17108,1
17109,1
17110,1
17115,0
17116,0
17118,1
17119,1
17122,0
17123,1
17128,1
17129,0
17130,0
17131,0
17134,1
17136,0
17137,1
17138,0
17142,0
17147,0
17148,1
17149,0
17150,1
17151,1
17152,0
17154,0
17155,1
17156,0
17159,1
17161,0
17162,1
17166,0
17167,0
17169,1
17172,0
17174,0
17176,1
17177,0
17180,0
17187,1
17188,1
17191,0
17194,0
17195,1
17197,1
17198,0
17199,1
17209,1
17211,1
17214,1
17215,0
17218,1
17219,1
17222,1
17223,0
17224,1
17229,1
17232,0
17236,1
17237,0
17240,0
17242,1
17245,1
17246,0
17248,1
17249,1
17253,0
17256,0
17258,0
17261,0
17262,1
17264,0
17266,0
17268,0
17269,0
17272,1
17275,0
17278,0
17281,1
17284,0
17287,1
17288,1
17289,0
17290,0
17291,1
17293,0
17296,1
17297,0
17299,0
17301,0
17302,1
17306,0
17307,1
17308,0
17310,0
17314,0
17315,1
17316,0
17321,1
17323,0
17325,1
17333,1
17336,0
17339,0
17341,1
17343,0
17345,0
17346,1
17348,0
17349,1
17352,1
17363,1
17364,1
17371,0
17377,0
17379,1
17380,0
17389,1
17391,1
17395,1
17396,1
17397,1
17399,0
17400,0
17401,1
17403,1
17404,0
17411,0
17418,0
17419,0
17420,0
17422,1
17423,1
17427,1
17428,1
17429,0
17431,1
17433,1
17434,1
17435,1
17442,1
17446,1
17460,1
17461,1
17462,0
17465,1
17466,0
17467,1
17468,1
17476,1
17478,0
17479,1
17482,0
17490,1
17492,0
17493,0
17495,0
17496,1
17498,0
17499,0
17500,1
17502,0
17503,1
17505,0
17506,1
17508,1
17509,1
17510,1
17514,1
17516,1
17518,0
17523,1
17524,0
17527,1
17529,0
17531,1
17533,0
17535,1
17537,1
17540,1
17545,1
17548,1
17550,1
17551,0
17556,0
17560,0
17563,0
17566,0
17570,1
17572,1
17578,0
17580,1
17584,0
17586,1
17589,0
17590,0
17591,0
17592,1
17598,0
17600,0
17605,0
17611,1
17612,1
17617,0
17618,0
17619,0
17621,0
17626,1
17627,1
17632,0
17633,0
17634,1
17635,1
17640,1
17642,1
17643,0
17650,1
17652,1
17653,1
17654,0
17656,1
17657,1
17660,0
17663,1
17667,1
17670,0
17673,1
17680,0
17682,0
17683,1
17685,0
17687,1
17688,1
17690,1
17691,1
17693,1
17699,0
17701,1
17703,0
17704,0
17705,1
17709,1
17710,1
17713,0
17714,1
17715,1
17720,0
17724,0
17726,0
17727,1
17729,0
17736,1
17737,1
17738,1
17741,0
17742,0
17743,0
17746,1
17747,0
17749,1
17751,1
17757,1
17760,0
17761,0
17766,0
17769,0
17770,1
17771,1
17773,1
17775,0
17776,0
17779,0
17781,1
17782,0
17784,1
17789,1
17795,1
17797,0
17799,0
17803,1
17804,0
17806,0
17809,1
17812,1
17813,1
17816,0
17817,1
17818,1
17819,0
17820,0
17821,0
17828,0
17829,0
17833,1
17834,1
17837,0
17839,1
17841,1
17843,0
17849,1
17850,1
17852,0
17854,0
17855,1
17857,1
17863,1
17867,0
17869,0
17870,1
17872,0
17879,1
17881,1
17884,1
17887,0
17888,1
17889,0
17892,1
17893,0
17894,1
17899,1
17905,0
17906,1
17908,1
17909,1
17910,1
17911,1
17915,0
17925,0
17931,0
17933,1
17934,1
17936,1
17940,1
17941,0
17944,1
17945,1
17948,1
17952,1
17960,0
17964,0
17970,0
17971,0
17973,0
17978,1
17981,1
17984,1
17985,0
17986,1
17987,0
17990,0
17994,0
17995,0
18000,1
18001,1
18002,1
18005,0
18007,0
18008,1
18010,1
18013,1
18014,1
18016,0
18017,0
18018,0
18026,1
18027,1
18028,1
18031,1
18035,0
18036,0
18038,1
18045,1
18046,0
18047,0
18049,0
18050,1
18051,1
18054,0
18057,0
18058,0
18059,0
18061,1
18062,1
18067,0
18068,0
18070,1
18075,1
18078,1
18079,1
18080,1
18081,0
18086,0
18087,0
18088,0
18092,1
18102,1
18103,1
18105,1
18106,0
18107,0
18109,0
18116,0
18117,0
18118,1
18124,1
18125,0
18127,1
18128,0
18130,0
18131,1
18136,1
18137,0
18138,0
18140,0
18143,1
18149,0
18151,0
18152,0
18153,0
18156,0
18157,1
18158,1
18160,0
18161,1
18162,0
18164,1
18165,0
18166,0
18167,1
18168,1
18170,1
18172,0
18177,0
18178,0
18180,1
18187,0
18188,1
18191,1
18192,1
18193,0
18194,1
18202,0
18204,0
18205,0
18207,1
18208,1
18210,0
18216,0
18218,1
18220,0
18229,0
18233,0
18234,0
18242,0
18243,1
18244,0
18250,1
18251,0
18259,1
18262,1
18267,1
18269,1
18270,0
18273,1
18274,0
18276,0
18280,0
18281,1
18285,1
18287,0
18288,1
18290,1
18292,1
18298,0
18301,1
18304,1
18315,1
18317,0
18321,0
18326,1
18329,0
18334,1
18335,0
18336,0
18339,1
18346,1
18347,0
18348,1
18349,1
18350,1
18352,1
18354,0
18357,1
18359,0
18362,1
18363,1
18364,0
18365,0
18370,0
18379,1
18380,0
18386,1
18387,1
18389,1
18390,0
18393,0
18396,0
18397,0
18399,1
18401,0
18404,0
18412,1
18413,1
18414,0
18417,1
18418,1
18426,0
18435,0
18437,0
18438,0
18440,1
18441,0
18445,0
18446,0
18451,1
18456,1
18458,0
18461,0
18462,0
18463,0
18464,0
18467,1
18472,1
18475,0
18477,1
18483,0
18484,0
18488,1
18490,0
18492,1
18496,0
18498,0
18499,0
18501,1
18502,0
18506,1
18509,0
18510,1
18511,1
18512,1
18513,0
18518,1
18524,1
18526,0
18529,0
18532,1
18533,0
18534,0
18535,1
18536,0
18537,1
18538,1
18543,1
18545,0
18548,0
18550,0
18551,0
18552,1
18554,1
18556,1
18557,0
18558,1
18560,0
18561,0
18562,1
18569,0
18571,0
18572,0
18579,0
18582,0
18583,0
18584,0
18586,1
18587,1
18588,1
18594,1
18596,1
18598,0
18599,0
18600,1
18601,0
18606,1
18607,1
18609,0
18610,1
18611,0
18614,0
18621,1
18627,0
18630,0
18632,0
18633,0
18635,1
18636,0
18637,1
18639,1
18642,0
18644,0
18647,1
18648,0
18651,1
18653,0
18654,0
18658,0
18664,0
18665,0
18667,1
18668,0
18669,1
18670,0
18675,0
18676,1
18679,0
18680,0
18688,0
18689,0
18691,1
18692,1
18693,1
18695,1
18696,0
18698,0
18703,1
18704,1
18705,0
18711,1
18713,0
18717,0
18720,1
18724,1
18726,0
18728,1
18730,1
18731,0
18733,0
18737,0
18746,1
18747,1
18749,0
18750,0
18753,0
18754,1
18755,0
18758,0
18759,1
18760,0
18762,1
18763,0
18764,1
18765,0
18767,1
18769,0
18770,1
18774,0
18777,0
18782,0
18785,0
18786,0
18788,0
18789,1
18791,1
18792,0
18801,0
18804,1
18812,0
18813,0
18814,0
18819,0
18821,0
18824,1
18830,1
18832,0
18844,1
18854,0
18855,1
18856,0
18858,0
18864,0
18865,1
18866,0
18867,1
18868,0
18869,1
18870,1
18871,0
18873,0
18875,1
18877,1
18879,1
18881,1
18883,0
18884,1
18887,0
18889,0
18890,0
18896,1
18904,1
18906,0
18908,0
18909,0
18912,1
18919,0
18920,0
18922,0
18923,1
18925,0
18930,1
18934,1
18935,0
18938,0
18941,1
18943,1
18947,0
18949,1
18950,0
18958,1
18964,1
18966,0
18970,1
18974,0
18976,0
18977,0
18978,1
18983,1
18989,0
18994,1
18995,0
18996,0
19000,0
19002,0
19004,1
19005,0
19007,1
19008,0
19014,1
19015,0
19024,1
19027,0
19028,0
19030,1
19032,1
19035,1
19036,1
19042,1
19043,1
19044,1
19046,0
19047,1
19053,1
19054,0
19057,1
19059,0
19062,1
19063,0
19064,0
19066,0
19069,1
19073,0
19075,1
19077,0
19078,0
19079,1
19080,0
19084,1
19085,0
19086,0
19089,0
19094,0
19097,0
19098,1
19102,0
19106,0
19109,0
19113,1
19115,0
19117,0
19120,0
19121,0
19124,0
19126,0
19129,0
19134,0
19141,0
19143,0
19144,0
19147,0
19149,1
19153,0
19156,0
19157,1
19158,0
19159,0
19163,1
19166,0
19167,1
19169,0
19170,1
19171,0
19179,1
19181,0
19188,1
19191,0
19192,1
19193,1
19194,0
19196,1
19197,1
19198,1
19202,0
19205,1
19206,1
19207,1
19209,1
19210,0
19213,0
19215,0
19216,1
19217,1
19225,1
19227,1
19228,0
19229,1
19230,1
19231,0
19232,0
19236,0
19240,0
19244,1
19246,1
19249,0
19250,1
19251,1
19252,0
19256,0
19260,1
19263,0
19265,1
19267,1
19268,1
19270,0
19276,0
19277,1
19279,1
19281,0
19285,0
19287,0
19291,1
19292,1
19293,1
19295,1
19298,0
19299,1
19301,0
19302,1
19305,0
19308,0
19309,1
19310,1
19316,1
19317,0
19324,1
19325,0
19327,1
19328,0
19329,1
19330,0
19334,0
19337,0
19339,1
19340,0
19341,1
19345,0
19350,0
19353,0
19354,1
19357,1
19359,0
19361,1
19362,1
19364,0
19365,0
19370,0
19372,0
19373,1
19375,0
19377,0
19378,1
19380,0
19383,1
19384,1
19387,0
19388,1
19389,0
19390,0
19391,1
19392,0
19395,1
19396,0
19397,1
19399,0
19404,1
19407,0
19411,0
19415,1
19416,0
19417,1
19418,0
19420,1
19421,0
19422,0
19423,1
19424,1
19426,1
19427,0
19428,0
19429,0
19434,0
19440,0
19446,0
19447,1
19450,0
19452,0
19456,1
19459,1
19462,1
19463,1
19465,0
19467,0
19468,0
19471,0
19472,1
19475,1
19477,0
19480,1
19482,0
19491,0
19493,0
19496,0
19498,0
19499,0
19501,0
19506,0
19507,0
19513,0
19514,0
19515,0
19517,1
19524,1
19530,1
19539,0
19540,0
19543,1
19544,0
19545,1
19546,0
19547,1
19550,0
19551,1
19552,0
19556,0
19557,0
19560,1
19561,1
19564,0
19568,1
19573,0
19574,0
19576,0
19579,1
19590,1
19593,0
19594,1
19600,0
19607,0
19610,0
19616,0
19619,1
19620,0
19626,0
19628,0
19635,1
19638,0
19639,1
19645,0
19646,1
19648,1
19649,0
19652,0
19653,1
19656,0
19660,0
19668,1
19669,1
19670,1
19673,1
19676,0
19678,0
19684,0
19685,0
19688,0
19694,0
19695,0
19699,0
19700,1
19701,0
19703,1
19707,1
19708,0
19715,1
19716,0
19721,0
19722,0
19727,0
19728,1
19729,0
19730,0
19731,0
19734,0
19736,0
19738,0
19745,1
19748,1
19752,1
19753,1
19754,1
19755,1
19760,0
19766,0
19769,0
19771,0
19772,0
19773,1
19776,0
19779,1
19780,0
19782,1
19784,0
19788,0
19791,0
19793,0
19794,0
19797,0
19798,0
19800,0
19802,0
19805,1
19806,0
19807,0
19810,0
19811,1
19813,1
19814,0
19818,1
19820,0
19823,1
19824,0
19827,1
19834,0
19840,1
19842,0
19846,1
19847,1
19849,1
19850,0
19851,1
19852,0
19853,0
19862,0
19863,0
19867,1
19868,0
19871,1
19872,0
19879,0
19883,1
19894,0
19895,1
19897,1
19902,0
19907,1
19908,1
19909,1
19911,1
19912,0
19914,0
19916,0
19918,0
19919,1
19920,0
19923,0
19924,1
19926,0
19927,0
19932,0
19933,1
19935,0
19937,0
19938,0
19939,0
19942,0
19947,0
19948,1
19952,1
19957,1
19958,0
19961,1
19962,1
19968,0
19971,1
19973,1
19977,0
19981,1
19982,0
19984,0
19987,0
19992,0
19993,0
19994,1
19995,0
20003,1
20006,1
20007,1
20008,0
20010,1
20014,1
20017,0
20018,0
20020,1
20021,1
20023,0
20024,1
20025,0
20026,1
20028,0
20029,0
20032,0
20033,0
20038,0
20043,0
20046,1
20047,0
20048,0
20049,0
20054,0
20055,1
20058,0
20059,1
20062,0
20063,1
20067,1
20068,0
20071,0
20075,1
20076,0
20078,1
20083,0
20085,1
20087,0
20093,0
20094,1
20095,0
20098,1
20102,1
20106,1
20108,0
20109,0
20113,0
20114,1
20116,1
20117,0
20119,1
20130,1
20132,0
20133,0
20134,1
20136,1
20140,0
20144,0
20147,1
20156,0
20157,1
20159,0
20165,1
20167,0
20169,1
20170,0
20171,1
20173,0
20174,0
20176,0
20178,1
20179,1
20180,0
20185,1
20189,0
20190,0
20196,1
20198,1
20199,1
20200,1
20203,1
20204,0
20205,1
20210,1
20216,1
20221,1
20229,0
20231,1
20234,0
20240,0
20241,1
20244,0
20245,1
20247,1
20255,0
20258,0
20259,0
20260,0
20262,0
20265,1
20266,0
20267,0
20269,0
20272,0
20273,1
20274,0
20275,1
20281,0
20289,1
20291,1
20292,1
20294,0
20297,1
20299,1
20302,0
20305,0
20308,0
20315,0
20316,0
20318,0
20320,0
20324,0
20325,1
20326,1
20327,1
20328,1
20329,1
20333,1
20335,1
20337,1
20340,0
20341,0
20342,1
20346,0
20348,1
20352,0
20354,1
20356,1
20357,0
20358,0
20360,0
20362,1
20363,0
20367,0
20368,0
20371,0
20373,0
20374,1
20377,0
20378,1
20379,0
20380,0
20382,1
20384,0
20390,1
20391,0
20392,0
20394,0
20398,1
20402,1
20407,1
20412,1
20414,1
20418,0
20419,1
20420,1
20421,0
20422,1
20430,1
20432,0
20434,0
20441,0
20442,1
20445,1
20446,1
20447,1
20449,1
20451,0
20455,0
20456,0
20460,1
20464,0
20465,0
20466,1
20468,0
20470,0
20475,1
20476,1
20478,1
20480,0
20481,0
20484,0
20489,0
20490,1
20494,1
20495,0
20498,0
20502,0
20510,1
20512,0
20516,0
20519,0
20522,1
20523,1
20526,1
20529,1
20531,0
20532,0
20533,1
20541,0
20545,0
20550,1
20554,0
20555,1
20561,0
20566,0
20568,0
20569,1
20571,1
20581,1
20582,0
20583,0
20590,0
20591,1
20592,0
20594,0
20595,1
20596,0
20600,1
20601,0
20603,1
20612,1
20616,0
20619,1
20622,0
20624,0
20631,0
20632,0
20641,1
20642,0
20644,0
20648,0
20654,0
20655,0
20658,1
20662,0
20663,1
20664,1
20667,0
20669,0
20672,1
20676,0
20678,1
20681,0
20686,1
20689,0
20691,1
20697,1
20699,1
20702,0
20703,1
20709,0
20715,1
20716,1
20723,0
20726,0
20738,0
20740,0
20741,1
20742,0
20746,0
20747,0
20748,0
20749,0
20750,1
20752,0
20754,1
20756,1
20759,0
20761,1
20762,0
20763,1
20774,1
20775,0
20781,0
20783,1
20790,0
20795,0
20799,0
20800,0
20802,0
20803,0
20805,1
20811,0
20812,0
20814,1
20817,1
20818,1
20819,1
20821,0
20822,0
20823,0
20826,0
20827,0
20830,1
20832,0
20835,0
20838,0
20841,0
20843,0
20845,0
20846,0
20847,0
20849,0
20853,0
20860,1
20861,1
20863,0
20865,1
20866,0
20868,1
20872,1
20873,1
20878,1
20879,0
20880,0
20882,1
20886,0
20891,0
20892,1
20900,0
20901,0
20902,0
20905,0
20906,1
20908,1
20910,0
20913,1
20915,1
20919,0
20921,1
20924,1
20926,1
20928,0
20930,1
20932,1
20933,0
20935,0
20936,0
20939,0
20940,0
20942,0
20945,1
20947,0
20949,1
20950,1
20953,1
20955,1
20958,1
20963,0
20964,0
20965,0
20973,1
20974,1
20979,0
20983,1
20984,1
20988,0
20989,0
20991,0
20995,1
20996,0
21000,1
21002,1
21004,0
21005,0
21006,0
21012,1
21014,1
21015,0
21016,0
21028,1
21034,1
21036,0
21037,0
21038,1
21042,1
21043,1
21046,0
21049,0
21055,1
21059,0
21062,1
21066,0
21068,0
21075,0
21077,0
21082,1
21083,1
21085,0
21086,0
21087,0
21088,0
21090,0
21100,1
21102,1
21105,1
21115,0
21124,0
21129,0
21132,0
21135,1
21139,1
21140,0
21142,0
21145,0
21148,1
21151,1
21155,1
21159,0
21160,1
21161,0
21162,0
21168,1
21169,0
21171,1
21174,0
21175,1
21177,0
21178,1
21180,0
21182,1
21183,1
21184,0
21185,0
21188,0
21191,1
21192,1
21193,1
21195,0
21196,0
21198,1
21199,0
21200,1
21206,1
21208,1
21213,0
21215,0
21217,0
21219,0
21220,0
21223,0
21228,0
21231,0
21237,1
21239,0
21242,0
21244,1
21250,1
21257,1
21258,1
21261,0
21267,0
21270,1
21271,1
21272,1
21274,1
21284,1
21286,1
21287,1
21288,1
21289,0
21293,0
21294,0
21298,1
21299,0
21302,0
21306,0
21307,1
21315,1
21316,1
21320,0
21321,1
21322,1
21326,1
21328,1
21331,1
21335,0
21338,0
21340,0
21344,0
21345,0
21347,1
21349,0
21351,1
21353,1
21355,0
21356,0
21358,0
21359,1
21361,0
21364,0
21367,1
21368,1
21372,1
21373,1
21376,1
21377,0
21378,1
21380,1
21382,0
21384,1
21385,1
21387,0
21389,1
21391,1
21392,0
21395,1
21398,0
21402,0
21403,0
21405,0
21406,1
21407,0
21410,1
21416,1
21417,0
21424,0
21426,1
21428,1
21429,1
21432,0
21433,0
21434,1
21437,0
21441,0
21443,0
21444,1
21446,0
21454,0
21455,0
21456,1
21457,1
21459,0
21460,0
21461,1
21462,0
21463,1
21465,0
21466,1
21467,1
21468,1
21469,1
21471,1
21477,1
21478,0
21480,1
21481,1
21486,1
21489,0
21490,0
21498,1
21500,0
21502,1
21505,1
21508,1
21509,0
21512,1
21515,0
21519,0
21520,1
21525,0
21526,0
21531,0
21536,0
21538,1
21541,1
21543,0
21544,0
21549,0
21550,0
21554,1
21555,1
21556,1
21558,1
21559,1
21562,1
21563,1
21567,0
21569,1
21571,1
21572,1
21575,1
21578,0
21580,0
21581,1
21582,1
21585,1
21588,0
21591,1
21592,1
21594,1
21596,0
21597,1
21598,0
21600,1
21601,1
21602,1
21605,0
21606,1
21607,0
21608,0
21609,0
21611,1
21613,0
21614,0
21616,1
21618,1
21620,1
21621,0
21622,1
21624,0
21626,0
21629,1
21632,0
21633,1
21634,0
21640,0
21641,0
21642,1
21644,0
21647,0
21648,1
21650,0
21652,1
21653,1
21657,1
21662,1
21667,0
21672,0
21673,0
21675,0
21677,0
21678,1
21680,0
21681,0
21682,0
21683,1
21685,0
21690,0
21699,0
21704,0
21705,0
21708,0
21710,1
21711,1
21713,1
21717,0
21723,0
21727,1
21738,0
21739,1
21740,0
21742,0
21743,0
21745,1
21747,0
21748,0
21756,1
21757,0
21758,0
21760,0
21761,0
21762,1
21764,1
21769,1
21773,1
21774,1
21778,1
21781,1
21782,1
21783,1
21784,0
21788,1
21791,1
21792,1
21795,0
21796,1
21797,1
21798,0
21799,0
21801,1
21803,1
21805,1
21806,0
21811,0
21812,0
21813,1
21818,0
21821,1
21823,0
21824,0
21825,1
21830,0
21833,0
21835,0
21838,0
21842,1
21843,1
21845,0
21846,0
21847,1
21848,1
21849,1
21850,0
21851,0
21852,0
21855,1
21857,0
21864,1
21865,0
21867,1
21868,0
21869,1
21879,1
21884,1
21885,1
21886,1
21887,0
21888,0
21892,0
21894,0
21896,1
21897,1
21898,0
21900,1
21901,1
21902,1
21903,0
21905,1
21907,0
21908,1
21910,0
21911,1
21913,1
21917,1
21921,0
21922,1
21924,1
21927,0
21929,1
21932,1
21940,0
21944,1
21947,1
21949,0
21950,1
21955,1
21958,1
21963,0
21966,0
21969,1
21972,0
21975,0
21977,0
21979,1
21981,1
21984,0
21987,1
21988,1
21991,0
21993,1
21995,1
21997,1
22001,1
22002,0
22003,0
22004,0
22009,1
22012,1
22014,0
22015,0
22016,0
22019,0
22020,1
22022,1
22025,1
22030,1
22031,0
22034,1
22038,0
22040,1
22044,0
22046,1
22048,1
22049,0
22050,1
22053,0
22055,1
22056,0
22059,1
22062,1
22065,1
22073,1
22074,1
22076,0
22085,1
22090,0
22091,1
22092,0
22093,0
22095,1
22098,1
22099,1
22100,0
22102,1
22103,0
22107,1
22108,0
22109,0
22115,0
22121,0
22122,0
22124,1
22127,1
22132,0
22133,0
22135,0
22138,0
22142,0
22143,0
22145,0
22150,0
22151,1
22154,0
22161,0
22166,0
22167,1
22169,0
22171,0
22173,0
22175,1
22176,1
22179,0
22181,0
22184,1
22185,1
22187,0
22188,1
22189,0
22190,1
22192,0
22195,1
22196,1
22202,1
22203,0
22205,1
22206,0
22210,0
22211,0
22212,0
22213,1
22216,0
22219,1
22220,0
22221,0
22224,0
22225,0
22226,0
22227,1
22229,0
22230,0
22233,0
22236,0
22237,0
22238,0
22247,0
22248,0
22254,1
22260,0
22266,0
22267,1
22269,0
22271,0
22272,1
22279,0
22280,0
22286,1
22289,1
22290,0
22292,1
22296,0
22300,1
22302,1
22306,0
22308,0
22310,1
22311,1
22313,0
22315,0
22320,0
22321,0
22322,1
22328,0
22330,1
22331,1
22333,0
22337,0
22339,0
22340,0
22343,0
22351,0
22355,0
22357,0
22358,0
22362,0
22363,1
22364,1
22365,0
22366,0
22369,1
22375,0
22376,0
22384,0
22385,1
22392,1
22393,1
22395,1
22396,1
22398,0
22399,0
22400,0
22402,0
22403,1
22405,1
22406,1
22407,0
22411,0
22413,1
22416,0
22418,0
22425,0
22427,1
22432,1
22443,0
22446,0
22452,0
22454,1
22455,1
22456,0
22457,0
22459,0
22462,0
22463,0
22465,0
22468,0
22469,0
22471,0
22474,0
22475,0
22478,0
22479,1
22486,0
22488,0
22491,0
22496,1
22497,0
22498,0
22502,1
22504,0
22505,1
22506,1
22511,1
22512,0
22515,1
22520,1
22526,1
22527,0
22530,0
22531,1
22532,0
22535,0
22537,0
22538,0
22539,0
22544,0
22545,0
22548,0
22552,0
22555,0
22556,1
22560,1
22565,1
22568,1
22571,0
22572,1
22574,0
22575,1
22580,0
22581,0
22583,1
22584,0
22585,1
22586,0
22588,0
22589,0
22591,1
22594,0
22595,0
22596,0
22599,1
22601,0
22603,1
22616,0
22620,1
22621,1
22622,1
22623,1
22624,1
22626,1
22628,0
22631,0
22632,0
22634,0
22635,1
22637,1
22639,0
22644,0
22647,1
22648,0
22649,1
22651,0
22652,1
22654,1
22665,1
22666,0
22670,1
22678,0
22684,0
22685,0
22687,0
22688,1
22690,0
22691,0
22692,0
22702,0
22704,0
22705,0
22706,0
22707,0
22710,0
22713,0
22718,1
22719,1
22722,1
22725,1
22726,0
22727,1
22728,0
22732,0
22739,0
22740,0
22742,0
22743,1
22745,1
22746,0
22748,1
22750,0
22752,1
22754,1
22755,0
22757,1
22758,1
22760,1
22761,1
22764,1
22767,1
22769,1
22770,1
22775,1
22783,1
22784,1
22790,1
22791,0
22800,1
22802,1
22804,0
22805,0
22809,0
22812,0
22814,0
22816,1
22818,1
22821,0
22825,0
22829,1
22832,1
22835,1
22838,0
22839,0
22840,0
22842,0
22843,1
22844,0
22846,1
22854,1
22855,0
22857,0
22858,0
22859,1
22861,0
22862,0
22863,1
22866,0
22870,1
22871,0
22875,0
22876,1
22878,0
22880,0
22883,1
22884,1
22885,1
22890,1
22893,1
22894,0
22896,1
22897,1
22898,1
22900,0
22901,0
22902,1
22907,1
22912,1
22918,1
22919,0
22920,1
22921,1
22923,0
22924,0
22925,0
22926,0
22928,0
22932,1
22933,0
22936,0
22937,0
22938,1
22939,0
22942,0
22945,1
22949,0
22952,1
22958,1
22959,0
22964,0
22966,1
22970,1
22974,1
22977,1
22983,0
22985,0
22992,1
22994,0
22999,1
23001,1
23003,1
23009,1
23016,0
23020,1
23022,0
23029,0
23030,0
23033,0
23035,1
23038,1
23039,0
23041,0
23042,1
23044,0
23050,0
23062,0
23063,0
23070,0
23073,0
23075,0
23077,1
23078,1
23079,1
23081,1
23083,1
23090,0
23091,1
23094,1
23100,0
23103,1
23106,0
23107,1
23109,1
23110,0
23114,1
23115,1
23116,0
23117,0
23119,0
23120,1
23121,0
23122,0
23126,0
23129,1
23132,1
23135,1
23146,1
23151,0
23152,1
23154,1
23156,0
23158,0
23160,1
23165,0
23169,0
23170,0
23172,1
23173,0
23174,0
23176,0
23177,0
23180,0
23187,0
23193,1
23198,0
23202,1
23204,0
23207,0
23208,0
23211,1
23214,1
23218,0
23221,0
23225,1
23226,0
23227,1
23228,1
23229,1
23235,0
23236,1
23240,0
23241,1
23242,0
23246,0
23247,1
23248,0
23260,0
23261,1
23263,0
23264,0
23270,1
23271,1
23272,0
23273,0
23275,1
23276,0
23277,0
23278,1
23283,1
23284,0
23288,1
23293,0
23295,1
23298,0
23299,0
23308,0
23312,0
23314,0
23315,0
23316,1
23319,0
23323,0
23328,0
23329,1
23333,1
23334,0
23335,1
23337,0
23340,0
23344,0
23346,0
23350,1
23353,1
23354,0
23358,0
23359,0
23364,1
23369,1
23373,0
23376,1
23377,0
23378,0
23381,0
23382,1
23385,1
23391,0
23396,0
23397,1
23399,0
23400,0
23401,0
23403,0
23404,0
23406,1
23407,1
23410,1
23411,1
23413,1
23415,0
23419,0
23420,1
23423,0
23426,1
23427,0
23429,1
23434,0
23439,1
23442,0
23443,0
23448,1
23449,1
23453,1
23454,1
23458,0
23460,0
23462,0
23463,0
23466,1
23470,1
23473,1
23475,0
23477,1
23480,1
23481,0
23484,0
23486,1
23488,1
23496,1
23500,1
23504,1
23505,1
23506,1
23507,0
23510,1
23515,1
23516,0
23519,1
23528,0
23529,0
23530,1
23532,0
23534,1
23538,0
23539,1
23541,1
23542,1
23545,1
23547,0
23548,0
23549,0
23550,1
23551,1
23557,1
23559,1
23561,0
23564,0
23565,1
23567,0
23568,0
23569,0
23570,0
23571,1
23572,0
23573,0
23576,1
23577,0
23578,0
23579,1
23584,0
23585,0
23586,0
23589,0
23593,0
23596,1
23597,1
23600,0
23605,0
23606,0
23609,0
23610,0
23612,0
23614,0
23615,1
23616,1
23620,0
23621,0
23624,1
23625,1
23626,0
23628,0
23629,0
23633,1
23645,0
23647,0
23648,1
23651,0
23656,0
23657,0
23658,0
23662,0
23663,0
23664,0
23672,1
23674,1
23676,0
23677,0
23678,1
23679,1
23680,1
23681,1
23682,0
23683,0
23688,0
23692,0
23694,0
23695,0
23696,1
23698,1
23704,1
23708,1
23710,0
23713,1
23714,0
23715,1
23718,0
23724,1
23725,0
23729,0
23730,1
23733,0
23736,0
23737,0
23740,1
23743,0
23748,1
23751,1
23752,0
23759,0
23762,0
23764,0
23768,0
23769,1
23773,0
23776,1
23780,0
23784,1
23786,1
23787,1
23790,0
23791,1
23792,0
23795,0
23796,1
23797,1
23803,1
23805,0
23806,0
23807,0
23813,1
23818,0
23819,0
23825,0
23827,1
23828,1
23829,0
23833,1
23834,1
23836,1
23843,1
23849,1
23850,1
23851,0
23855,0
23856,0
23861,0
23871,0
23872,1
23873,0
23880,1
23881,0
23882,1
23883,1
23885,1
23895,0
23897,0
23898,0
23900,1
23901,0
23902,0
23904,0
23905,1
23912,1
23913,0
23914,1
23917,1
23922,0
23923,1
23924,1
23925,1
23928,1
23929,0
23934,1
23935,0
23936,0
23939,1
23940,0
23941,1
23942,1
23943,1
23946,1
23948,1
23950,0
23963,0
23964,1
23971,1
23972,1
23975,1
23977,0
23979,1
23980,0
23982,0
23987,1
23988,1
23991,0
23994,0
23997,0
24000,0
24001,1
24002,1
24003,0
24005,1
24008,1
24010,1
24012,0
24013,1
24018,1
24019,1
24020,0
24022,0
24024,0
24029,0
24032,1
24033,0
24035,1
24036,0
24038,0
24041,0
24044,1
24048,0
24050,0
24052,1
24053,0
24055,1
24057,0
24061,0
24062,0
24063,0
24068,0
24073,1
24074,0
24075,0
24076,1
24077,1
24078,0
24079,0
24082,0
24084,1
24086,1
24088,1
24089,1
24090,1
24095,1
24096,0
24098,1
24102,0
24104,0
24107,1
24112,0
24113,1
24122,0
24123,0
24129,1
24134,0
24135,0
24136,0
24138,1
24147,0
24155,0
24161,1
24163,0
24167,0
24172,0
24173,1
24177,0
24186,1
24189,0
24191,1
24193,1
24197,1
24204,0
24206,0
24208,0
24209,0
24210,0
24212,1
24213,1
24214,0
24218,0
24219,0
24220,1
24223,1
24224,0
24229,0
24230,1
24232,0
24235,1
24236,1
24237,1
24239,0
24243,0
24245,1
24246,1
24248,1
24250,1
24253,0
24254,1
24258,1
24260,0
24262,1
24263,1
24264,1
24268,1
24270,0
24275,1
24277,1
24281,0
24283,0
24287,0
24288,0
24291,0
24299,0
24308,1
24309,0
24311,1
24312,1
24314,0
24316,1
24321,0
24324,0
24328,0
24329,0
24331,0
24333,0
24335,1
24336,0
24338,1
24340,1
24342,1
24344,0
24347,0
24349,1
24351,0
24352,0
24355,1
24356,1
24360,1
24370,0
24381,1
24382,1
24383,0
24384,1
24396,0
24397,0
24399,0
24404,0
24405,0
24406,1
24408,0
24410,1
24411,0
24414,0
24416,1
24419,0
24423,0
24424,1
24425,1
24427,1
24429,0
24434,1
24435,0
24436,0
24437,1
24439,0
24440,0
24443,0
24445,1
24449,0
24450,1
24451,1
24454,1
24457,1
24458,1
24462,0
24466,1
24468,0
24473,1
24475,0
24476,0
24477,1
24479,0
24482,0
24485,1
24488,0
24490,0
24492,0
24495,1
24496,1
24498,1
24500,0
24501,0
24504,0
24511,0
24515,1
24516,0
24517,1
24518,0
24519,1
24524,1
24526,0
24528,0
24531,0
24532,0
24534,1
24536,1
24537,1
24539,1
24540,1
24541,1
24543,1
24551,0
24552,1
24557,0
24560,0
24561,1
24571,0
24574,0
24575,0
24578,0
24581,1
24583,0
24585,0
24589,0
24593,0
24597,0
24600,0
24602,1
24607,1
24608,1
24613,0
24614,1
24616,0
24617,1
24619,1
24620,0
24621,1
24629,0
24633,1
24635,0
24636,0
24643,0
24644,0
24650,0
24651,0
24653,0
24654,0
24658,0
24660,0
24662,0
24664,1
24665,0
24666,1
24667,0
24668,1
24669,1
24670,1
24671,0
24674,0
24678,0
24679,1
24681,1
24683,1
24684,1
24686,0
24688,1
24691,1
24693,0
24698,1
24700,0
24701,0
24703,1
24704,0
24706,1
24708,0
24717,0
24721,1
24723,1
24724,0
24726,1
24728,0
24730,0
24732,1
24735,0
24741,1
24743,0
24749,1
24752,1
24754,0
24756,0
24760,1
24761,0
24763,1
24765,1
24772,1
24773,0
24774,0
24776,1
24777,1
24778,0
24784,0
24787,0
24790,1
24791,1
24793,0
24794,1
24796,1
24799,1
24800,0
24805,1
24806,1
24808,0
24810,0
24815,0
24823,0
24825,1
24827,0
24829,1
24831,0
24833,0
24834,0
24838,1
24841,1
24843,1
24846,0
24847,0
24848,1
24849,0
24853,0
24854,1
24855,0
24856,1
24858,1
24861,0
24862,1
24863,0
24871,0
24872,0
24874,0
24875,0
24879,0
24880,0
24882,0
24883,1
24884,1
24889,0
24891,0
24892,1
24894,1
24896,0
24902,0
24903,1
24907,0
24908,0
24910,0
24914,0
24915,0
24917,0
24921,1
24926,0
24927,1
24931,0
24934,0
24938,1
24939,0
24940,0
24941,1
24942,1
24943,0
24944,1
24947,1
24953,1
24954,0
24955,1
24956,0
24959,1
24961,0
24963,0
24965,1
24968,1
24971,0
24973,0
24978,1
24979,0
24983,1
24987,0
24988,1
24989,1
24993,1
24994,0
25000,0
25001,0
25006,0
25009,0
25012,1
25013,1
25016,1
25019,1
25023,0
25031,0
25032,0
25034,0
25037,0
25039,0
25040,0
25041,0
25042,1
25043,1
25044,0
25048,0
25049,0
25050,0
25052,1
25054,1
25056,0
25058,1
25059,0
25061,1
25064,0
25066,1
25067,0
25068,0
25069,1
25073,1
25074,1
25076,1
25077,1
25086,0
25091,1
25093,0
25096,0
25097,0
25098,0
25099,0
25100,0
25105,0
25108,0
25111,0
25112,0
25114,1
25122,1
25131,1
25132,1
25134,1
25137,1
25138,0
25139,0
25140,0
25143,1
25144,1
25146,1
25147,1
25148,1
25150,1
25152,1
25153,0
25155,1
25162,0
25163,0
25164,0
25165,0
25166,0
25168,0
25169,0
25171,1
25172,0
25177,0
25178,1
25179,1
25180,0
25182,1
25189,1
25190,0
25192,0
25193,0
25197,1
25198,0
25206,0
25215,1
25216,0
25218,0
25219,1
25222,1
25223,1
25225,0
25229,1
25230,1
25233,0
25234,1
25236,0
25237,0
25238,1
25240,0
25241,0
25242,0
25243,1
25245,0
25247,1
25248,0
25251,1
25254,0
25256,1
25258,0
25260,0
25261,0
25263,1
25264,0
25266,1
25276,1
25277,1
25280,1
25283,1
25286,1
25288,0
25290,1
25291,0
25293,1
25294,0
25296,0
25305,0
25312,0
25313,1
25315,1
25319,1
25320,1
25325,1
25327,0
25331,0
25333,0
25334,0
25335,1
25336,0
25341,0
25342,0
25346,0
25349,0
25352,1
25356,0
25358,1
25361,0
25363,0
25375,0
25376,0
25383,0
25386,0
25390,1
25393,1
25395,0
25399,0
25400,0
25404,1
25405,0
25406,1
25407,0
25408,0
25410,0
25412,0
25413,0
25415,0
25416,0
25417,0
25422,0
25423,1
25424,1
25425,1
25427,1
25430,1
25431,0
25432,1
25435,1
25442,1
25446,1
25449,0
25450,0
25451,1
25455,0
25457,1
25458,1
25459,1
25461,0
25462,0
25464,0
25465,1
25466,0
25467,0
25471,1
25473,1
25482,0
25483,1
25488,1
25493,0
25504,1
25505,0
25507,0
25510,1
25516,0
25518,1
25519,0
25520,1
25522,1
25526,1
25527,0
25530,1
25534,0
25536,1
25537,0
25540,0
25547,1
25548,0
25549,0
25551,1
25552,0
25553,0
25555,0
25556,0
25558,0
25561,0
25566,0
25567,1
25569,1
25571,1
25574,0
25576,0
25577,0
25579,0
25584,1
25585,1
25586,1
25588,0
25590,0
25591,0
25593,0
25594,0
25599,1
25600,1
25611,1
25613,0
25617,0
25620,1
25623,0
25625,1
25627,0
25628,1
25630,1
25632,1
25633,0
25634,0
25635,0
25637,0
25639,0
25643,0
25645,0
25647,0
25648,0
25649,0
25651,1
25656,0
25658,0
25659,0
25660,1
25662,0
25665,1
25667,1
25673,1
25675,1
25677,1
25678,0
25681,0
25682,1
25685,0
25686,1
25687,1
25690,1
25691,0
25692,0
25693,0
25694,0
25695,0
25699,0
25704,1
25707,0
25708,0
25709,0
25712,0
25722,0
25723,1
25727,1
25728,1
25729,1
25730,0
25734,1
25739,0
25740,0
25742,1
25744,1
25745,1
25748,1
25750,0
25752,1
25755,0
25758,0
25759,1
25760,1
25761,0
25764,1
25765,1
25769,0
25770,0
25773,0
25778,0
25779,1
25786,0
25789,0
25793,1
25796,0
25803,0
25804,0
25806,1
25808,0
25810,0
25813,1
25814,0
25817,0
25819,0
25821,1
25823,1
25829,0
25830,0
25832,1
25834,0
25838,1
25839,1
25840,1
25841,0
25842,0
25844,1
25847,0
25852,1
25854,0
25856,1
25858,1
25861,1
25867,0
25868,0
25872,0
25875,0
25876,0
25878,0
25879,0
25880,1
25882,0
25883,1
25887,1
25895,0
25896,1
25900,1
25905,1
25912,0
25914,1
25915,0
25917,1
25920,0
25923,0
25924,0
25925,0
25927,1
25931,0
25933,1
25936,1
25940,1
25944,0
25947,0
25948,0
25949,0
25951,1
25955,0
25956,0
25957,0
25958,0
25960,0
25962,0
25964,0
25966,1
25967,0
25970,1
25973,1
25974,0
25979,1
25981,0
25984,1
25985,0
25988,1
25994,1
25996,1
25997,0
25998,0
26000,1
26002,0
26004,0
26007,0
26008,1
26009,0
26010,0
26013,1
26016,1
26021,0
26032,1
26033,0
26034,0
26036,0
26037,1
26039,1
26040,0
26043,1
26045,0
26050,0
26054,0
26055,0
26056,0
26057,1
26059,0
26061,0
26063,1
26067,0
26069,0
26070,1
26071,0
26078,0
26081,1
26083,1
26088,1
26090,0
26093,0
26094,0
26101,1
26103,0
26108,0
26109,1
26111,0
26115,0
26116,1
26117,0
26124,1
26129,0
26131,0
26132,0
26136,1
26137,0
26140,0
26142,0
26147,0
26149,0
26151,0
26154,1
26157,1
26159,0
26160,0
26167,1
26173,0
26177,1
26178,0
26179,0
26181,0
26182,1
26184,1
26190,0
26191,1
26194,0
26195,1
26196,0
26198,0
26200,0
26201,0
26202,0
26203,0
26204,0
26206,1
26209,0
26210,0
26215,0
26218,0
26221,0
26222,1
26223,1
26224,0
26225,0
26228,1
26231,1
26234,1
26237,0
26239,1
26240,0
26243,0
26244,1
26245,1
26246,1
26248,0
26249,0
26251,1
26254,1
26255,1
26258,0
26259,0
26260,0
26262,1
26267,0
26269,0
26274,0
26277,1
26278,1
26279,0
26284,0
26288,0
26289,0
26292,0
26293,1
26294,1
26296,0
26298,1
26299,1
26303,1
26306,1
26307,1
26312,0
26314,1
26319,1
26320,0
26322,0
26329,1
26331,0
26333,0
26339,1
26341,1
26343,0
26346,0
26350,0
26351,1
26358,0
26360,1
26368,0
26371,0
26373,0
26379,1
26381,0
26382,1
26383,1
26384,0
26389,0
26395,1
26396,0
26397,1
26398,0
26400,0
26401,0
26411,1
26413,1
26414,1
26417,1
26421,1
26422,0
26423,0
26425,0
26429,1
26431,0
26432,0
26435,0
26437,0
26441,0
26442,0
26444,0
26445,0
26446,0
26447,1
26450,0
26451,0
26454,0
26455,1
26460,0
26464,0
26468,1
26473,0
26474,0
26480,0
26481,0
26484,0
26488,0
26491,1
26494,1
26496,0
26498,0
26500,0
26503,0
26504,0
26505,1
26506,0
26507,0
26509,1
26511,0
26512,0
26513,0
26514,0
26516,0
26522,1
26524,0
26525,1
26526,1
26527,0
26528,0
26529,0
26530,0
26533,0
26538,0
26543,0
26544,0
26552,1
26554,0
26555,0
26556,0
26560,0
26561,0
26562,0
26563,0
26565,0
26569,0
26570,0
26572,0
26573,0
26574,0
26576,0
26577,1
26586,0
26589,0
26590,0
26591,0
26592,0
26594,0
26595,1
26599,0
26600,0
26601,0
26604,0
26605,1
26608,0
26609,1
26610,0
26612,1
26613,0
26614,0
26615,0
26618,1
26619,0
26623,0
26627,1
26629,0
26631,1
26632,0
26634,0
26635,1
26636,0
26638,1
26646,0
26647,1
26648,1
26654,0
26655,0
26657,0
26660,0
26663,1
26664,0
26665,0
26670,0
26674,0
26677,0
26692,1
26695,0
26698,1
26699,0
26701,0
26702,0
26703,0
26704,0
26705,0
26707,0
26712,0
26714,0
26715,0
26717,0
26718,0
26719,0
26720,1
26721,0
26723,0
26726,0
26729,0
26733,0
26736,0
26743,0
26744,0
26747,0
26756,1
26767,0
26768,0
26770,1
26774,0
26775,1
26778,0
26779,0
26782,1
26786,0
26789,1
26791,1
26793,1
26797,0
26798,0
26800,0
26801,1
26804,1
26812,1
26830,0
26831,0
26833,1
26834,1
26835,0
26849,1
26853,0
26854,0
26855,0
26857,0
26861,0
26865,0
26866,0
26868,1
26869,1
26876,0
26879,0
26880,0
26881,0
26885,0
26886,1
26887,0
26889,0
26890,0
26892,1
26893,1
26894,0
26898,1
26900,1
26902,0
26903,0
26906,1
26910,0
26911,1
26916,0
26917,1
26918,0
26923,1
26924,0
26925,1
26933,1
26934,1
26936,1
26937,0
26938,1
26940,1
26941,0
26944,0
26945,1
26951,1
26952,1
26955,0
26962,0
26965,0
26967,0
26968,0
26974,0
26975,0
26976,0
26977,0
26978,1
26979,0
26982,0
26988,0
26994,0
26997,1
26998,0
27005,0
27009,0
27010,1
27011,0
27014,0
27015,0
27016,1
27017,1
27025,0
27027,0
27033,1
27037,0
27038,1
27042,0
27045,0
27046,0
27049,0
27051,1
27052,0
27053,1
27055,0
27057,1
27059,0
27060,0
27068,0
27069,0
27071,1
27075,1
27080,1
27081,1
27083,0
27085,0
27086,0
27087,1
27088,1
27091,1
27096,0
27097,1
27098,0
27101,0
27104,1
27105,1
27106,0
27109,1
27110,1
27116,1
27120,1
27122,1
27124,0
27125,1
27132,1
27133,0
27134,0
27135,0
27140,0
27142,1
27143,1
27144,0
27147,0
27148,0
27152,1
27154,0
27157,0
27158,1
27161,1
27162,0
27163,0
27167,1
27168,1
27178,0
27179,0
27180,0
27183,0
27185,0
27186,1
27189,0
27190,0
27197,1
27200,1
27201,1
27202,0
27204,0
27207,0
27209,0
27212,0
27214,0
27216,0
27220,0
27222,1
27224,1
27227,0
27228,0
27230,1
27231,1
27233,0
27234,1
27236,0
27239,1
27240,1
27243,0
27244,1
27250,1
27252,0
27254,1
27257,0
27258,0
27260,0
27263,0
27268,0
27271,1
27273,0
27276,1
27278,1
27279,1
27280,0
27281,0
27282,0
27284,0
27285,0
27287,0
27288,0
27289,1
27291,1
27293,0
27294,0
27297,0
27299,0
27300,0
27302,0
27303,1
27305,1
27307,0
27308,1
27309,1
27310,0
27315,1
27319,0
27328,0
27330,1
27331,0
27337,1
27339,0
27344,1
27346,0
27347,1
27348,0
27349,1
27350,1
27352,1
27356,0
27360,0
27368,0
27369,1
27371,1
27373,0
27377,0
27378,0
27379,0
27382,0
27383,0
27387,0
27388,1
27390,1
27391,0
27392,1
27393,1
27395,1
27396,0
27399,1
27401,0
27408,0
27412,0
27413,0
27416,1
27417,1
27421,0
27424,0
27426,1
27427,1
27428,0
27429,1
27430,0
27433,0
27436,1
27440,0
27441,0
27443,0
27445,1
27446,0
27447,1
27450,0
27454,0
27455,0
27456,0
27457,0
27458,0
27459,0
27461,1
27462,1
27466,0
27470,1
27471,0
27473,1
27474,1
27477,1
27479,0
27480,0
27482,1
27488,0
27492,0
27493,0
27495,0
27504,0
27507,1
27511,0
27512,0
27514,0
27517,0
27524,1
27525,0
27526,0
27535,0
27549,0
27551,0
27554,0
27555,0
27558,0
27560,0
27561,1
27563,0
27564,1
27566,1
27569,1
27571,1
27572,1
27573,1
27575,1
27579,0
27583,1
27584,1
27587,0
27588,1
27590,1
27593,0
27595,1
27598,1
27602,0
27609,0
27611,1
27613,0
27615,1
27618,0
27620,1
27621,0
27622,1
27625,0
27626,1
27627,0
27629,0
27634,1
27636,1
27637,0
27638,0
27639,0
27641,1
27644,0
27646,1
27651,0
27657,0
27658,1
27659,0
27661,1
27662,0
27671,0
27673,0
27676,0
27677,1
27679,1
27687,0
27691,0
27697,1
27701,0
27706,1
27710,0
27711,0
27712,1
27714,0
27717,0
27718,1
27720,0
27723,1
27724,0
27725,0
27726,1
27727,0
27730,0
27737,1
27741,1
27742,0
27743,1
27744,1
27745,0
27748,0
27750,0
27755,0
27756,0
27758,1
27759,1
27761,0
27763,0
27765,1
27768,0
27769,0
27771,0
27776,0
27778,0
27780,1
27783,0
27784,1
27789,0
27791,1
27795,0
27800,0
27801,0
27804,0
27806,0
27807,1
27813,0
27814,0
27817,0
27818,1
27819,1
27823,0
27828,1
27833,0
27835,0
27836,0
27837,0
27839,0
27841,0
27843,0
27844,0
27846,0
27848,0
27849,0
27852,1
27853,0
27855,0
27856,1
27857,0
27861,0
27864,0
27865,1
27867,1
27871,1
27873,0
27875,1
27876,1
27877,0
27880,1
27881,1
27885,1
27889,1
27890,1
27892,1
27896,0
27900,1
27902,0
27903,1
27904,1
27905,0
27908,1
27914,0
27915,1
27917,0
27919,1
27920,0
27921,1
27924,0
27925,1
27928,0
27932,1
27935,1
27936,1
27937,1
27941,0
27946,1
27947,1
27948,0
27949,1
27950,0
27952,0
27954,0
27962,0
27965,1
27967,0
27968,0
27970,0
27971,0
27975,0
27977,1
27978,1
27979,1
27980,0
27982,1
27984,0
27987,1
27988,0
27989,0
27993,1
27994,1
27997,1
28001,0
28002,0
28004,0
28010,1
28012,1
28013,1
28017,1
28019,0
28022,0
28024,0
28030,1
28032,0
28033,0
28034,1
28035,1
28036,0
28044,1
28045,0
28046,1
28049,0
28050,0
28051,1
28056,1
28059,1
28060,0
28062,0
28065,1
28067,1
28070,1
28073,0
28074,0
28075,1
28076,0
28077,1
28086,0
28087,0
28088,0
28091,0
28095,1
28097,1
28098,1
28101,0
28107,0
28109,1
28115,1
28118,1
28121,1
28123,0
28124,1
28125,1
28126,1
28128,1
28131,0
28136,1
28144,0
28146,0
28152,0
28157,1
28158,1
28162,1
28165,0
28169,0
28170,1
28171,1
28174,0
28175,0
28176,1
28177,1
28178,0
28179,0
28182,1
28187,1
28188,0
28189,0
28191,1
28192,0
28195,0
28196,1
28198,1
28199,1
28200,0
28202,0
28203,1
28206,1
28212,1
28214,1
28216,0
28217,1
28220,0
28221,1
28222,0
28225,0
28226,1
28228,1
28233,0
28235,0
28237,0
28240,0
28242,0
28244,1
28246,1
28247,0
28248,0
28249,0
28250,1
28252,1
28253,1
28259,1
28260,0
28262,0
28264,1
28269,0
28277,1
28282,1
28285,0
28289,1
28291,0
28297,0
28302,0
28303,1
28310,1
28311,1
28312,0
28313,0
28314,0
28317,0
28318,1
28322,0
28324,1
28327,0
28329,0
28330,1
28333,1
28337,0
28339,0
28342,0
28348,1
28350,1
28351,0
28355,1
28358,1
28359,0
28361,1
28362,0
28368,0
28370,1
28371,1
28372,1
28373,0
28374,0
28376,1
28382,0
28385,0
28389,0
28392,1
28394,1
28397,0
28400,0
28401,0
28402,0
28404,0
28405,0
28408,0
28409,1
28410,0
28411,0
28414,0
28418,1
28419,0
28423,1
28426,1
28428,0
28430,1
28431,0
28434,1
28435,0
28436,0
28441,0
28442,0
28443,0
28445,1
28450,0
28454,0
28455,0
28460,0
28461,1
28464,0
28466,0
28472,1
28475,1
28476,1
28480,1
28481,0
28482,1
28488,0
28492,0
28495,1
28497,0
28498,1
28501,1
28502,0
28503,0
28505,1
28511,0
28512,0
28516,1
28517,1
28518,0
28521,0
28522,0
28523,0
28524,0
28525,1
28526,1
28530,1
28531,1
28533,0
28534,0
28535,0
28537,1
28539,0
28540,0
28544,0
28549,1
28551,1
28552,1
28555,0
28562,1
28563,1
28566,0
28568,0
28570,1
28576,1
28581,1
28582,0
28589,1
28592,0
28593,0
28594,1
28596,0
28597,0
28598,0
28599,1
28601,0
28603,0
28607,0
28612,1
28613,0
28614,1
28616,0
28617,1
28619,1
28624,0
28626,0
28627,1
28628,1
28631,1
28634,1
28640,1
28641,0
28648,0
28649,0
28652,1
28654,0
28657,0
28659,0
28673,1
28674,1
28675,1
28676,0
28678,0
28680,1
28681,0
28691,1
28693,1
28697,1
28699,0
28702,0
28703,0
28704,0
28705,1
28706,0
28707,0
28709,1
28716,0
28718,0
28721,0
28723,0
28728,0
28729,0
28730,0
28735,0
28736,0
28738,1
28739,0
28741,1
28745,1
28746,1
28749,1
28751,0
28752,1
28758,0
28762,1
28763,0
28764,1
28769,0
28770,0
28771,0
28776,0
28777,0
28778,1
28779,0
28781,1
28785,0
28789,1
28790,1
28793,1
28794,0
28797,1
28798,0
28801,0
28803,1
28805,1
28806,0
28810,0
28812,1
28818,1
28819,1
28823,1
28825,0
28828,1
28829,0
28830,0
28831,1
28835,1
28837,0
28839,0
28844,1
28846,0
28848,0
28852,0
28855,1
28858,1
28861,0
28862,0
28863,0
28866,1
28870,0
28874,0
28875,0
28878,0
28882,1
28894,1
28898,0
28901,1
28902,0
28905,1
28907,1
28911,0
28913,1
28914,0
28917,0
28918,0
28920,1
28921,0
28922,1
28927,1
28931,1
28932,0
28933,0
28935,0
28936,0
28939,0
28942,0
28945,1
28948,1
28949,1
28950,0
28952,0
28954,0
28957,0
28959,0
28961,0
28962,0
28966,1
28969,1
28971,0
28972,1
28973,0
28974,1
28976,1
28977,0
28982,0
28983,1
28984,0
28985,1
28988,0
28996,1
28997,0
29002,1
29007,0
29009,0
29014,1
29015,1
29016,0
29018,1
29019,0
29020,1
29024,1
29025,0
29026,1
29031,0
29032,0
29035,0
29047,1
29049,1
29050,0
29051,1
29052,1
29053,1
29055,0
29058,1
29060,0
29061,0
29063,0
29066,0
29073,0
29074,0
29076,1
29078,0
29080,1
29083,1
29086,1
29089,1
29090,0
29091,0
29092,1
29099,1
29100,1
29105,1
29106,0
29107,1
29113,1
29114,0
29115,0
29116,0
29118,0
29120,1
29122,1
29124,0
29130,1
29132,1
29137,1
29139,1
29142,1
29143,0
29145,0
29146,0
29147,0
29148,0
29151,1
29153,0
29154,1
29162,0
29164,0
29166,1
29170,1
29171,0
29173,0
29176,0
29178,1
29180,0
29181,1
29185,1
29186,0
29189,1
29191,1
29192,1
29193,0
29196,0
29197,1
29198,1
29206,0
29210,1
29211,0
29215,0
29216,1
29222,1
29223,0
29224,1
29226,1
29228,0
29230,0
29233,1
29234,1
29236,1
29237,0
29238,1
29244,0
29245,0
29248,1
29253,0
29256,0
29261,0
29264,0
29267,0
29270,1
29271,0
29272,1
29274,1
29276,0
29279,1
29281,1
29283,1
29284,0
29285,1
29289,1
29291,1
29292,1
29295,0
29296,0
29297,1
29298,1
29299,0
29300,0
29301,1
29302,0
29310,1
29311,1
29315,0
29316,1
29322,1
29325,1
29331,1
29333,1
29336,0
29339,1
29350,0
29351,0
29354,0
29356,0
29357,0
29362,0
29371,0
29373,0
29374,0
29379,0
29380,0
29383,1
29385,1
29388,0
29390,0
29391,1
29393,1
29398,1
29399,0
29402,0
29403,1
29404,1
29409,1
29411,1
29412,0
29414,0
29415,0
29416,1
29418,1
29422,0
29423,0
29426,0
29427,0
29434,0
29435,0
29436,1
29437,1
29445,1
29447,1
29448,0
29449,0
29450,1
29453,1
29454,0
29456,1
29460,1
29463,1
29469,1
29473,0
29476,0
29477,0
29480,0
29481,1
29483,1
29486,0
29489,1
29493,0
29494,1
29495,1
29497,1
29499,0
29502,1
29506,0
29507,1
29509,0
29510,1
29513,1
29516,1
29523,1
29525,0
29528,0
29529,0
29531,0
29534,1
29536,0
29537,1
29539,1
29540,0
29541,0
29543,1
29545,1
29548,0
29555,1
29556,0
29559,0
29565,0
29566,1
29570,0
29571,1
29572,1
29573,0
29575,0
29576,0
29580,0
29581,0
29584,0
29586,0
29587,1
29588,1
29591,0
29593,1
29600,0
29603,1
29604,0
29606,0
29607,1
29612,0
29616,1
29618,1
29625,0
29630,1
29632,0
29633,0
29634,0
29637,1
29639,0
29642,0
29647,0
29648,0
29649,1
29652,1
29653,0
29654,0
29664,0
29667,0
29672,1
29673,0
29677,1
29682,1
29686,1
29690,0
29698,0
29705,1
29709,0
29710,0
29712,0
29713,1
29714,0
29717,0
29719,1
29720,0
29723,0
29725,0
29728,1
29729,0
29730,1
29731,0
29736,1
29737,1
29740,1
29741,1
29743,0
29747,0
29748,0
29752,1
29755,1
29757,0
29758,1
29761,0
29764,0
29773,0
29775,1
29776,1
29777,1
29778,1
29781,1
29783,1
29785,0
29788,0
29790,0
29791,1
29792,0
29794,1
29795,1
29796,0
29797,1
29799,0
29805,0
29807,1
29810,0
29811,1
29813,1
29821,0
29823,0
29825,1
29826,1
29827,0
29828,0
29829,1
29830,1
29831,0
29834,1
29836,0
29837,1
29845,1
29846,1
29848,1
29849,0
29851,0
29852,1
29854,0
29862,1
29865,1
29873,0
29874,1
29876,0
29879,0
29880,0
29882,0
29883,0
29885,1
29887,0
29888,1
29893,0
29895,0
29896,0
29901,0
29903,0
29907,1
29912,0
29915,0
29916,1
29920,1
29921,1
29922,1
29926,1
29930,1
29932,1
29933,1
29935,1
29938,1
29939,1
29940,1
29942,1
29944,0
29947,0
29951,0
29954,1
29956,0
29958,0
29962,0
29963,0
29971,0
29973,1
29975,0
29982,1
29987,0
29989,1
29990,0
29991,0
29992,0
29996,0
29997,1
29998,1
29999,0
30000,0
30002,1
30003,0
30005,1
30007,0
30010,0
30011,1
30012,0
30016,0
30019,0
30021,1
30029,1
30030,0
30031,0
30032,1
30038,0
30042,1
30043,0
30047,1
30048,1
30049,0
30052,0
30056,0
30057,0
30059,0
30060,1
30062,0
30063,1
30064,1
30070,1
30075,1
30076,1
30078,0
30080,0
30081,0
30084,1
30085,0
30086,1
30087,0
30089,0
30090,1
30092,1
30094,1
30098,0
30101,0
30103,1
30104,1
30105,1
30106,1
30111,0
30114,0
30117,1
30123,1
30125,1
30126,0
30131,1
30132,0
30133,1
30137,0
30140,0
30141,0
30145,0
30148,1
30149,0
30151,0
30152,1
30155,1
30156,0
30157,0
30159,0
30160,1
30161,1
30163,1
30164,1
30167,1
30168,1
30169,1
30171,1
30173,1
30174,0
30176,0
30181,0
30185,1
30187,1
30189,1
30194,1
30198,1
30200,0
30201,0
30202,0
30205,0
30206,0
30207,1
30208,0
30210,1
30213,1
30219,1
30227,0
30230,0
30231,0
30236,0
30237,0
30238,1
30242,0
30247,1
30249,0
30253,1
30254,1
30256,0
30257,1
30258,0
30260,0
30262,1
30267,1
30268,1
30270,0
30271,1
30273,0
30282,1
30283,1
30285,0
30286,0
30288,0
30300,0
30302,0
30307,1
30309,0
30312,1
30315,1
30317,1
30327,0
30328,1
30330,1
30331,1
30335,1
30336,1
30337,0
30342,1
30345,0
30347,1
30348,0
30349,1
30350,0
30351,1
30352,0
30353,1
30354,0
30356,0
30358,0
30359,0
30360,0
30361,1
30364,1
30366,1
30372,1
30376,1
30381,1
30383,1
30385,1
30390,0
30391,1
30393,0
30394,1
30395,0
30399,0
30407,1
30411,0
30414,0
30415,0
30417,0
30418,0
30419,1
30421,0
30423,1
30424,1
30429,0
30431,1
30432,1
30440,0
30444,1
30448,0
30449,1
30450,0
30451,0
30452,0
30456,0
30458,1
30459,1
30460,0
30461,0
30462,0
30463,1
30469,0
30470,1
30471,0
30472,0
30474,0
30476,1
30480,0
30482,0
30483,0
30485,1
30488,0
30493,0
30494,0
30495,0
30496,1
30498,1
30499,1
30502,0
30503,1
30504,1
30506,0
30507,1
30508,0
30513,0
30514,0
30518,1
30519,1
30520,0
30521,0
30528,0
30529,1
30532,0
30533,0
30534,0
30535,0
30536,1
30537,0
30538,1
30540,1
30541,1
30542,1
30543,0
30545,1
30546,1
30547,0
30548,0
30551,1
30553,1
30554,1
30556,0
30557,0
30566,1
30567,1
30568,0
30571,1
30578,0
30580,1
30581,0
30583,1
30584,0
30589,0
30593,1
30596,0
30599,1
30600,0
30601,0
30609,1
30611,1
30613,1
30617,0
30619,1
30621,0
30628,0
30631,1
30635,0
30636,0
30640,0
30642,1
30645,1
30646,0
30649,1
30651,0
30654,0
30656,0
30657,1
30660,1
30665,0
30666,0
30667,1
30668,0
30669,1
30670,1
30671,0
30677,1
30678,1
30679,0
30680,1
30686,0
30687,1
30689,1
30692,1
30695,0
30696,1
30697,0
30698,1
30702,0
30703,1
30714,1
30720,1
30721,0
30727,0
30728,0
30729,0
30730,1
30731,0
30733,1
30734,1
30737,1
30741,0
30742,1
30744,1
30746,1
30749,1
30752,1
30760,0
30765,0
30770,1
30772,0
30773,1
30775,1
30777,0
30779,0
30780,0
30784,0
30785,0
30789,0
30790,1
30791,0
30793,0
30796,1
30797,1
30798,0
30799,1
30801,1
30807,1
30808,0
30810,0
30812,1
30813,0
30815,0
30820,0
30821,1
30823,0
30825,0
30828,1
30830,0
30831,0
30832,0
30833,0
30835,1
30838,0
30846,1
30848,1
30849,0
30851,0
30852,1
30855,1
30856,0
30857,1
30860,0
30861,0
30867,0
30869,1
30871,0
30873,0
30874,0
30875,1
30880,0
30882,1
30885,0
30887,1
30889,1
30890,1
30891,0
30893,1
30894,1
30895,0
30896,1
30897,0
30899,0
30900,1
30902,0
30904,0
30905,1
30907,1
30909,0
30911,1
30912,0
30913,0
30916,1
30918,0
30919,0
30921,0
30925,1
30926,0
30927,1
30930,1
30932,0
30935,1
30938,1
30941,1
30945,1
30948,0
30951,0
30955,0
30957,0
30958,1
30961,0
30964,0
30968,1
30969,1
30971,0
30973,0
30974,1
30975,0
30976,1
30977,1
30979,0
30981,1
30985,1
30988,1
30989,1
30991,0
30994,1
30996,1
30999,1
31003,1
31005,0
31006,0
31010,0
31012,0
31014,1
31015,1
31017,0
31019,0
31020,0
31022,1
31023,1
31024,1
31026,1
31028,1
31029,1
31035,0
31038,1
31039,0
31048,0
31050,0
31051,0
31053,0
31055,1
31058,0
31060,0
31062,1
31063,0
31067,0
31068,1
31070,1
31071,0
31074,1
31078,0
31079,0
31080,1
31082,0
31085,1
31086,1
31088,1
31091,1
31093,1
31097,1
31101,0
31105,1
31107,1
31108,1
31111,0
31114,0
31119,0
31120,1
31124,1
31125,0
31127,0
31128,0
31129,1
31134,1
31136,1
31137,1
31138,0
31140,1
31143,0
31144,0
31148,0
31149,0
31152,0
31156,0
31158,1
31162,0
31174,1
31178,0
31179,1
31180,0
31183,0
31184,0
31186,1
31187,0
31188,0
31191,0
31199,0
31201,0
31203,0
31205,0
31207,1
31209,0
31211,0
31212,0
31215,1
31216,0
31217,1
31218,0
31220,1
31221,1
31222,1
31228,1
31230,1
31234,0
31240,0
31241,0
31243,1
31245,1
31249,0
31254,0
31260,1
31261,1
31264,0
31265,0
31268,1
31271,0
31276,0
31281,0
31282,1
31284,0
31286,1
31287,1
31289,0
31290,0
31291,0
31292,1
31294,0
31295,0
31296,0
31297,1
31299,0
31300,1
31303,0
31304,1
31305,1
31307,0
31316,1
31321,0
31323,1
31324,0
31325,1
31328,0
31331,0
31333,1
31334,1
31335,1
31337,0
31339,0
31340,0
31342,0
31343,0
31346,1
31348,0
31352,1
31354,1
31358,1
31360,1
31361,1
31362,0
31363,1
31365,0
31366,1
31367,1
31369,0
31370,1
31372,1
31379,1
31380,1
31381,0
31382,1
31385,0
31387,1
31389,0
31392,1
31394,1
31395,0
31396,0
31398,1
31399,1
31400,0
31404,0
31407,0
31408,0
31409,0
31410,0
31412,1
31415,0
31419,0
31420,1
31435,0
31436,1
31438,1
31441,0
31444,1
31449,0
31450,0
31451,0
31452,1
31457,1
31458,1
31460,1
31461,0
31465,0
31466,1
31468,0
31472,0
31474,1
31476,0
31478,0
31481,1
31484,0
31487,1
31491,1
31493,0
31494,0
31495,0
31496,1
31498,0
31499,0
31501,0
31502,1
31503,1
31507,0
31517,1
31518,0
31519,1
31524,1
31526,1
31529,1
31530,0
31532,1
31534,0
31538,0
31539,0
31540,1
31543,0
31546,0
31549,1
31550,1
31551,0
31553,1
31555,1
31557,0
31563,0
31566,0
31572,0
31574,0
31578,0
31580,0
31582,0
31583,0
31588,0
31589,1
31590,1
31593,1
31594,0
31595,1
31596,0
31600,0
31601,0
31606,1
31607,0
31608,1
31612,0
31613,0
31614,1
31615,1
31616,1
31618,0
31626,0
31627,1
31628,1
31629,0
31632,1
31635,1
31637,1
31640,0
31641,0
31642,0
31645,0
31647,1
31648,0
31650,0
31653,1
31656,0
31658,1
31664,0
31666,0
31669,0
31670,1
31671,0
31672,1
31673,0
31674,1
31681,1
31682,0
31689,0
31690,0
31694,0
31695,0
31697,0
31698,1
31700,0
31703,1
31704,0
31706,1
31707,0
31708,1
31712,0
31713,0
31714,0
31716,1
31717,1
31719,0
31722,1
31727,0
31728,0
31732,0
31734,0
31735,0
31736,0
31742,0
31747,1
31748,0
31749,1
31751,0
31752,0
31753,1
31754,0
31756,0
31759,0
31763,1
31766,0
31771,0
31774,0
31775,0
31776,1
31778,0
31780,1
31784,1
31785,0
31789,0
31790,0
31792,0
31793,0
31796,0
31799,1
31802,0
31804,0
31807,0
31808,1
31813,1
31816,1
31817,1
31818,1
31820,1
31821,0
31829,0
31832,1
31833,1
31834,0
31837,1
31842,0
31845,1
31847,0
31852,1
31854,1
31855,1
31856,0
31861,0
31863,0
31865,1
31871,1
31873,1
31876,0
31877,1
31880,0
31881,0
31885,1
31888,0
31889,1
31892,0
31894,0
31898,1
31899,0
31900,0
31906,1
31907,1
31909,0
31911,0
31912,1
31913,0
31917,1
31918,0
31920,1
31925,0
31926,0
31927,1
31930,0
31934,1
31935,1
31936,1
31937,0
31938,1
31939,1
31941,1
31942,0
31943,0
31947,1
31949,0
31951,0
31952,1
31953,1
31954,0
31962,1
31963,1
31965,1
31966,1
31968,0
31972,0
31973,1
31974,0
31975,0
31976,1
31979,0
31984,0
31986,1
31988,0
31989,1
31990,0
31991,1
31992,1
31994,1
32001,0
32004,0
32005,0
32006,1
32010,1
32011,0
32015,1
32017,0
32031,1
32032,1
32033,1
32034,1
32035,0
32036,0
32037,1
32038,0
32039,0
32041,0
32042,0
32047,0
32048,0
32050,0
32052,0
32053,1
32055,1
32056,0
32058,0
32059,0
32060,0
32067,1
32074,1
32075,0
32077,0
32080,1
32081,0
32082,1
32085,0
32088,0
32090,0
32094,1
32097,1
32098,0
32099,0
32104,1
32109,1
32115,0
32116,0
32118,0
32119,0
32130,0
32131,0
32132,0
32135,1
32136,1
32140,1
32145,1
32149,1
32150,0
32151,0
32153,0
32162,0
32165,0
32170,0
32175,0
32180,0
32181,1
32182,0
32183,0
32185,0
32188,0
32189,0
32194,0
32196,0
32203,0
32205,0
32206,1
32207,0
32208,0
32209,1
32210,1
32211,0
32220,1
32225,1
32233,1
32235,0
32236,1
32238,0
32240,0
32244,0
32246,1
32248,0
32250,0
32253,0
32254,1
32258,1
32261,1
32262,1
32264,1
32266,1
32268,0
32269,0
32272,0
32273,0
32277,1
32278,0
32281,1
32282,1
32288,1
32292,1
32295,0
32299,0
32301,1
32303,0
32306,1
32307,0
32309,0
32311,0
32313,0
32315,1
32316,1
32317,0
32325,0
32327,1
32329,0
32331,1
32332,0
32335,1
32337,0
32342,0
32346,0
32348,1
32350,0
32351,0
32352,1
32355,0
32356,1
32362,1
32365,0
32367,0
32368,1
32370,0
32372,1
32374,0
32378,0
32379,1
32381,0
32382,0
32389,1
32395,0
32396,0
32399,1
32400,1
32402,0
32405,0
32406,1
32412,0
32413,0
32414,0
32421,0
32423,1
32427,1
32435,0
32438,0
32440,0
32441,1
32443,1
32444,1
32445,1
32448,1
32450,0
32452,0
32454,1
32457,1
32460,0
32461,1
32462,0
32476,0
32477,1
32478,1
32479,1
32480,0
32483,1
32484,1
32485,1
32486,0
32488,0
32489,0
32492,0
32494,0
32495,0
32496,0
32506,1
32507,0
32515,0
32516,1
32518,0
32522,1
32523,1
32528,1
32530,1
32534,1
32535,0
32541,1
32543,0
32546,0
32548,1
32549,1
32550,1
32552,0
32554,1
32556,1
32561,0
32562,0
32564,1
32570,0
32571,0
32574,0
32578,0
32581,1
32585,1
32593,1
32595,1
32599,1
32605,0
32606,0
32608,0
32610,0
32611,0
32615,0
32616,1
32619,0
32621,0
32624,1
32625,1
32631,0
32633,0
32634,0
32635,1
32637,1
32639,1
32641,0
32645,0
32646,1
32647,0
32648,1
32649,1
32650,0
32651,1
32652,0
32654,0
32656,1
32661,0
32664,1
32666,0
32667,0
32669,1
32676,0
32677,1
32679,1
32682,1
32685,0
32686,0
32687,1
32692,1
32695,1
32697,0
32698,1
32699,0
32703,0
32705,0
32711,1
32714,0
32716,1
32720,1
32725,0
32728,1
32733,1
32734,0
32735,1
32740,0
32744,1
32746,0
32747,0
32748,1
32750,1
32751,0
32753,0
32754,0
32756,0
32757,1
32759,0
32761,1
32762,0
32763,1
32767,0
32770,1
32772,0
32773,1
32775,0
32777,0
32778,1
32781,0
32782,0
32786,0
32788,0
32789,1
32792,0
32795,0
32796,1
32798,0
32803,0
32805,1
32809,1
32812,0
32813,0
32816,1
32818,1
32819,1
32823,1
32824,0
32825,0
32829,1
32833,0
32836,0
32837,0
32839,0
32840,0
32841,1
32842,0
32847,0
32849,0
32850,1
32855,1
32858,1
32864,1
32869,1
32870,1
32872,0
32877,1
32878,1
32883,0
32885,0
32886,1
32887,1
32888,0
32889,1
32890,1
32891,0
32892,0
32893,0
32894,0
32895,0
32896,0
32898,0
32899,0
32900,0
32901,1
32902,0
32904,1
32906,1
32907,0
32908,1
32914,0
32915,1
32917,1
32919,1
32922,0
32923,1
32924,1
32925,1
32927,1
32928,0
32929,1
32931,1
32942,0
32944,0
32945,0
32951,0
32953,0
32954,0
32955,0
32958,1
32959,0
32960,1
32962,1
32965,1
32971,0
32973,0
32975,1
32976,0
32977,1
32982,0
32983,0
32986,1
32996,1
32999,1
33001,0
33003,0
33006,0
33011,0
33012,0
33014,1
33015,1
33023,0
33025,1
33027,1
33028,0
33031,0
33034,0
33035,1
33036,0
33037,1
33042,1
33057,1
33058,0
33068,1
33069,0
33070,0
33071,0
33073,0
33076,1
33081,1
33082,1
33085,1
33086,0
33088,1
33091,0
33092,0
33097,0
33100,1
33101,0
33103,0
33104,0
33106,0
33108,0
33110,0
33113,1
33116,1
33123,1
33124,0
33126,1
33128,1
33130,1
33133,1
33139,1
33141,1
33142,0
33144,0
33147,1
33148,0
33151,0
33152,1
33154,1
33157,0
33159,1
33160,0
33161,0
33167,0
33178,0
33179,0
33181,0
33183,0
33185,0
33186,1
33188,0
33190,0
33191,1
33192,0
33193,1
33194,1
33198,0
33200,0
33204,0
33206,0
33207,0
33208,0
33209,0
33211,0
33212,0
33213,0
33217,1
33224,0
33232,0
33233,0
33237,1
33242,0
33245,1
33246,0
33247,0
33248,0
33249,0
33250,1
33253,0
33256,1
33257,1
33263,0
33269,0
33271,0
33272,0
33274,0
33278,0
33280,0
33281,1
33283,1
33287,1
33290,0
33291,1
33294,1
33299,0
33309,0
33312,1
33313,1
33314,1
33315,0
33320,1
33322,0
33323,1
33325,1
33330,0
33332,1
33333,1
33334,1
33336,0
33343,1
33344,1
33345,1
33347,0
33349,1
33351,0
33356,0
33357,1
33359,1
33363,0
33364,0
33365,0
33366,0
33367,0
33373,0
33381,1
33383,0
33384,0
33388,0
33392,0
33396,1
33397,1
33403,1
33406,1
33408,0
33410,1
33412,1
33413,1
33423,1
33424,0
33425,0
33428,1
33431,0
33432,0
33437,1
33438,1
33440,0
33441,1
33442,0
33443,0
33444,0
33445,1
33452,1
33459,0
33460,0
33468,0
33470,0
33471,0
33472,1
33473,0
33477,0
33478,1
33482,0
33483,0
33484,0
33485,0
33491,0
33492,0
33494,1
33495,0
33496,0
33499,0
33502,0
33505,1
33508,1
33510,1
33514,1
33518,1
33519,0
33521,0
33522,1
33524,0
33527,1
33530,1
33536,1
33537,1
33539,1
33540,0
33541,1
33543,0
33545,1
33552,1
33554,0
33556,1
33559,1
33561,1
33563,0
33566,0
33567,0
33571,0
33573,0
33576,1
33583,1
33584,1
33588,1
33594,0
33597,1
33602,0
33605,0
33606,0
33607,0
33609,0
33610,1
33612,0
33614,1
33615,0
33616,1
33618,0
33619,1
33620,0
33626,1
33627,0
33630,1
33632,0
33634,1
33635,0
33637,0
33640,0
33643,0
33644,0
33645,0
33646,1
33648,0
33651,0
33653,0
33656,1
33658,1
33659,1
33663,0
33664,0
33666,1
33667,0
33668,0
33669,1
33670,0
33673,0
33677,1
33678,0
33682,1
33684,0
33685,0
33686,0
33687,0
33691,1
33695,0
33696,0
33697,0
33700,0
33702,0
33704,0
33705,1
33714,0
33719,0
33723,0
33724,1
33728,1
33732,0
33734,0
33735,0
33738,0
33743,0
33744,0
33745,1
33747,0
33748,0
33749,0
33750,1
33751,0
33752,0
33757,0
33758,1
33767,0
33769,1
33771,0
33778,1
33781,0
33784,0
33788,1
33790,0
33791,1
33793,0
33796,0
33798,1
33801,0
33806,1
33808,1
33810,0
33811,0
33814,0
33816,1
33817,1
33818,0
33821,0
33823,1
33827,0
33828,0
33831,1
33832,1
33834,0
33837,1
33838,1
33840,1
33843,0
33846,1
33847,0
33848,0
33849,0
33850,1
33851,0
33852,0
33853,0
33854,1
33856,0
33859,1
33865,0
33868,1
33870,1
33872,1
33876,0
33885,1
33887,1
33889,0
33891,0
33892,1
33893,1
33894,0
33898,1
33899,0
33901,0
33902,0
33903,0
33904,1
33907,1
33910,0
33920,0
33921,0
33924,1
33925,1
33927,1
33928,0
33930,1
33931,0
33933,1
33944,0
33945,0
33946,0
33947,1
33949,1
33954,0
33955,0
33956,0
33957,1
33959,1
33962,1
33964,1
33966,1
33967,1
33975,0
33976,0
33979,1
33980,0
33981,1
33984,0
33986,1
33989,0
33990,1
33991,1
33992,1
33996,0
34006,1
34007,1
34011,1
34012,0
34013,1
34014,0
34015,1
34017,0
34018,1
34019,1
34020,0
34022,0
34026,0
34030,0
34033,0
34036,0
34038,1
34040,0
34050,0
34051,0
34053,1
34055,1
34057,0
34058,0
34060,0
34066,1
34068,0
34070,0
34075,0
34077,0
34078,0
34079,1
34083,1
34084,1
34086,0
34087,1
34088,1
34089,0
34090,0
34092,1
34094,0
34097,0
34099,1
34103,1
34105,0
34107,0
34108,1
34110,1
34114,1
34124,0
34126,0
34129,0
34135,0
34141,0
34143,0
34145,0
34146,1
34148,1
34149,1
34150,0
34151,0
34154,0
34155,0
34158,0
34160,1
34161,0
34163,1
34173,0
34174,0
34175,0
34176,1
34182,0
34187,0
34189,1
34190,1
34193,1
34194,1
34195,0
34200,0
34201,0
34203,1
34206,1
34215,0
34218,1
34221,0
34223,0
34227,0
34234,1
34235,0
34237,0
34239,1
34250,0
34252,1
34256,0
34258,0
34265,0
34267,0
34271,0
34272,0
34275,1
34276,0
34277,1
34278,0
34280,0
34281,1
34286,0
34287,0
34289,0
34291,1
34300,1
34301,0
34302,0
34316,1
34317,0
34318,0
34320,0
34321,0
34324,1
34325,0
34331,0
34332,0
34333,0
34338,0
34342,1
34343,0
34351,0
34354,0
34358,1
34359,1
34360,0
34363,0
34365,1
34368,1
34370,1
34373,1
34375,1
34377,0
34378,0
34379,0
34381,1
34383,0
34385,1
34387,0
34389,1
34393,0
34394,0
34396,1
34397,0
34400,1
34410,1
34412,0
34414,1
34416,1
34417,1
34419,0
34420,0
34421,0
34422,0
34425,1
34427,0
34428,1
34429,1
34432,0
34433,0
34439,0
34441,0
34444,0
34446,1
34447,1
34449,1
34451,1
34452,0
34454,0
34455,0
34456,0
34457,0
34458,0
34463,1
34464,0
34465,0
34468,0
34469,1
34470,0
34471,0
34474,0
34475,0
34476,1
34480,0
34481,1
34482,1
34483,0
34486,1
34491,0
34492,1
34498,0
34499,1
34500,0
34503,1
34507,1
34509,0
34512,1
34513,0
34514,0
34515,1
34516,0
34517,0
34522,0
34527,1
34528,1
34529,1
34531,0
34534,0
34539,0
34545,1
34546,0
34547,1
34548,0
34549,1
34553,0
34555,1
34557,0
34560,1
34561,0
34563,1
34564,1
34570,1
34571,0
34572,1
34574,1
34578,0
34581,0
34582,0
34583,0
34585,1
34586,0
34588,1
34593,0
34594,0
34597,0
34598,1
34599,0
34600,1
34603,1
34604,1
34605,1
34607,1
34609,0
34613,1
34614,0
34618,0
34620,1
34626,1
34629,1
34630,0
34638,1
34639,0
34641,1
34642,0
34645,0
34649,1
34650,1
34651,1
34653,0
34655,0
34657,0
34658,0
34663,0
34664,0
34665,1
34666,1
34667,1
34668,1
34676,0
34680,1
34685,0
34687,1
34688,0
34689,0
34692,0
34695,0
34696,1
34697,1
34699,0
34703,1
34706,1
34709,1
34715,0
34716,0
34723,0
34728,0
34729,1
34730,1
34733,0
34735,0
34739,0
34740,0
34746,0
34749,1
34750,1
34755,0
34758,0
34759,0
34760,0
34768,1
34769,0
34771,1
34772,1
34773,0
34775,0
34780,1
34781,0
34789,1
34790,1
34792,0
34793,1
34798,0
34802,1
34804,0
34805,1
34809,1
34814,0
34815,0
34816,0
34818,1
34819,1
34822,1
34823,0
34824,0
34825,0
34826,0
34827,0
34828,1
34829,0
34831,1
34834,1
34836,0
34844,1
34845,1
34848,0
34849,0
34850,0
34855,0
34856,0
34860,1
34866,0
34867,1
34869,1
34871,0
34873,1
34874,0
34875,0
34877,0
34878,0
34880,0
34882,1
34883,1
34885,0
34886,1
34887,0
34889,1
34890,1
34896,1
34898,1
34899,1
34900,1
34901,0
34902,1
34905,1
34907,0
34911,0
34912,1
34913,1
34914,1
34915,0
34916,0
34920,0
34922,0
34924,0
34926,0
34927,1
34928,0
34932,0
34933,0
34938,0
34941,0
34943,0
34946,1
34948,0
34949,0
34950,0
34953,1
34954,0
34960,1
34963,1
34971,1
34972,0
34973,0
34974,1
34976,1
34979,1
34980,0
34984,0
34985,0
34993,1
34995,0
34997,0
35000,1
35002,0
35003,0
35004,0
35009,0
35010,0
35013,1
35014,0
35015,1
35019,1
35020,1
35024,1
35025,1
35029,1
35030,0
35033,1
35035,0
35040,1
35047,1
35048,0
35050,1
35051,0
35055,1
35057,0
35059,1
35060,0
35061,0
35062,1
35063,1
35064,0
35065,0
35066,1
35067,1
35068,0
35072,0
35077,0
35078,0
35081,0
35086,1
35089,1
35090,0
35096,0
35100,0
35101,0
35102,0
35104,0
35105,1
35107,1
35108,1
35109,1
35110,1
35115,0
35120,1
35121,0
35123,1
35125,0
35126,0
35127,0
35129,1
35130,1
35132,0
35133,1
35137,0
35138,1
35141,0
35143,0
35144,0
35146,0
35149,0
35150,1
35154,0
35158,0
35159,0
35165,0
35166,1
35167,0
35169,0
35170,1
35173,1
35175,1
35177,0
35180,0
35181,1
35182,1
35185,1
35188,0
35189,0
35190,1
35191,1
35193,1
35196,1
35202,0
35204,1
35206,0
35208,1
35209,0
35210,1
35211,0
35220,0
35222,1
35223,1
35228,0
35234,1
35236,0
35237,0
35238,1
35241,0
35243,1
35245,0
35248,0
35249,0
35253,1
35257,1
35259,1
35260,1
35267,1
35270,0
35271,0
35275,0
35276,0
35278,0
35283,0
35286,0
35287,0
35288,0
35292,1
35296,1
35297,0
35306,0
35315,1
35316,1
35321,1
35322,0
35325,1
35327,0
35330,0
35333,1
35334,1
35335,0
35337,0
35339,1
35341,1
35344,1
35347,1
35349,0
35351,1
35354,0
35356,1
35359,1
35362,0
35363,1
35364,0
35366,1
35367,0
35371,0
35374,0
35380,0
35381,0
35387,0
35390,0
35391,0
35392,1
35395,1
35397,1
35398,1
35401,1
35406,0
35408,1
35411,0
35414,0
35415,1
35418,0
35431,0
35437,1
35438,1
35439,1
35444,1
35446,1
35451,1
35453,1
35458,0
35460,0
35461,1
35462,1
35465,1
35466,1
35467,0
35470,1
35471,0
35473,1
35474,1
35475,0
35477,0
35479,0
35480,0
35481,0
35482,0
35486,1
35487,0
35488,1
35490,0
35491,0
35492,1
35495,0
35497,0
35500,1
35502,1
35507,0
35510,0
35512,1
35513,1
35514,0
35515,0
35517,0
35522,1
35523,1
35524,0
35525,1
35529,0
35530,0
35539,1
35542,1
35547,0
35549,0
35550,1
35556,0
35559,0
35561,0
35565,1
35566,1
35567,0
35568,1
35570,0
35571,0
35573,1
35574,1
35575,1
35576,1
35580,0
35582,1
35588,0
35590,1
35592,0
35595,1
35598,0
35601,1
35603,1
35605,0
35609,1
35610,1
35611,1
35614,0
35616,1
35617,0
35622,0
35626,0
35627,1
35628,1
35631,0
35632,0
35633,1
35640,0
35645,1
35647,1
35651,1
35653,1
35655,0
35656,1
35657,0
35660,0
35663,0
35666,0
35667,0
35672,1
35673,1
35676,1
35678,0
35680,0
35682,1
35684,1
35687,1
35688,1
35689,0
35691,1
35692,1
35699,0
35701,0
35702,1
35703,0
35705,0
35708,0
35710,0
35712,1
35713,1
35716,1
35717,1
35719,1
35722,0
35725,0
35726,1
35731,0
35734,1
35735,0
35736,0
35738,0
35740,1
35743,0
35744,0
35745,0
35746,0
35754,0
35758,1
35761,0
35762,0
35766,1
35770,0
35771,1
35772,1
35773,0
35774,1
35775,0
35777,0
35779,1
35783,0
35784,0
35787,1
35792,1
35796,1
35797,0
35799,0
35800,0
35802,0
35803,0
35804,1
35809,0
35813,0
35817,0
35818,0
35819,0
35821,0
35822,1
35828,0
35829,0
35832,1
35835,0
35836,1
35837,1
35838,1
35839,0
35840,0
35844,1
35846,1
35848,0
35852,1
35853,0
35855,0
35858,1
35859,1
35861,0
35862,0
35867,1
35868,1
35871,0
35872,1
35875,1
35879,1
35880,1
35883,1
35885,1
35891,1
35893,1
35895,0
35901,1
35903,1
35907,0
35910,0
35911,1
35914,1
35917,1
35919,1
35927,0
35929,0
35934,0
35937,0
35938,1
35941,1
35942,0
35943,0
35944,0
35945,1
35948,1
35952,1
35958,1
35961,0
35962,0
35963,0
35964,1
35966,1
35967,0
35969,0
35972,0
35975,0
35978,0
35982,0
35988,0
35994,0
35996,0
35998,0
36001,1
36002,1
36004,1
36007,1
36009,0
36014,1
36015,0
36016,1
36017,1
36018,0
36021,1
36022,0
36026,1
36031,1
36033,0
36034,0
36036,1
36039,1
36044,0
36045,0
36046,0
36051,0
36053,1
36055,1
36058,0
36060,0
36061,1
36068,1
36070,0
36072,0
36073,0
36074,1
36076,0
36080,1
36082,0
36084,1
36086,0
36090,1
36091,0
36092,0
36095,0
36100,0
36102,1
36103,0
36104,1
36111,1
36112,1
36117,1
36118,1
36119,0
36120,0
36121,0
36125,1
36129,0
36130,1
36131,0
36134,0
36137,1
36140,1
36141,1
36142,1
36147,0
36150,1
36152,1
36153,1
36156,0
36157,1
36165,0
36169,1
36170,1
36171,0
36172,0
36174,1
36175,1
36177,1
36181,1
36191,1
36192,1
36194,1
36195,1
36198,1
36199,0
36200,1
36202,1
36203,1
36205,1
36206,0
36208,0
36210,0
36211,1
36214,0
36218,0
36220,0
36225,0
36226,0
36229,1
36230,0
36232,0
36235,0
36243,1
36244,0
36246,0
36250,1
36251,1
36253,0
36254,0
36263,1
36265,1
36268,0
36280,1
36283,0
36285,1
36287,1
36288,1
36289,1
36290,1
36292,1
36294,0
36297,1
36300,0
36302,1
36304,0
36307,0
36311,0
36312,1
36314,1
36315,0
36317,0
36319,0
36322,0
36323,0
36325,1
36327,0
36328,0
36329,1
36336,0
36337,1
36338,0
36339,1
36341,1
36344,0
36345,1
36346,1
36347,0
36351,0
36354,1
36355,0
36357,1
36359,0
36363,0
36364,1
36365,1
36368,0
36372,0
36378,0
36379,0
36381,0
36384,1
36385,0
36393,0
36395,1
36396,0
36397,0
36398,1
36401,1
36404,1
36406,1
36408,0
36409,0
36410,0
36419,1
36420,1
36426,0
36427,1
36429,1
36431,0
36432,0
36433,1
36434,0
36437,0
36439,1
36440,1
36442,0
36446,1
36450,1
36453,0
36454,0
36456,0
36458,0
36462,1
36463,1
36464,0
36465,1
36466,0
36467,1
36468,1
36469,1
36472,0
36474,1
36476,1
36477,0
36478,0
36479,1
36484,1
36486,1
36494,1
36499,0
36502,0
36503,1
36504,1
36506,0
36508,0
36510,1
36513,0
36516,1
36523,1
36532,0
36535,1
36537,1
36540,1
36542,0
36543,1
36544,0
36545,1
36548,0
36549,1
36556,0
36558,0
36559,0
36563,0
36565,1
36571,1
36574,0
36582,1
36586,0
36590,1
36592,1
36593,1
36594,1
36595,0
36599,1
36602,0
36604,1
36606,0
36608,1
36610,1
36612,0
36613,0
36615,0
36620,1
36625,1
36627,0
36630,0
36632,0
36633,1
36634,0
36635,1
36636,1
36637,1
36641,0
36643,0
36646,0
36650,1
36653,1
36655,0
36657,0
36658,1
36660,1
36661,0
36663,1
36668,1
36671,1
36681,1
36685,0
36687,0
36688,0
36689,0
36695,0
36696,1
36700,1
36701,0
36703,1
36704,1
36708,0
36717,0
36718,1
36721,0
36725,0
36726,0
36729,1
36730,0
36732,1
36733,0
36736,1
36742,0
36743,0
36745,0
36747,1
36749,1
36757,1
36759,0
36760,1
36764,1
36765,1
36771,1
36772,0
36773,1
36776,0
36777,0
36779,1
36782,1
36787,1
36788,1
36789,1
36790,1
36792,0
36793,1
36796,1
36797,1
36798,0
36799,0
36806,1
36808,1
36810,1
36812,1
36818,0
36820,0
36822,1
36827,0
36828,1
36834,1
36837,0
36841,0
36842,0
36844,0
36846,1
36850,1
36853,0
36854,0
36859,0
36865,0
36867,1
36873,0
36878,1
36879,0
36882,1
36888,1
36892,0
36894,1
36906,0
36907,0
36909,0
36912,1
36913,0
36914,0
36916,1
36917,1
36918,0
36924,0
36925,1
36928,1
36929,0
36930,1
36931,1
36932,1
36937,1
36939,1
36941,1
36942,0
36945,1
36949,0
36951,0
36952,1
36955,1
36961,0
36962,0
36964,1
36965,0
36966,0
36971,0
36972,0
36973,1
36974,1
36975,1
36976,0
36978,1
36980,1
36981,1
36982,1
36985,0
36986,0
36987,0
36988,0
36989,1
36991,1
36993,0
36996,1
36998,1
37002,1
37003,0
37004,0
37005,1
37006,1
37007,1
37008,0
37009,1
37013,0
37015,1
37021,0
37025,1
37027,0
37028,0
37030,1
37031,1
37035,0
37036,0
37037,1
37040,1
37045,1
37046,1
37047,0
37048,1
37049,1
37050,0
37052,0
37053,1
37054,1
37055,1
37056,0
37060,1
37061,0
37065,0
37068,0
37069,1
37073,0
37078,1
37081,1
37084,0
37086,1
37094,1
37095,0
37101,0
37104,0
37106,1
37108,1
37109,0
37110,1
37111,0
37113,1
37115,1
37116,1
37123,1
37124,1
37127,1
37129,1
37137,1
37140,0
37144,0
37145,0
37146,0
37147,0
37151,0
37152,1
37156,0
37159,0
37163,1
37167,1
37173,1
37175,0
37176,0
37179,0
37180,1
37181,0
37186,1
37191,0
37193,0
37195,1
37197,1
37206,0
37211,1
37213,1
37214,1
37217,1
37220,1
37225,1
37232,1
37233,1
37235,0
37236,0
37237,0
37238,0
37240,1
37242,1
37245,0
37246,0
37249,1
37253,0
37258,1
37259,0
37260,0
37262,1
37265,1
37278,0
37280,0
37288,0
37293,1
37298,0
37299,1
37301,0
37302,0
37305,0
37312,0
37313,1
37317,0
37318,1
37319,0
37321,0
37322,0
37333,0
37335,0
37338,1
37339,1
37341,1
37343,1
37348,0
37349,1
37351,1
37352,1
37353,0
37355,0
37356,1
37357,0
37358,1
37360,1
37361,0
37362,1
37364,0
37367,0
37368,1
37371,0
37378,0
37379,0
37380,0
37382,1
37383,1
37384,1
37388,1
37391,1
37392,1
37393,1
37395,1
37396,1
37397,0
37398,0
37401,1
37402,0
37406,0
37407,0
37412,0
37413,0
37414,0
37417,1
37418,1
37420,1
37425,0
37427,1
37438,1
37441,0
37444,1
37446,0
37447,1
37448,1
37449,1
37450,0
37451,0
37452,0
37454,1
37457,0
37461,1
37463,0
37464,1
37465,1
37466,1
37467,0
37468,1
37469,0
37472,0
37475,0
37476,0
37477,1
37481,1
37487,0
37488,1
37491,0
37493,1
37500,0
37501,0
37502,1
37506,0
37507,1
37508,0
37512,1
37514,1
37516,1
37517,1
37528,0
37535,0
37540,1
37541,1
37542,1
37544,0
37549,1
37550,0
37551,0
37555,1
37558,1
37560,0
37561,1
37562,1
37563,0
37565,0
37566,0
37569,1
37570,0
37571,1
37573,1
37575,1
37578,1
37579,0
37581,0
37582,1
37583,1
37586,1
37587,1
37590,1
37599,1
37601,0
37606,0
37607,0
37609,1
37611,1
37612,0
37613,1
37614,0
37616,1
37619,1
37620,1
37622,0
37624,1
37625,0
37628,0
37629,0
37631,1
37633,0
37634,1
37639,0
37641,1
37642,1
37643,0
37644,1
37647,1
37649,0
37651,0
37652,0
37654,1
37655,0
37658,1
37661,0
37662,1
37663,1
37670,0
37673,1
37675,1
37676,0
37679,0
37681,1
37684,1
37688,1
37690,1
37692,0
37700,0
37701,0
37704,0
37705,1
37706,1
37708,0
37709,0
37710,1
37711,1
37712,1
37720,0
37722,1
37723,0
37724,1
37725,0
37727,1
37731,1
37736,0
37742,0
37743,1
37746,0
37750,0
37752,0
37753,0
37755,1
37759,0
37762,0
37765,1
37766,0
37767,0
37771,1
37772,1
37776,0
37777,0
37778,0
37781,1
37787,1
37788,0
37793,0
37795,1
37796,0
37797,1
37798,0
37801,0
37804,1
37808,0
37809,0
37812,0
37817,0
37821,0
37823,1
37824,1
37825,0
37827,1
37830,0
37832,0
37834,0
37835,0
37836,1
37842,0
37843,1
37844,0
37845,1
37850,0
37852,1
37853,1
37855,0
37856,0
37857,0
37859,1
37860,1
37861,1
37862,1
37865,0
37867,0
37868,0
37869,1
37871,1
37872,1
37874,0
37879,1
37885,1
37886,1
37887,0
37889,0
37891,1
37896,1
37898,1
37901,0
37905,0
37907,1
37911,1
37912,0
37913,1
37916,1
37917,0
37918,1
37919,0
37922,1
37925,0
37929,0
37932,0
37934,1
37936,1
37938,0
37940,0
37942,0
37948,0
37949,1
37951,0
37956,1
37957,0
37962,0
37963,0
37965,0
37967,1
37971,1
37972,0
37974,1
37976,1
37977,0
37979,1
37981,1
37983,0
37986,0
37987,0
37990,1
37996,0
37998,0
38001,1
38005,0
38008,1
38009,0
38010,0
38011,1
38017,0
38019,0
38020,0
38023,0
38025,1
38031,0
38033,1
38034,0
38035,0
38043,1
38046,0
38050,1
38054,1
38056,1
38057,0
38067,1
38070,1
38073,1
38076,1
38077,1
38080,1
38081,1
38085,1
38086,0
38088,0
38090,0
38092,1
38094,1
38100,1
38102,1
38103,0
38104,0
38105,0
38108,0
38114,0
38115,0
38117,0
38118,1
38121,1
38123,0
38124,1
38128,0
38132,0
38134,1
38136,0
38138,1
38144,1
38145,0
38148,0
38149,1
38150,1
38152,0
38153,0
38154,1
38156,0
38158,1
38160,1
38162,1
38163,0
38164,1
38165,1
38171,0
38176,0
38178,0
38181,0
38182,0
38184,1
38196,0
38197,0
38199,0
38203,0
38204,1
38207,1
38209,1
38211,1
38216,0
38219,1
38221,0
38224,0
38226,1
38232,1
38233,0
38235,0
38236,1
38237,0
38243,1
38245,0
38250,0
38251,1
38254,1
38258,0
38263,1
38264,0
38267,0
38271,1
38273,0
38274,0
38280,1
38282,0
38284,0
38285,0
38287,1
38288,0
38290,1
38291,0
38292,1
38293,1
38299,0
38301,0
38302,0
38303,1
38307,1
38308,1
38310,0
38315,1
38319,0
38320,0
38322,0
38323,1
38326,1
38327,0
38328,0
38329,0
38331,1
38332,0
38333,0
38334,1
38335,0
38337,0
38338,1
38339,0
38341,0
38342,1
38344,0
38345,0
38346,0
38348,1
38350,1
38351,1
38356,0
38358,0
38362,1
38363,1
38367,1
38368,1
38369,0
38371,1
38372,0
38373,1
38374,0
38377,0
38385,1
38386,0
38388,1
38391,1
38394,0
38395,1
38396,0
38399,1
38403,0
38405,1
38407,0
38412,1
38415,1
38420,0
38424,1
38426,0
38430,0
38432,1
38433,0
38438,0
38441,1
38446,0
38449,0
38450,1
38455,1
38458,0
38462,1
38465,1
38467,1
38468,0
38469,1
38470,0
38471,0
38472,0
38474,1
38475,1
38480,1
38485,1
38486,1
38488,1
38489,1
38491,0
38492,0
38499,1
38503,0
38504,0
38507,1
38512,1
38513,1
38514,1
38515,0
38516,0
38517,0
38519,1
38524,1
38531,1
38534,0
38539,1
38542,0
38547,0
38549,0
38551,1
38552,0
38555,0
38556,0
38567,0
38568,0
38569,1
38574,0
38576,1
38577,1
38578,1
38579,1
38580,1
38583,0
38584,1
38591,1
38592,1
38596,0
38598,1
38604,0
38615,1
38617,1
38618,0
38623,1
38627,0
38631,0
38632,1
38635,1
38638,1
38640,0
38642,0
38643,1
38644,0
38646,0
38647,0
38648,0
38650,1
38651,0
38654,0
38655,0
38658,0
38661,1
38663,0
38665,0
38668,1
38670,0
38671,1
38674,0
38675,1
38676,0
38680,1
38682,1
38685,0
38690,0
38695,1
38700,1
38703,1
38705,1
38706,0
38707,0
38709,1
38710,0
38711,0
38715,1
38719,0
38721,0
38722,0
38723,1
38725,0
38727,1
38729,1
38731,1
38733,1
38735,1
38743,1
38744,1
38749,1
38750,0
38751,1
38752,1
38753,1
38755,1
38756,1
38759,0
38761,0
38768,1
38772,0
38773,1
38777,0
38778,1
38781,0
38783,0
38784,1
38786,0
38787,1
38789,0
38791,0
38792,1
38793,1
38794,0
38795,1
38796,1
38798,0
38799,0
38800,1
38803,0
38805,0
38808,1
38811,1
38815,0
38817,1
38822,1
38824,0
38830,0
38833,1
38834,1
38835,1
38838,1
38840,1
38841,0
38850,0
38852,1
38853,1
38855,1
38856,0
38857,0
38860,1
38864,0
38866,0
38867,0
38868,0
38869,0
38872,1
38875,1
38880,1
38885,1
38889,1
38891,0
38892,0
38898,0
38901,0
38904,1
38906,1
38909,1
38911,1
38912,1
38915,0
38916,1
38923,1
38925,0
38926,0
38929,1
38930,0
38933,1
38934,1
38935,0
38937,1
38943,1
38944,1
38948,1
38949,1
38951,1
38952,0
38953,0
38954,1
38956,0
38958,0
38964,1
38966,1
38971,1
38972,0
38973,1
38977,0
38978,0
38979,0
38986,0
38987,1
38988,1
38990,1
38993,0
38994,0
38996,1
38998,0
39002,0
39005,1
39006,1
39011,1
39016,1
39019,0
39020,1
39023,1
39024,0
39025,1
39030,1
39036,0
39038,1
39039,0
39040,0
39042,0
39043,0
39045,1
39047,0
39051,1
39052,0
39053,0
39057,0
39058,0
39059,0
39060,0
39065,1
39069,0
39070,0
39072,0
39073,1
39078,1
39079,0
39081,0
39086,1
39087,0
39088,1
39089,0
39090,1
39095,0
39097,1
39098,1
39099,1
39100,1
39102,0
39108,0
39109,1
39110,0
39119,0
39120,1
39123,0
39125,1
39133,1
39134,0
39136,1
39140,0
39141,1
39143,0
39145,0
39146,1
39149,0
39152,1
39158,0
39160,0
39161,0
39162,0
39166,0
39167,1
39169,1
39171,1
39172,0
39173,1
39174,0
39175,1
39177,1
39178,1
39186,1
39190,0
39193,1
39200,1
39201,1
39202,1
39205,0
39206,0
39212,1
39214,1
39220,0
39223,1
39225,1
39230,0
39234,0
39235,0
39240,1
39243,0
39245,1
39249,0
39251,1
39252,1
39254,0
39255,0
39257,0
39260,1
39263,0
39265,0
39269,1
39270,0
39281,1
39283,0
39285,0
39286,1
39290,0
39296,0
39297,1
39298,1
39303,0
39304,0
39305,1
39307,0
39308,1
39309,1
39315,0
39316,1
39317,0
39319,1
39320,1
39322,1
39323,0
39326,0
39333,0
39334,1
39338,1
39347,1
39348,0
39349,1
39350,0
39352,1
39356,0
39357,0
39359,0
39360,0
39364,0
39365,1
39367,0
39368,1
39370,1
39371,0
39373,0
39374,0
39375,0
39376,1
39381,1
39386,1
39388,1
39394,0
39395,1
39399,0
39402,0
39403,0
39405,0
39410,1
39414,1
39419,0
39420,1
39426,0
39436,0
39438,0
39440,0
39444,0
39445,0
39448,0
39453,0
39456,0
39457,1
39460,1
39469,0
39470,1
39472,1
39473,0
39479,1
39491,1
39492,0
39493,1
39496,0
39498,0
39500,1
39502,1
39504,1
39507,1
39514,1
39517,0
39518,0
39520,0
39524,0
39525,0
39533,1
39534,1
39536,0
39538,1
39539,0
39545,0
39547,0
39549,0
39551,0
39552,1
39553,0
39556,0
39559,1
39562,0
39564,1
39569,1
39570,1
39572,0
39577,1
39578,1
39579,1
39580,1
39582,0
39583,0
39586,0
39587,1
39591,1
39594,1
39595,0
39600,1
39601,1
39602,0
39603,1
39604,1
39606,0
39611,0
39614,1
39617,0
39618,0
39620,1
39623,0
39626,0
39628,0
39631,0
39636,1
39638,1
39639,0
39650,1
39651,0
39654,1
39656,1
39661,0
39662,0
39663,1
39664,0
39665,0
39675,0
39682,0
39683,0
39684,0
39685,0
39695,0
39696,0
39698,1
39701,0
39707,1
39710,0
39713,0
39717,1
39720,1
39726,0
39729,0
39730,0
39734,0
39737,0
39739,0
39740,0
39741,0
39746,1
39749,0
39750,1
39756,0
39760,0
39765,0
39766,0
39767,1
39768,0
39771,1
39772,1
39774,1
39775,0
39776,1
39777,1
39778,1
39780,0
39781,1
39782,1
39783,0
39785,0
39791,0
39792,1
39793,0
39794,0
39795,0
39797,1
39798,1
39799,1
39804,0
39807,1
39808,1
39810,1
39811,0
39812,0
39816,0
39817,1
39819,0
39820,0
39823,0
39826,1
39827,0
39831,1
39832,1
39836,1
39837,0
39838,1
39845,1
39847,1
39850,0
39855,1
39859,1
39861,1
39862,0
39863,0
39864,0
39865,1
39867,1
39868,0
39869,0
39871,0
39875,0
39876,0
39879,0
39880,0
39883,1
39884,1
39891,0
39896,0
39897,1
39899,0
39900,1
39903,1
39905,1
39906,1
39909,0
39912,1
39914,1
39915,1
39917,1
39924,1
39927,0
39931,1
39932,1
39935,0
39938,1
39941,0
39944,1
39946,0
39949,0
39958,1
39964,0
39970,0
39971,0
39972,0
39976,1
39979,1
39980,0
39982,0
39983,1
39985,1
39987,1
39992,1
39996,0
39998,0
40007,1
40011,1
40016,1
40017,1
40019,1
40020,0
40022,0
40028,0
40030,0
40032,0
40035,1
40038,0
40044,0
40046,0
40047,0
40050,0
40053,0
40060,0
40061,1
40063,0
40064,1
40066,1
40068,1
40073,1
40078,0
40079,0
40081,0
40084,0
40089,0
40091,1
40094,1
40096,1
40097,1
40099,0
40100,0
40101,0
40104,0
40108,0
40109,0
40110,0
40113,1
40114,1
40115,1
40124,0
40126,0
40127,1
40128,1
40131,1
40133,0
40134,1
40136,1
40138,1
40139,0
40142,0
40145,1
40147,0
40151,1
40152,0
40154,0
40156,0
40157,0
40160,0
40164,1
40165,0
40168,0
40171,0
40176,0
40179,1
40184,0
40185,0
40187,1
40189,1
40190,1
40192,0
40193,1
40194,1
40195,1
40196,0
40201,1
40203,1
40205,1
40207,1
40211,1
40212,1
40213,0
40217,0
40223,1
40224,0
40226,1
40229,0
40232,0
40233,0
40244,0
40246,0
40247,1
40249,0
40252,0
40262,1
40264,0
40266,0
40267,1
40268,0
40277,0
40278,1
40282,1
40284,0
40286,0
40288,0
40291,0
40292,1
40294,0
40300,0
40301,0
40302,0
40303,1
40305,1
40307,0
40312,0
40313,1
40319,0
40320,1
40324,0
40325,1
40330,1
40342,0
40347,0
40349,1
40350,0
40353,0
40354,1
40355,0
40358,0
40366,1
40367,1
40371,0
40372,0
40373,0
40379,1
40383,0
40385,0
40390,1
40393,1
40394,0
40399,1
40402,0
40404,0
40406,0
40408,0
40409,0
40413,0
40414,0
40416,0
40418,1
40420,1
40421,0
40424,1
40426,1
40429,1
40431,0
40435,1
40444,1
40446,1
40451,0
40454,0
40456,1
40457,0
40458,1
40461,0
40463,0
40466,1
40467,0
40468,0
40470,0
40472,0
40479,1
40480,1
40481,0
40482,0
40485,0
40486,0
40487,1
40488,0
40490,0
40491,0
40493,1
40494,0
40496,0
40497,0
40498,1
40499,0
40501,0
40502,0
40504,0
40507,1
40509,0
40510,0
40511,0
40512,0
40513,0
40516,0
40525,1
40530,0
40534,1
40535,1
40539,1
40541,1
40542,1
40544,1
40545,0
40546,1
40549,1
40552,0
40556,0
40558,0
40559,0
40560,1
40561,0
40562,0
40564,1
40565,1
40578,0
40579,0
40583,1
40586,1
40587,1
40588,1
40593,0
40594,0
40599,0
40601,1
40604,0
40612,0
40615,1
40616,0
40617,1
40621,1
40628,1
40638,1
40640,1
40641,0
40642,1
40644,1
40645,0
40648,0
40653,0
40654,0
40656,1
40658,0
40662,0
40667,0
40670,0
40671,0
40678,1
40679,0
40682,0
40683,1
40684,0
40686,1
40688,0
40690,0
40691,0
40693,0
40696,0
40697,0
40701,1
40706,0
40707,0
40711,1
40715,0
40716,0
40717,0
40718,0
40720,0
40722,0
40723,0
40725,0
40726,1
40727,1
40729,1
40730,0
40732,1
40733,1
40739,1
40740,0
40741,0
40743,1
40744,1
40745,0
40746,1
40748,0
40749,0
40751,0
40752,1
40753,1
40754,0
40758,1
40759,0
40768,1
40775,0
40780,1
40782,0
40785,0
40786,0
40788,1
40791,1
40793,0
40794,1
40795,0
40797,0
40799,0
40803,0
40804,0
40816,1
40820,0
40822,1
40823,1
40829,0
40834,1
40835,1
40841,0
40842,0
40848,1
40851,0
40854,0
40855,0
40857,1
40858,1
40859,0
40861,0
40868,1
40874,1
40878,1
40880,0
40884,0
40891,0
40892,1
40894,1
40895,1
40896,0
40899,1
40900,0
40901,0
40903,0
40907,0
40914,0
40926,0
40929,0
40931,1
40932,0
40939,0
40943,0
40945,1
40946,1
40951,0
40955,0
40958,1
40960,1
40966,1
40968,0
40972,0
40973,1
40974,1
40975,1
40979,0
40980,1
40981,1
40986,1
40987,0
40988,1
40989,0
41002,0
41003,0
41009,0
41011,0
41015,0
41016,1
41017,1
41019,0
41022,0
41023,1
41026,1
41027,1
41028,0
41029,0
41030,1
41032,1
41036,1
41037,1
41040,0
41041,1
41044,0
41046,0
41047,1
41052,0
41053,1
41054,0
41055,1
41056,1
41057,1
41058,0
41060,0
41063,0
41064,0
41065,0
41068,0
41070,0
41071,0
41073,0
41074,0
41075,0
41077,0
41078,0
41081,1
41082,0
41083,0
41086,0
41089,0
41090,0
41091,1
41096,0
41099,0
41102,1
41108,0
41111,0
41112,1
41115,1
41116,1
41117,1
41118,1
41121,0
41122,0
41123,1
41125,0
41131,1
41132,1
41134,0
41135,1
41139,1
41140,0
41142,0
41147,0
41149,1
41150,0
41152,1
41157,0
41159,1
41163,1
41166,1
41167,1
41169,0
41170,0
41173,0
41175,0
41176,0
41181,0
41182,0
41183,1
41185,0
41188,1
41198,0
41201,1
41202,1
41203,0
41205,0
41209,0
41213,1
41214,0
41216,1
41218,0
41219,1
41220,0
41221,1
41225,0
41226,1
41228,0
41229,1
41233,1
41235,1
41240,1
41241,1
41244,0
41246,0
41247,0
41248,0
41249,0
41250,1
41254,0
41257,0
41258,0
41260,1
41265,0
41267,0
41268,0
41277,1
41280,0
41281,0
41282,0
41285,0
41291,0
41293,0
41297,0
41301,0
41303,0
41307,1
41310,0
41314,1
41316,1
41317,0
41319,1
41320,1
41325,1
41327,0
41328,1
41331,1
41335,1
41339,1
41343,1
41344,0
41345,0
41346,0
41347,1
41348,0
41350,0
41351,0
41354,0
41360,1
41361,0
41368,1
41371,0
41374,1
41378,1
41387,1
41394,1
41397,0
41401,1
41403,1
41405,1
41407,0
41414,1
41415,0
41417,0
41421,1
41428,0
41430,0
41431,0
41432,1
41433,0
41434,0
41436,1
41437,0
41442,1
41443,0
41446,1
41448,1
41453,1
41455,0
41456,1
41458,0
41461,0
41462,1
41464,1
41465,0
41467,1
41468,1
41474,0
41478,0
41479,0
41480,1
41483,0
41485,0
41486,0
41487,1
41488,1
41494,0
41498,0
41501,0
41503,1
41504,0
41507,1
41509,1
41511,0
41513,0
41514,0
41515,0
41516,1
41517,0
41519,1
41522,1
41523,0
41524,0
41527,1
41528,0
41531,0
41535,0
41536,1
41540,1
41544,1
41547,1
41549,0
41551,0
41558,0
41559,0
41561,0
41562,0
41563,0
41567,0
41568,1
41570,0
41571,1
41573,1
41582,0
41584,0
41585,1
41588,1
41590,1
41592,1
41593,1
41594,1
41596,0
41597,1
41599,0
41601,1
41602,0
41608,1
41611,0
41612,1
41614,0
41617,1
41619,0
41622,0
41628,1
41630,1
41636,1
41639,0
41642,1
41643,0
41644,0
41649,0
41651,1
41652,0
41657,1
41660,0
41663,0
41665,1
41669,0
41670,1
41671,0
41674,0
41675,1
41677,1
41680,1
41682,0
41683,1
41690,0
41692,1
41694,0
41701,0
41707,0
41708,0
41710,1
41712,0
41715,0
41717,0
41718,0
41720,1
41721,0
41729,1
41733,0
41734,1
41735,1
41742,0
41745,1
41749,1
41750,1
41754,0
41755,0
41759,0
41760,1
41761,0
41762,0
41763,0
41765,1
41766,0
41767,1
41768,0
41770,1
41771,1
41774,1
41775,0
41777,0
41778,1
41780,1
41784,1
41786,1
41787,1
41788,0
41794,0
41795,1
41798,1
41801,0
41802,0
41803,0
41805,0
41809,1
41810,1
41811,1
41813,0
41820,0
41822,1
41823,0
41825,0
41826,0
41829,1
41831,0
41833,1
41835,0
41836,0
41837,0
41839,0
41840,0
41843,0
41846,1
41848,1
41852,0
41854,0
41857,1
41860,0
41862,1
41863,0
41864,0
41865,1
41868,0
41872,1
41873,1
41875,0
41880,0
41882,1
41883,1
41887,1
41891,1
41894,1
41896,0
41897,0
41900,1
41901,1
41905,0
41909,0
41911,0
41912,0
41913,1
41917,1
41918,1
41919,0
41923,1
41926,1
41927,0
41928,0
41930,0
41932,1
41933,1
41937,0
41939,1
41940,0
41941,1
41942,1
41944,1
41947,0
41950,1
41955,1
41956,1
41958,1
41961,0
41963,0
41964,0
41971,1
41976,1
41978,1
41985,0
41988,1
41989,0
41996,1
41998,0
41999,1
42001,1
42006,1
42008,1
42010,1
42012,0
42015,1
42016,0
42017,1
42019,1
42020,1
42021,0
42022,0
42023,1
42024,1
42026,0
42028,0
42030,0
42031,1
42032,0
42033,0
42036,0
42041,1
42048,1
42049,0
42054,1
42055,1
42056,1
42060,1
42066,1
42070,1
42071,1
42073,0
42076,1
42078,0
42080,0
42081,1
42082,1
42088,0
42090,0
42092,0
42096,1
42097,0
42099,1
42104,0
42106,1
42111,0
42113,0
42116,0
42118,1
42120,0
42123,1
42126,0
42128,0
42129,0
42133,1
42137,0
42139,0
42145,0
42147,1
42148,1
42153,0
42157,0
42160,1
42161,1
42162,1
42164,1
42168,0
42174,0
42175,1
42176,0
42178,0
42182,0
42186,1
42187,0
42188,0
42194,0
42195,1
42202,1
42203,1
42204,1
42207,0
42209,1
42211,1
42213,1
42217,1
42219,0
42221,1
42223,0
42224,1
42230,0
42231,1
42232,1
42234,0
42235,0
42237,1
42238,1
42239,0
42240,1
42241,0
42247,0
42254,0
42255,1
42256,1
42261,0
42262,1
42266,1
42267,0
42270,0
42271,0
42272,0
42274,0
42276,0
42280,0
42290,0
42291,0
42294,0
42297,0
42307,0
42309,0
42314,0
42316,0
42317,1
42322,0
42323,1
42324,1
42325,0
42327,1
42328,0
42329,0
42330,1
42331,0
42332,0
42337,1
42338,0
42340,1
42344,0
42346,0
42366,1
42367,1
42372,1
42375,0
42377,0
42379,1
42383,0
42387,0
42388,0
42389,1
42390,0
42392,0
42393,1
42396,1
42399,1
42400,1
42403,1
42404,1
42406,1
42411,0
42413,0
42414,1
42415,1
42418,1
42419,0
42421,1
42425,1
42430,0
42431,0
42435,1
42436,0
42439,0
42440,1
42441,1
42444,0
42445,0
42446,0
42447,1
42448,0
42451,0
42453,0
42455,1
42456,0
42460,0
42461,1
42463,0
42467,0
42469,0
42470,0
42474,0
42479,1
42483,0
42485,1
42487,0
42489,1
42491,0
42493,1
42494,0
42495,0
42496,1
42500,0
42502,0
42505,0
42508,0
42511,0
42512,1
42513,0
42515,0
42516,0
42517,0
42518,0
42521,0
42536,0
42537,1
42538,1
42539,0
42545,1
42547,0
42552,0
42556,1
42559,0
42560,1
42563,1
42569,1
42572,1
42576,0
42577,1
42578,1
42580,0
42582,1
42583,0
42585,0
42589,1
42590,0
42598,1
42599,1
42607,0
42610,1
42611,1
42613,1
42614,0
42615,0
42616,0
42617,0
42622,0
42623,1
42625,0
42632,1
42633,1
42634,0
42636,0
42641,0
42642,1
42650,0
42651,0
42654,0
42656,1
42658,0
42659,1
42661,0
42664,0
42665,0
42667,1
42671,0
42672,0
42673,1
42674,0
42675,0
42676,1
42680,1
42682,0
42685,0
42688,0
42689,1
42690,1
42694,1
42695,0
42697,1
42701,0
42705,0
42706,0
42707,1
42709,0
42710,1
42711,1
42713,0
42714,0
42718,0
42721,0
42722,1
42724,0
42726,1
42727,0
42731,0
42732,1
42733,0
42734,1
42735,1
42736,1
42737,0
42739,1
42740,0
42742,0
42747,0
42751,1
42752,0
42753,1
42755,0
42759,0
42760,0
42770,1
42772,1
42774,0
42779,1
42780,0
42786,1
42792,1
42794,0
42795,1
42799,1
42800,1
42805,1
42807,0
42808,0
42810,0
42811,1
42812,1
42813,0
42815,1
42816,1
42817,0
42821,0
42822,1
42828,0
42829,0
42830,1
42831,0
42833,0
42834,0
42835,1
42836,0
42838,0
42839,0
42845,1
42848,1
42851,0
42852,0
42854,0
42855,0
42858,0
42860,0
42866,1
42868,0
42871,1
42872,1
42881,1
42882,0
42883,1
42884,1
42885,0
42886,0
42888,1
42891,0
42892,1
42893,1
42897,0
42898,1
42900,1
42903,0
42905,1
42906,0
42907,1
42911,0
42913,0
42916,0
42920,0
42923,1
42930,0
42933,0
42935,1
42937,0
42938,0
42943,0
42951,0
42953,1
42955,0
42956,1
42957,1
42959,0
42960,1
42963,1
42965,1
42966,0
42967,0
42968,0
42969,0
42977,0
42978,0
42980,1
42981,1
42982,1
42983,1
42984,1
42985,0
42986,0
42989,0
42996,0
43000,0
43001,0
43003,1
43004,0
43007,0
43011,1
43013,0
43015,0
43024,1
43026,1
43031,0
43033,1
43036,1
43038,1
43039,1
43042,1
43044,0
43045,1
43046,0
43047,1
43050,1
43052,1
43057,1
43059,0
43064,1
43065,0
43067,0
43068,0
43071,1
43074,0
43075,0
43076,0
43079,1
43085,1
43086,1
43091,1
43096,1
43099,1
43101,0
43106,0
43109,0
43114,1
43116,1
43117,1
43119,0
43120,0
43121,1
43122,0
43123,1
43125,1
43138,0
43145,1
43152,1
43154,1
43155,1
43159,0
43164,1
43165,1
43168,1
43169,1
43170,0
43173,1
43179,0
43184,1
43185,0
43187,0
43188,0
43192,1
43193,1
43194,1
43196,0
43204,1
43206,1
43208,1
43209,0
43212,1
43216,1
43227,1
43228,0
43229,1
43231,1
43232,0
43235,1
43237,1
43238,1
43242,0
43244,0
43247,1
43251,0
43252,0
43254,1
43255,1
43258,0
43260,1
43261,1
43262,0
43270,1
43272,0
43280,0
43282,1
43287,0
43288,0
43290,0
43291,0
43292,0
43293,0
43297,1
43298,1
43300,1
43302,0
43304,1
43306,0
43309,1
43310,0
43311,0
43312,0
43313,1
43315,0
43316,0
43317,1
43319,0
43321,1
43322,0
43323,1
43327,0
43328,1
43329,1
43332,1
43336,1
43338,0
43340,1
43346,0
43351,0
43353,0
43357,0
43358,0
43363,0
43364,1
43367,1
43377,1
43378,0
43379,1
43382,0
43387,0
43390,0
43395,0
43401,1
43406,0
43407,0
43409,0
43412,0
43414,1
43418,0
43419,0
43420,0
43424,1
43428,1
43429,0
43437,0
43441,0
43442,0
43444,0
43447,0
43449,1
43451,1
43452,1
43453,0
43456,1
43459,1
43461,0
43463,0
43470,0
43472,1
43473,0
43474,1
43476,1
43479,0
43481,0
43485,0
43488,0
43489,0
43491,1
43494,1
43495,1
43496,0
43498,1
43499,0
43500,0
43501,0
43505,1
43507,0
43508,0
43509,0
43510,0
43513,0
43515,1
43518,1
43519,1
43521,1
43524,0
43525,1
43526,0
43528,0
43529,1
43530,1
43531,1
43533,0
43538,0
43541,0
43546,0
43551,0
43552,0
43554,0
43573,1
43577,0
43578,1
43580,0
43581,1
43583,1
43584,1
43585,0
43588,1
43590,1
43593,0
43594,0
43595,0
43598,0
43606,0
43608,1
43610,1
43612,0
43614,0
43620,0
43621,0
43623,0
43624,1
43625,0
43626,0
43629,1
43631,1
43633,0
43635,1
43636,1
43637,0
43638,0
43641,0
43645,1
43647,0
43649,1
43654,1
43656,1
43659,1
43662,1
43664,0
43665,1
43666,0
43667,1
43668,0
43669,0
43675,0
43677,0
43679,0
43682,1
43683,1
43684,0
43685,0
43691,0
43693,1
43696,1
43699,0
43701,0
43709,0
43710,1
43712,0
43715,1
43721,0
43722,0
43725,0
43737,1
43746,1
43747,1
43749,1
43750,1
43751,0
43755,0
43756,1
43757,0
43758,0
43760,1
43761,1
43762,1
43768,0
43769,0
43771,1
43772,0
43773,0
43776,1
43777,0
43779,0
43780,1
43781,0
43783,0
43785,1
43786,0
43788,1
43791,0
43793,0
43794,1
43796,1
43797,0
43799,0
43805,0
43806,1
43808,0
43809,1
43811,0
43812,1
43815,0
43818,1
43819,1
43820,1
43824,0
43827,1
43828,1
43832,0
43837,1
43839,0
43842,0
43843,1
43846,1
43847,0
43848,0
43851,0
43853,0
43855,1
43857,1
43859,1
43861,1
43862,0
43864,0
43870,1
43871,0
43876,0
43880,1
43881,1
43883,0
43884,0
43887,1
43892,0
43894,1
43895,0
43901,0
43904,0
43906,0
43908,0
43912,0
43913,0
43916,1
43922,0
43923,1
43924,0
43929,1
43930,0
43936,0
43937,0
43938,1
43939,1
43947,0
43949,1
43950,0
43951,0
43955,1
43957,0
43958,1
43959,0
43960,0
43961,0
43962,0
43969,0
43971,0
43972,1
43985,0
43986,0
43987,1
43988,1
43990,1
43991,1
43996,1
44000,1
44001,1
44002,0
44004,1
44005,1
44006,1
44009,0
44015,1
44017,1
44019,0
44020,1
44021,0
44022,0
44023,0
44024,0
44026,0
44028,0
44031,1
44033,0
44038,1
44039,1
44041,1
44042,1
44044,0
44048,0
44049,0
44050,1
44053,0
44054,0
44058,1
44063,0
44065,0
44066,0
44067,0
44068,0
44074,0
44077,1
44079,0
44086,1
44088,0
44093,0
44095,0
44097,0
44098,1
44099,1
44102,1
44103,1
44106,1
44110,1
44111,0
44112,0
44113,1
44116,0
44122,1
44127,0
44128,1
44132,0
44134,1
44139,0
44140,0
44143,0
44144,0
44145,0
44146,0
44150,1
44151,0
44153,0
44154,1
44160,0
44165,0
44167,0
44168,0
44176,0
44178,1
44180,0
44182,0
44183,1
44187,1
44189,1
44194,0
44195,0
44196,0
44197,0
44198,1
44201,1
44202,1
44203,0
44205,0
44206,1
44208,0
44214,0
44215,1
44218,1
44222,1
44226,1
44229,1
44232,0
44233,1
44237,1
44240,0
44243,0
44244,0
44246,0
44247,0
44249,1
44252,0
44254,0
44261,1
44262,1
44272,0
44274,0
44276,0
44278,1
44279,1
44280,0
44282,0
44283,1
44289,1
44292,1
44293,0
44294,1
44297,0
44298,0
44299,0
44301,0
44306,0
44307,1
44309,1
44312,1
44313,1
44314,0
44315,1
44316,1
44318,0
44320,1
44321,1
44323,0
44326,1
44328,0
44330,0
44331,0
44334,1
44336,1
44339,0
44340,1
44341,1
44345,0
44348,1
44349,1
44350,1
44356,1
44361,0
44363,0
44366,0
44368,1
44371,0
44372,0
44374,1
44377,1
44378,1
44385,0
44387,0
44388,1
44389,0
44390,1
44391,0
44392,1
44393,0
44396,0
44397,0
44399,0
44402,0
44405,0
44406,1
44409,1
44410,1
44411,0
44412,1
44414,0
44418,1
44419,0
44420,1
44421,0
44423,0
44426,0
44429,0
44434,0
44436,0
44438,1
44442,0
44443,1
44444,1
44446,0
44448,1
44452,1
44458,1
44459,1
44460,1
44466,0
44471,0
44472,0
44475,1
44476,0
44477,0
44480,0
44481,0
44482,1
44483,0
44488,1
44490,0
44494,1
44496,0
44497,0
44499,0
44500,1
44501,0
44507,1
44508,0
44509,0
44511,1
44514,0
44517,0
44518,1
44519,0
44521,0
44522,1
44525,0
44530,1
44535,1
44540,1
44541,1
44544,1
44545,0
44547,0
44550,1
44553,0
44556,1
44557,1
44558,0
44559,1
44561,0
44562,0
44563,1
44565,1
44566,1
44571,0
44572,0
44573,1
44576,1
44577,1
44579,1
44580,1
44581,1
44589,1
44590,0
44599,0
44600,0
44602,1
44604,1
44608,0
44609,1
44612,1
44614,1
44616,1
44617,1
44621,1
44626,0
44631,1
44638,0
44639,1
44640,0
44642,0
44643,0
44649,1
44655,1
44656,0
44658,1
44664,0
44665,0
44666,1
44668,1
44670,1
44671,1
44673,0
44678,0
44682,0
44688,1
44690,1
44693,0
44696,1
44701,0
44702,0
44705,1
44708,1
44710,0
44712,1
44714,0
44717,1
44719,0
44722,0
44726,0
44728,0
44729,1
44738,0
44739,0
44742,0
44743,0
44745,1
44746,0
44748,0
44750,1
44751,0
44752,1
44756,0
44757,0
44759,0
44767,1
44774,0
44776,1
44777,1
44779,1
44780,1
44783,0
44784,0
44790,1
44793,0
44794,1
44795,0
44797,0
44798,1
44801,1
44802,1
44803,0
44804,1
44806,0
44807,0
44808,0
44809,0
44813,0
44816,1
44817,1
44821,1
44822,0
44829,0
44830,1
44831,0
44835,1
44836,0
44841,0
44845,1
44846,1
44847,0
44848,0
44853,0
44855,0
44857,1
44861,0
44863,1
44864,1
44865,0
44871,0
44872,0
44882,1
44884,1
44888,0
44890,0
44891,1
44892,1
44893,1
44894,1
44895,1
44897,0
44903,0
44904,0
44905,0
44908,0
44909,0
44910,0
44916,1
44918,1
44919,1
44920,0
44921,1
44922,1
44923,1
44924,0
44925,1
44928,0
44930,1
44931,1
44933,0
44934,0
44936,0
44937,1
44940,1
44945,1
44946,1
44947,1
44948,0
44950,0
44953,0
44956,1
44957,1
44959,1
44962,0
44963,1
44964,0
44965,0
44966,0
44967,0
44970,1
44971,0
44973,1
44974,0
44976,0
44984,1
44985,1
44986,1
44988,1
44989,1
44990,1
44991,1
44995,0
44996,0
45000,0
45002,0
45009,0
45011,0
45013,1
45014,0
45015,1
45016,0
45025,0
45028,1
45029,1
45033,1
45036,1
45037,0
45038,0
45039,1
45042,0
45044,1
45045,0
45046,1
45047,1
45057,1
45058,1
45059,1
45060,0
45062,0
45063,0
45064,0
45072,1
45077,1
45079,0
45081,0
45082,0
45083,1
45084,1
45085,1
45087,0
45088,0
45093,1
45094,1
45096,0
45099,1
45101,1
45104,1
45105,0
45109,0
45114,0
45116,0
45118,1
45121,1
45122,0
45124,0
45125,0
45128,0
45129,0
45131,1
45139,1
45142,1
45143,0
45145,1
45146,1
45147,0
45150,0
45153,1
45164,0
45166,0
45175,0
45177,1
45179,1
45189,1
45190,0
45193,0
45194,1
45202,1
45207,0
45208,1
45212,1
45213,0
45219,1
45220,1
45221,1
45223,1
45227,1
45229,0
45238,0
45239,1
45240,1
45241,0
45243,1
45246,0
45247,0
45248,1
45250,1
45255,0
45256,0
45263,0
45264,0
45268,1
45269,1
45273,0
45274,1
45276,1
45277,0
45278,1
45279,1
45282,0
45283,1
45285,1
45286,1
45287,0
45293,0
45294,1
45295,0
45296,0
45297,0
45300,0
45305,0
45306,1
45309,0
45310,0
45313,0
45319,0
45324,0
45328,0
45330,1
45332,1
45334,0
45338,1
45341,1
45343,1
45347,0
45348,1
45351,0
45357,1
45358,0
45360,0
45361,0
45362,0
45366,1
45368,1
45370,0
45373,0
45374,0
45375,1
45376,1
45377,0
45379,1
45380,0
45382,0
45389,0
45390,1
45393,1
45395,0
45397,0
45403,1
45404,0
45406,1
45412,1
45413,0
45416,0
45418,1
45421,1
45422,0
45423,1
45424,1
45426,1
45429,1
45430,1
45432,1
45434,0
45435,0
45436,0
45440,0
45446,1
45447,0
45449,1
45455,0
45456,0
45458,0
45459,1
45463,0
45464,0
45467,1
45468,1
45470,1
45473,0
45478,1
45479,1
45482,1
45484,0
45485,0
45488,0
45492,0
45493,0
45498,1
45499,0
45500,1
45501,0
45502,1
45505,1
45507,0
45508,0
45509,0
45517,1
45522,0
45523,1
45524,1
45525,1
45530,1
45532,0
45536,1
45539,0
45540,0
45541,1
45546,0
45548,1
45551,1
45553,0
45554,1
45555,0
45557,1
45559,0
45561,1
45562,1
45563,1
45566,0
45569,0
45572,0
45580,0
45583,0
45586,1
45587,0
45589,1
45592,0
45593,0
45594,0
45595,0
45598,1
45599,1
45600,1
45601,1
45603,0
45605,0
45606,0
45607,1
45609,0
45610,1
45613,1
45616,1
45619,1
45620,0
45621,1
45624,1
45631,1
45633,1
45635,0
45636,0
45639,1
45643,1
45644,0
45648,0
45653,1
45654,1
45655,0
45659,0
45665,0
45670,0
45671,0
45673,1
45675,0
45676,0
45677,0
45678,0
45679,1
45680,1
45684,1
45687,1
45689,1
45691,1
45693,0
45696,0
45697,1
45698,1
45700,1
45701,0
45703,1
45706,0
45707,1
45721,0
45722,0
45723,0
45727,0
45730,0
45738,1
45739,1
45741,0
45743,0
45745,1
45746,1
45747,0
45748,0
45754,0
45756,0
45757,0
45759,0
45760,1
45764,1
45765,1
45766,1
45772,1
45776,0
45779,1
45783,1
45785,1
45786,1
45788,1
45790,0
45791,1
45792,0
45798,0
45799,0
45800,1
45801,0
45805,1
45806,0
45807,1
45809,1
45811,1
45812,1
45813,0
45815,0
45817,0
45820,0
45821,0
45822,1
45825,1
45826,0
45828,1
45829,1
45830,0
45832,1
45835,0
45841,1
45842,0
45845,0
45846,1
45847,1
45849,0
45851,1
45857,1
45861,1
45862,1
45865,0
45866,0
45872,1
45878,1
45887,0
45891,1
45899,1
45900,0
45904,0
45905,1
45907,1
45909,0
45914,0
45917,0
45918,1
45923,0
45924,1
45925,0
45927,0
45932,1
45934,0
45935,0
45939,0
45940,0
45942,0
45943,1
45945,1
45947,0
45950,0
45956,1
45958,0
45960,1
45961,1
45963,0
45964,1
45972,0
45973,1
45979,0
45985,0
45986,1
45987,0
45990,0
45993,0
45994,1
46003,0
46005,0
46008,1
46011,1
46012,1
46015,1
46016,0
46020,0
46021,0
46023,0
46024,1
46026,0
46027,1
46029,0
46031,1
46032,1
46034,0
46035,0
46036,0
46037,0
46038,0
46039,1
46048,1
46051,1
46054,0
46056,0
46058,0
46059,1
46065,0
46067,0
46069,1
46072,0
46074,0
46077,1
46078,0
46080,1
46081,1
46082,1
46083,0
46086,0
46092,0
46095,0
46096,1
46100,0
46101,0
46106,0
46107,1
46108,0
46109,0
46110,1
46113,1
46120,1
46122,0
46123,0
46124,1
46125,0
46130,0
46133,1
46135,0
46138,0
46140,0
46141,0
46143,0
46144,0
46145,1
46146,0
46152,0
46154,0
46158,0
46162,0
46164,1
46165,0
46166,0
46167,1
46168,1
46170,0
46171,0
46174,1
46176,1
46179,0
46186,1
46189,1
46190,0
46196,1
46198,0
46204,1
46206,0
46207,0
46209,0
46210,0
46213,0
46215,0
46217,0
46218,0
46223,0
46231,1
46232,0
46235,0
46239,0
46240,1
46246,1
46249,1
46252,0
46254,0
46255,0
46257,0
46261,0
46262,0
46263,0
46264,1
46266,1
46268,0
46270,0
46272,0
46273,1
46274,0
46278,0
46279,0
46283,0
46285,0
46287,1
46290,0
46293,0
46294,0
46295,1
46302,0
46306,1
46308,0
46309,1
46311,0
46315,1
46317,1
46318,0
46324,0
46327,0
46330,1
46331,1
46333,0
46334,0
46335,0
46336,1
46337,1
46338,0
46341,0
46342,0
46345,0
46346,1
46348,0
46351,0
46353,1
46355,1
46356,1
46357,0
46364,0
46369,0
46372,0
46378,0
46385,0
46386,1
46387,1
46388,1
46392,0
46393,0
46394,0
46398,1
46407,1
46409,0
46410,0
46413,1
46414,1
46418,0
46420,1
46427,1
46428,0
46429,1
46435,0
46436,0
46437,0
46439,0
46444,0
46445,1
46448,0
46449,0
46451,1
46456,0
46459,0
46461,0
46462,1
46463,0
46465,1
46466,0
46467,0
46470,0
46471,0
46477,1
46482,1
46486,0
46487,1
46488,1
46490,1
46494,0
46496,1
46499,1
46500,1
46503,1
46507,0
46509,0
46512,1
46514,1
46515,0
46521,0
46522,0
46524,1
46526,0
46529,0
46531,1
46532,1
46534,0
46535,0
46538,0
46543,1
46544,0
46545,1
46547,0
46548,1
46550,0
46551,0
46558,0
46559,1
46561,0
46562,1
46566,1
46569,0
46571,1
46572,1
46578,0
46581,1
46582,1
46584,1
46585,0
46593,0
46594,0
46595,0
46596,0
46600,1
46602,0
46604,0
46606,1
46607,1
46609,0
46610,0
46612,1
46613,0
46614,0
46617,1
46618,0
46619,1
46622,1
46626,0
46627,1
46628,0
46629,1
46630,1
46632,0
46637,1
46639,1
46641,0
46642,0
46644,0
46646,0
46647,1
46651,0
46652,0
46653,1
46657,1
46658,0
46662,0
46665,1
46666,0
46670,0
46673,0
46674,0
46676,0
46678,0
46679,0
46681,1
46683,1
46685,1
46689,0
46697,0
46701,0
46704,0
46706,1
46708,0
46709,0
46710,1
46711,1
46713,0
46715,0
46717,1
46723,1
46725,1
46728,0
46729,0
46730,1
46732,0
46735,1
46738,0
46739,0
46743,0
46746,0
46751,0
46755,1
46756,1
46760,1
46763,1
46766,0
46767,0
46768,0
46772,1
46773,0
46779,1
46781,0
46785,0
46787,1
46789,1
46791,1
46792,1
46793,1
46796,1
46798,0
46803,1
46806,0
46811,0
46812,1
46813,0
46814,0
46815,0
46819,1
46820,1
46823,0
46830,0
46831,1
46834,1
46835,1
46837,0
46839,1
46842,0
46843,0
46844,1
46847,0
46848,1
46849,0
46851,0
46854,0
46855,1
46856,1
46859,1
46866,0
46867,0
46872,1
46873,1
46874,0
46875,0
46876,0
46879,0
46880,0
46881,0
46883,0
46884,1
46885,0
46891,0
46895,0
46896,0
46900,0
46903,1
46908,1
46912,1
46914,0
46916,1
46919,0
46920,1
46922,0
46925,1
46928,0
46930,1
46934,0
46938,0
46940,0
46941,1
46945,1
46947,1
46948,0
46950,0
46960,0
46965,0
46966,1
46967,0
46969,0
46971,0
46972,0
46973,0
46974,0
46975,1
46977,0
46978,0
46979,0
46981,1
46983,0
46984,0
46985,0
46986,0
46992,0
46994,0
46997,0
46998,0
46999,0
47003,1
47009,0
47010,0
47013,0
47015,0
47022,1
47023,1
47025,0
47029,1
47034,0
47036,0
47041,1
47042,0
47043,0
47044,0
47045,1
47047,0
47048,0
47049,1
47052,1
47053,0
47055,1
47056,0
47059,0
47060,0
47062,0
47064,1
47077,0
47079,0
47082,1
47085,0
47086,0
47087,0
47088,1
47089,1
47090,0
47094,0
47096,0
47097,0
47098,0
47100,1
47101,0
47102,0
47105,0
47106,1
47108,0
47109,0
47110,1
47112,0
47115,0
47124,0
47126,0
47127,0
47134,1
47137,1
47139,0
47143,0
47144,0
47145,0
47147,1
47149,0
47150,0
47151,0
47154,0
47157,0
47159,0
47160,1
47163,0
47165,0
47170,1
47172,0
47174,1
47176,0
47177,0
47183,0
47186,1
47187,0
47192,1
47194,0
47197,1
47203,0
47207,0
47208,1
47215,1
47216,1
47217,1
47218,1
47219,1
47220,0
47223,1
47224,0
47225,0
47227,1
47229,1
47230,1
47234,0
47235,0
47238,0
47242,0
47245,1
47247,0
47251,0
47253,0
47254,0
47258,0
47261,1
47262,1
47263,0
47264,0
47265,0
47268,0
47272,1
47274,1
47276,0
47281,0
47282,0
47285,1
47286,1
47288,1
47289,0
47291,1
47292,1
47298,1
47300,1
47301,0
47307,0
47308,1
47310,0
47317,0
47318,1
47324,0
47327,1
47330,1
47331,1
47333,1
47340,0
47344,1
47345,0
47347,0
47350,1
47351,0
47355,0
47358,0
47363,1
47366,0
47371,0
47375,0
47382,1
47383,1
47391,0
47392,0
47397,1
47398,1
47401,1
47402,1
47403,0
47404,0
47407,0
47408,0
47409,1
47413,0
47418,0
47420,0
47421,0
47423,1
47426,0
47429,1
47430,0
47431,1
47440,0
47442,0
47452,0
47457,0
47467,0
47474,0
47475,1
47480,0
47485,1
47489,0
47490,0
47494,0
47496,0
47497,0
47503,0
47506,0
47508,0
47510,0
47511,0
47518,0
47520,0
47524,1
47528,0
47529,1
47532,0
47536,1
47537,0
47546,1
47547,1
47549,0
47555,1
47557,0
47559,0
47562,1
47563,1
47564,0
47566,1
47578,0
47580,1
47581,0
47582,0
47583,1
47585,0
47588,0
47589,0
47594,0
47597,0
47601,0
47603,0
47605,1
47607,0
47611,0
47613,0
47617,1
47621,0
47623,1
47625,0
47626,0
47627,0
47628,0
47631,1
47633,0
47638,1
47639,1
47641,0
47642,1
47643,1
47652,1
47654,1
47656,0
47658,0
47660,0
47664,0
47667,0
47671,0
47673,1
47674,1
47676,0
47677,0
47678,0
47680,0
47681,1
47682,1
47683,0
47688,0
47689,0
47693,1
47694,0
47698,0
47703,1
47705,1
47706,1
47707,1
47708,1
47709,1
47716,0
47717,0
47718,1
47720,0
47726,0
47728,1
47729,1
47731,1
47732,0
47733,1
47735,0
47739,0
47741,0
47751,1
47753,1
47756,1
47757,1
47759,1
47760,1
47761,0
47766,0
47768,0
47769,0
47770,1
47777,1
47779,1
47780,0
47784,1
47785,1
47786,0
47787,0
47788,0
47789,0
47792,0
47794,0
47795,0
47799,0
47805,1
47806,1
47807,1
47811,0
47812,1
47814,1
47815,0
47818,1
47820,1
47821,0
47825,0
47829,0
47836,0
47837,1
47840,0
47841,1
47845,0
47849,0
47851,0
47852,0
47856,1
47859,0
47861,0
47862,0
47863,0
47866,1
47867,1
47868,0
47874,0
47876,1
47877,1
47881,1
47886,0
47889,1
47892,1
47893,1
47894,1
47895,1
47897,0
47903,1
47904,0
47905,1
47910,0
47911,0
47913,1
47917,0
47920,1
47921,0
47923,0
47925,1
47928,0
47931,1
47934,1
47935,1
47938,1
47939,1
47940,1
47941,0
47944,0
47947,1
47950,1
47953,1
47954,1
47958,0
47960,0
47961,1
47962,0
47964,0
47965,1
47969,1
47975,0
47977,0
47980,0
47982,0
47983,0
47992,1
47994,0
47999,0
48003,1
48004,1
48005,0
48006,1
48007,0
48009,1
48012,1
48013,0
48014,1
48015,0
48020,0
48021,0
48023,1
48024,1
48029,0
48031,0
48032,1
48038,0
48043,0
48044,1
48045,1
48059,1
48060,1
48062,0
48064,0
48066,0
48067,1
48068,1
48069,1
48070,1
48073,0
48074,1
48076,0
48077,0
48079,0
48086,1
48088,1
48091,0
48094,0
48096,0
48100,1
48101,0
48102,0
48106,0
48109,0
48111,0
48112,1
48114,0
48118,1
48126,1
48127,0
48128,1
48129,0
48134,1
48135,0
48138,1
48142,0
48143,1
48144,1
48148,1
48149,0
48152,1
48154,1
48155,1
48156,1
48159,1
48161,0
48162,1
48163,1
48165,0
48167,0
48168,0
48170,0
48182,0
48185,1
48186,0
48189,0
48190,1
48191,0
48192,1
48196,1
48197,1
48199,0
48201,1
48205,0
48207,1
48210,1
48211,1
48212,1
48218,0
48221,0
48222,0
48229,1
48233,0
48240,0
48243,0
48245,0
48248,1
48252,0
48255,1
48256,0
48257,0
48260,1
48261,1
48262,1
48265,0
48266,0
48267,1
48268,0
48270,0
48277,1
48279,0
48280,1
48281,0
48283,0
48284,1
48285,0
48286,1
48287,0
48289,0
48292,0
48293,0
48295,1
48297,1
48298,0
48301,1
48311,1
48314,1
48315,1
48317,0
48320,1
48322,0
48325,0
48326,1
48328,1
48333,1
48334,0
48336,0
48339,0
48340,1
48346,1
48350,1
48352,1
48354,1
48355,0
48356,1
48366,1
48367,0
48369,0
48373,1
48374,1
48377,1
48380,0
48390,1
48392,0
48399,0
48401,1
48403,0
48406,0
48407,0
48408,1
48410,1
48412,0
48413,0
48414,0
48415,1
48417,1
48421,1
48423,0
48425,0
48426,1
48427,0
48428,1
48429,0
48435,0
48436,0
48437,0
48439,0
48440,1
48444,1
48446,1
48447,0
48452,0
48454,1
48456,0
48461,1
48467,0
48468,1
48469,0
48470,1
48471,0
48473,0
48475,1
48477,1
48479,0
48482,0
48486,0
48489,1
48490,0
48491,1
48495,1
48496,0
48497,1
48500,1
48501,1
48506,0
48509,0
48511,0
48516,1
48517,1
48518,0
48520,1
48528,0
48529,1
48530,0
48531,0
48538,0
48541,0
48542,0
48544,0
48548,1
48549,0
48554,0
48557,1
48558,1
48560,0
48561,1
48565,1
48566,1
48572,0
48578,0
48579,1
48580,1
48584,1
48586,0
48591,1
48593,1
48597,0
48601,0
48603,0
48607,0
48610,1
48613,0
48614,0
48616,1
48619,0
48620,0
48621,1
48622,0
48624,1
48630,1
48634,1
48635,0
48637,0
48640,1
48642,1
48647,0
48648,0
48651,1
48654,0
48655,0
48657,0
48663,0
48664,1
48673,0
48681,0
48682,0
48686,1
48688,0
48691,0
48695,1
48696,0
48701,0
48702,0
48704,1
48707,0
48708,0
48710,1
48717,1
48720,1
48721,0
48724,0
48726,1
48728,1
48735,1
48736,1
48737,1
48738,1
48741,1
48742,1
48747,0
48749,0
48752,1
48753,0
48755,1
48758,0
48762,0
48765,0
48766,1
48767,0
48770,1
48772,0
48773,1
48775,0
48779,0
48782,0
48784,0
48793,1
48795,0
48798,0
48799,0
48803,1
48804,0
48805,0
48811,1
48812,0
48813,0
48814,0
48817,0
48820,0
48821,0
48822,0
48823,1
48827,0
48830,1
48833,1
48837,0
48838,1
48843,0
48844,1
48845,1
48846,0
48847,0
48849,1
48851,0
48853,0
48856,0
48857,0
48863,1
48864,0
48866,0
48867,1
48873,1
48875,1
48878,1
48879,0
48885,1
48886,0
48889,0
48891,1
48892,1
48898,1
48900,1
48902,0
48908,0
48909,0
48914,0
48915,0
48916,0
48917,0
48927,0
48928,0
48929,1
48930,0
48931,1
48933,1
48934,1
48937,0
48938,0
48941,0
48943,1
48945,0
48946,0
48948,0
48953,0
48957,0
48960,1
48961,1
48963,0
48967,1
48968,0
48969,1
48971,0
48976,1
48977,0
48978,0
48982,1
48984,0
48985,1
48986,1
48987,0
48998,0
49002,0
49003,1
49008,0
49011,0
49012,0
49016,0
49017,0
49021,0
49025,1
49027,1
49028,0
49031,0
49038,1
49043,0
49044,0
49047,0
49056,1
49065,0
49066,0
49067,1
49069,1
49070,0
49072,1
49073,1
49076,1
49080,0
49082,0
49085,1
49089,1
49090,1
49091,0
49092,1
49093,0
49094,1
49097,0
49101,1
49104,0
49105,1
49106,0
49107,0
49108,0
49109,1
49111,0
49112,0
49114,1
49115,1
49117,1
49118,0
49123,0
49129,0
49135,1
49136,0
49138,0
49139,1
49145,1
49146,0
49147,0
49148,1
49157,1
49160,0
49162,0
49166,0
49168,1
49169,0
49172,1
49174,1
49175,0
49180,1
49181,0
49187,0
49190,1
49192,0
49193,1
49194,1
49195,1
49200,1
49201,0
49204,0
49205,1
49206,0
49207,0
49208,0
49221,1
49223,0
49225,0
49228,0
49229,0
49230,0
49236,0
49237,0
49238,0
49244,0
49246,1
49248,0
49249,0
49251,1
49252,0
49254,1
49256,0
49257,1
49262,0
49265,0
49268,1
49270,1
49272,1
49274,1
49278,0
49281,0
49282,0
49283,1
49286,0
49288,1
49294,0
49296,0
49300,0
49302,0
49305,1
49308,0
49310,1
49313,0
49316,0
49317,0
49318,0
49323,1
49324,1
49325,0
49326,0
49328,0
49329,0
49333,1
49336,1
49337,0
49338,0
49340,0
49342,0
49345,0
49346,0
49347,0
49348,1
49350,0
49354,0
49357,1
49359,1
49362,0
49368,0
49372,1
49374,1
49377,1
49378,1
49379,0
49380,1
49387,0
49390,0
49395,1
49398,0
49401,0
49403,0
49409,0
49414,0
49418,0
49422,0
49423,0
49426,0
49431,1
49432,0
49436,0
49437,0
49440,1
49441,1
49444,0
49446,0
49450,0
49452,0
49455,0
49456,1
49457,0
49458,0
49460,1
49461,0
49465,0
49466,0
49467,0
49468,1
49472,1
49473,1
49474,0
49476,0
49479,0
49480,1
49488,1
49490,0
49494,1
49495,0
49498,0
49499,0
49501,1
49503,0
49505,0
49512,0
49516,0
49517,0
49518,0
49520,1
49524,0
49529,1
49531,0
49532,1
49538,0
49539,0
49541,1
49542,0
49545,1
49546,0
49547,0
49548,0
49551,0
49554,1
49556,1
49560,1
49563,1
49567,1
49568,0
49569,0
49572,1
49574,1
49576,0
49577,0
49579,1
49582,0
49583,0
49585,0
49586,1
49591,0
49592,1
49597,1
49600,0
49602,0
49606,0
49607,1
49608,0
49611,1
49612,0
49613,1
49614,0
49615,0
49621,1
49622,1
49623,1
49625,0
49627,0
49629,1
49630,1
49633,0
49635,0
49636,1
49638,0
49643,0
49644,0
49648,1
49666,1
49667,0
49674,1
49676,0
49680,0
49687,0
49690,1
49691,1
49692,0
49694,0
49695,0
49696,0
49697,0
49698,0
49699,1
49700,1
49701,0
49702,0
49705,1
49707,0
49713,1
49717,0
49722,0
49723,1
49724,0
49725,0
49726,0
49727,0
49734,1
49735,0
49737,0
49746,0
49747,0
49748,0
49752,1
49753,0
49754,0
49761,1
49763,0
49767,0
49768,1
49769,1
49771,1
49772,0
49774,1
49775,0
49776,0
49779,0
49780,1
49781,0
49782,0
49783,1
49785,0
49786,1
49787,1
49790,1
49793,0
49794,0
49796,0
49797,0
49801,0
49807,1
49808,0
49811,1
49815,0
49820,1
49824,0
49826,0
49829,0
49838,1
49839,0
49841,1
49844,0
49845,0
49847,1
49851,0
49855,1
49857,0
49860,0
49865,0
49866,1
49868,0
49870,1
49871,0
49872,0
49874,1
49876,0
49878,0
49880,1
49885,1
49888,0
49890,0
49891,0
49895,0
49900,0
49901,0
49906,0
49907,1
49908,0
49911,0
49914,1
49917,0
49920,0
49921,0
49922,0
49925,0
49926,0
49929,0
49934,0
49937,0
49939,0
49940,0
49941,1
49943,0
49951,0
49952,1
49955,0
49959,0
49960,0
49966,0
49969,1
49981,0
49986,0
49987,1
49988,0
49992,1
49994,0
49998,0
50000,0
50001,1
50010,1
50011,1
50015,0
50016,0
50017,1
50021,1
50026,0
50027,0
50033,0
50035,0
50036,1
50038,1
50043,0
50045,1
50050,1
50052,1
50054,0
50056,0
50057,1
50058,0
50061,1
50064,1
50066,0
50071,0
50073,0
50077,0
50080,1
50081,1
50082,0
50084,0
50086,1
50092,1
50093,1
50095,1
50100,0
50101,1
50102,1
50108,1
50109,1
50111,1
50113,0
50116,0
50117,1
50118,0
50119,0
50121,0
50124,1
50127,0
50130,0
50132,0
50133,1
50136,0
50140,1
50141,0
50142,0
50143,0
50144,0
50149,1
50150,0
50156,1
50157,1
50162,0
50165,1
50168,0
50172,0
50174,1
50179,0
50181,0
50182,1
50184,0
50186,0
50187,0
50192,0
50193,0
50194,1
50196,0
50200,0
50201,0
50205,0
50207,0
50209,0
50211,0
50214,1
50218,0
50220,1
50222,0
50223,0
50225,0
50233,1
50235,0
50236,1
50238,1
50242,0
50248,1
50249,0
50252,0
50254,1
50255,1
50256,1
50257,0
50258,0
50259,1
50260,1
50264,1
50265,0
50269,1
50273,0
50275,0
50277,0
50278,0
50280,1
50286,0
50288,0
50290,0
50294,0
50298,0
50300,1
50303,1
50304,0
50306,0
50307,0
50311,0
50314,1
50317,0
50318,0
50319,1
50322,0
50324,0
50329,1
50331,1
50332,0
50335,1
50336,1
50340,0
50343,0
50344,1
50347,1
50350,1
50353,1
50356,1
50357,1
50361,1
50362,0
50367,0
50370,0
50371,1
50374,0
50383,1
50393,0
50394,0
50396,0
50397,0
50399,0
50400,0
50407,0
50408,1
50413,1
50415,0
50416,0
50421,1
50424,1
50426,1
50428,0
50430,0
50440,1
50441,1
50442,1
50444,0
50447,1
50448,0
50451,0
50452,0
50454,0
50455,0
50456,1
50459,0
50464,0
50465,1
50467,0
50468,1
50473,0
50474,0
50477,0
50480,0
50484,0
50489,0
50490,1
50492,1
50495,0
50498,0
50499,0
50500,0
50501,1
50502,1
50503,1
50504,1
50505,1
50509,0
50512,0
50513,0
50515,1
50516,0
50521,0
50523,0
50525,1
50527,0
50534,0
50538,1
50540,0
50546,1
50547,0
50549,0
50550,0
50555,0
50562,0
50563,0
50566,0
50569,0
50570,1
50572,0
50576,0
50580,1
50581,0
50589,1
50592,1
50593,1
50599,1
50600,1
50601,1
50607,1
50608,1
50609,0
50612,0
50614,0
50615,1
50620,0
50624,0
50627,0
50629,1
50631,0
50634,1
50635,0
50636,0
50638,0
50640,1
50651,0
50653,1
50656,0
50657,0
50662,1
50664,0
50665,1
50667,1
50669,1
50670,1
50673,0
50675,1
50679,0
50681,1
50683,0
50686,0
50693,0
50694,1
50696,1
50698,0
50706,0
50712,0
50721,0
50722,0
50724,0
50730,0
50731,0
50732,1
50736,0
50743,0
50745,1
50746,1
50747,0
50748,0
50750,0
50752,1
50753,1
50760,0
50762,0
50764,0
50767,1
50768,0
50770,0
50779,0
50780,0
50784,1
50791,1
50795,0
50797,0
50799,0
50805,0
50806,0
50807,0
50808,0
50810,0
50814,1
50817,0
50818,1
50819,0
50820,1
50822,0
50823,0
50825,0
50826,0
50827,1
50828,0
50829,0
50832,0
50837,0
50843,1
50847,1
50851,0
50856,1
50859,0
50861,0
50862,1
50866,0
50868,0
50869,0
50871,0
50875,0
50876,0
50878,0
50880,0
50884,1
50887,1
50888,1
50890,0
50891,0
50896,0
50898,0
50904,1
50906,1
50911,0
50912,0
50914,0
50916,0
50918,0
50919,0
50922,0
50924,1
50927,0
50928,0
50930,0
50931,0
50933,0
50935,0
50936,0
50937,0
50938,1
50939,1
50940,0
50941,1
50943,1
50944,1
50946,1
50947,1
50948,1
50955,1
50956,0
50957,1
50959,1
50960,0
50961,0
50964,0
50971,0
50972,0
50974,0
50975,1
50986,0
50989,1
50991,1
50993,0
50995,0
50996,0
50997,1
50998,0
50999,0
51000,1
51002,0
51003,0
51004,0
51005,1
51006,1
51007,1
51009,1
51010,0
51011,0
51021,0
51024,0
51025,1
51026,1
51027,0
51028,0
51030,0
51033,1
51034,0
51037,1
51042,0
51046,0
51049,0
51050,0
51052,0
51054,0
51057,1
51063,0
51066,1
51067,0
51070,0
51071,0
51073,0
51074,1
51075,0
51076,0
51077,0
51078,1
51083,1
51090,0
51095,0
51096,0
51097,1
51098,0
51102,0
51103,1
51109,0
51110,0
51111,0
51113,1
51116,0
51120,0
51123,1
51124,1
51125,1
51130,0
51133,1
51135,0
51136,0
51138,0
51143,1
51145,1
51147,0
51151,1
51152,1
51153,1
51154,1
51155,1
51156,0
51157,1
51162,1
51163,0
51169,1
51174,0
51175,0
51178,0
51180,1
51182,0
51185,1
51188,1
51191,0
51194,0
51197,0
51198,0
51199,0
51200,1
51202,1
51205,0
51208,1
51210,0
51211,0
51213,0
51217,1
51219,1
51221,1
51223,1
51226,1
51230,0
51234,0
51237,0
51238,1
51239,0
51241,1
51245,0
51246,1
51247,0
51252,0
51253,1
51254,0
51256,0
51257,0
51258,0
51259,0
51263,0
51266,0
51267,0
51270,1
51272,0
51275,0
51279,0
51283,0
51284,0
51286,0
51287,1
51288,1
51295,1
51297,1
51298,1
51300,0
51303,0
51307,1
51309,1
51310,0
51312,0
51315,0
51318,0
51319,0
51321,1
51322,1
51326,0
51327,1
51328,1
51330,1
51338,1
51339,1
51343,0
51344,1
51347,0
51350,0
51353,1
51354,0
51355,1
51358,0
51359,0
51361,0
51363,0
51365,0
51370,0
51373,1
51376,1
51377,0
51380,1
51381,0
51383,0
51384,0
51388,1
51389,1
51391,1
51395,1
51396,1
51398,1
51402,0
51405,0
51411,0
51412,0
51415,0
51417,1
51420,1
51421,1
51426,1
51427,1
51429,1
51435,1
51439,0
51442,1
51445,0
51446,1
51451,1
51452,0
51453,0
51455,0
51456,0
51467,1
51468,0
51470,1
51472,1
51475,1
51476,0
51477,1
51480,1
51481,1
51483,1
51486,0
51494,1
51495,1
51496,0
51497,0
51498,0
51499,0
51502,0
51505,1
51506,1
51513,0
51516,0
51520,1
51525,0
51534,0
51535,1
51536,1
51537,1
51538,1
51541,0
51542,0
51550,1
51551,0
51552,0
51553,0
51555,0
51557,1
51563,0
51565,0
51568,0
51570,0
51571,1
51572,0
51573,1
51576,1
51578,1
51581,0
51584,1
51586,0
51587,1
51589,0
51591,1
51592,1
51593,0
51598,0
51601,0
51602,0
51604,0
51605,0
51609,1
51610,0
51614,0
51615,0
51616,0
51620,0
51621,1
51623,0
51627,1
51628,0
51630,1
51632,0
51636,0
51637,1
51639,0
51641,1
51642,0
51644,0
51651,0
51654,1
51656,0
51661,1
51662,0
51663,1
51664,0
51665,0
51667,1
51670,1
51671,1
51675,0
51678,0
51679,1
51681,1
51682,0
51683,1
51689,0
51691,0
51692,1
51704,0
51712,0
51720,0
51721,0
51724,0
51726,0
51729,0
51730,1
51731,0
51732,0
51735,0
51739,0
51740,0
51741,1
51744,1
51745,0
51750,0
51753,0
51755,1
51758,0
51759,0
51762,1
51763,1
51764,0
51765,1
51766,0
51770,0
51771,0
51777,1
51778,0
51780,1
51782,0
51787,0
51790,1
51793,0
51794,0
51796,1
51799,0
51800,1
51801,1
51803,0
51806,0
51809,1
51814,1
51815,1
51817,0
51824,1
51827,0
51829,0
51832,0
51836,0
51838,0
51842,1
51843,0
51849,0
51851,0
51852,0
51853,0
51854,0
51857,0
51858,1
51859,0
51860,0
51868,0
51870,0
51872,0
51874,0
51878,0
51883,0
51886,1
51887,1
51888,0
51891,1
51895,0
51897,1
51901,1
51902,1
51905,0
51909,0
51910,0
51913,0
51914,1
51915,0
51918,0
51922,1
51925,0
51928,0
51932,0
51935,0
51938,0
51940,0
51941,0
51942,0
51943,0
51944,0
51946,0
51953,0
51955,0
51958,0
51960,1
51961,0
51968,0
51977,0
51979,1
51980,1
51981,1
51983,1
51984,1
51985,1
51987,1
51988,0
51993,1
51995,0
51997,0
52001,0
52006,1
52008,1
52009,0
52011,0
52013,0
52019,0
52022,1
52025,0
52027,0
52030,1
52032,0
52036,1
52038,1
52041,1
52042,0
52044,1
52045,1
52049,1
52051,0
52055,0
52056,0
52057,0
52059,0
52062,0
52068,0
52073,1
52075,0
52079,1
52082,1
52086,1
52087,0
52088,1
52090,1
52095,0
52097,1
52099,1
52102,0
52103,0
52106,0
52108,0
52112,0
52114,0
52120,1
52121,0
52122,0
52124,1
52127,0
52128,0
52135,0
52137,0
52138,0
52139,1
52142,0
52143,1
52145,0
52147,0
52148,0
52157,0
52159,0
52165,1
52166,0
52167,1
52171,0
52172,1
52174,1
52176,1
52177,1
52178,0
52179,1
52180,0
52182,0
52183,1
52189,1
52190,0
52191,0
52192,1
52195,0
52197,1
52204,0
52207,1
52209,0
52210,0
52216,0
52220,1
52222,0
52223,0
52230,1
52232,0
52235,0
52237,0
52239,0
52240,0
52248,0
52256,0
52257,1
52259,0
52262,1
52264,1
52269,1
52272,0
52274,0
52277,0
52279,0
52280,0
52283,1
52287,1
52294,0
52295,1
52296,1
52305,1
52306,0
52308,0
52310,0
52314,0
52315,0
52317,1
52319,1
52327,1
52330,1
52331,0
52335,0
52337,1
52342,0
52345,1
52347,0
52348,0
52349,0
52352,1
52353,0
52357,1
52358,1
52360,1
52361,1
52367,0
52371,1
52373,1
52375,0
52378,1
52381,0
52382,1
52386,0
52389,0
52392,0
52393,0
52394,1
52395,0
52401,1
52402,0
52404,0
52405,1
52406,0
52410,0
52411,0
52415,1
52417,0
52418,1
52422,1
52427,1
52428,1
52431,0
52433,0
52435,0
52437,0
52439,0
52443,1
52445,0
52446,0
52447,0
52450,1
52452,1
52456,1
52457,0
52458,1
52460,1
52462,1
52467,1
52471,0
52475,0
52479,0
52481,0
52484,1
52485,1
52486,0
52488,0
52489,0
52491,1
52492,1
52499,0
52501,1
52502,0
52504,0
52505,0
52508,1
52509,0
52510,0
52512,0
52514,1
52516,0
52522,1
52523,0
52524,0
52525,0
52526,1
52527,1
52534,1
52539,0
52540,1
52542,1
52545,1
52546,0
52548,1
52549,1
52552,1
52558,1
52561,0
52564,0
52565,0
52566,0
52568,1
52570,1
52575,0
52577,0
52579,0
52580,0
52581,0
52585,1
52586,1
52589,0
52594,0
52595,0
52596,1
52602,1
52603,1
52605,0
52606,0
52607,0
52611,1
52613,0
52615,0
52617,1
52618,1
52621,0
52629,0
52630,0
52632,1
52633,0
52636,1
52642,0
52644,0
52645,0
52646,1
52648,0
52650,0
52651,0
52653,0
52654,1
52655,1
52657,1
52661,1
52662,1
52663,0
52665,0
52669,0
52670,0
52673,1
52675,0
52677,0
52681,0
52682,0
52683,1
52685,0
52693,0
52694,1
52695,0
52697,0
52698,0
52699,1
52703,0
52705,1
52706,0
52707,1
52709,0
52712,0
52716,0
52718,0
52719,0
52724,0
52727,1
52728,1
52730,1
52731,0
52733,0
52741,0
52742,1
52746,0
52747,1
52750,0
52754,0
52757,0
52768,1
52770,0
52771,0
52772,0
52774,1
52775,0
52778,1
52780,0
52782,0
52783,1
52784,1
52786,0
52787,1
52788,1
52789,0
52792,0
52796,1
52797,0
52800,1
52804,0
52805,1
52806,1
52809,0
52810,0
52813,0
52815,0
52822,1
52825,0
52826,1
52832,0
52834,1
52838,1
52839,0
52840,0
52843,1
52845,0
52848,0
52849,1
52851,1
52853,0
52855,1
52861,1
52866,1
52869,1
52871,0
52872,1
52873,1
52874,0
52875,1
52876,1
52879,0
52880,0
52885,1
52891,1
52895,0
52898,1
52900,0
52903,0
52905,0
52906,0
52909,0
52913,1
52914,1
52915,1
52917,0
52918,0
52919,1
52923,0
52925,0
52926,0
52929,1
52931,0
52932,1
52933,0
52934,1
52936,0
52942,0
52943,1
52948,0
52952,1
52953,0
52955,1
52956,0
52957,0
52959,0
52963,1
52965,0
52968,0
52970,0
52971,0
52973,1
52974,1
52976,1
52979,1
52982,1
52984,0
52985,1
52986,0
52989,1
52992,1
52993,1
52994,0
52999,1
53002,1
53004,1
53005,1
53006,0
53007,0
53010,0
53011,0
53015,0
53018,1
53021,1
53022,1
53027,0
53033,0
53047,1
53048,0
53049,1
53051,1
53052,0
53055,1
53056,1
53061,0
53062,1
53063,0
53066,1
53068,1
53070,1
53080,1
53083,0
53085,1
53087,1
53099,1
53100,0
53101,0
53103,1
53108,1
53111,1
53118,0
53119,1
53120,0
53121,1
53127,0
53129,0
53132,0
53134,0
53136,0
53141,0
53145,1
53146,1
53149,1
53150,1
53151,0
53159,1
53162,1
53163,1
53167,1
53170,1
53184,1
53187,0
53191,1
53192,1
53195,1
53196,1
53201,1
53204,0
53206,0
53210,0
53212,0
53213,1
53217,1
53221,0
53222,1
53223,0
53225,1
53226,0
53230,0
53231,1
53233,0
53243,1
53244,0
53245,0
53246,1
53253,1
53254,1
53259,0
53262,0
53263,1
53266,0
53270,0
53273,1
53276,0
53277,1
53279,1
53280,0
53284,1
53286,0
53291,1
53294,0
53296,1
53297,1
53298,0
53302,0
53308,1
53311,0
53312,1
53314,1
53315,0
53316,1
53317,0
53321,0
53322,0
53326,0
53327,1
53329,1
53332,0
53335,0
53337,0
53340,1
53343,1
53344,1
53347,1
53353,1
53354,1
53356,1
53357,0
53360,1
53362,0
53364,1
53370,1
53371,1
53375,0
53376,0
53377,0
53380,0
53381,0
53382,1
53384,1
53388,1
53390,1
53397,0
53398,0
53399,0
53406,0
53408,1
53409,0
53418,0
53419,0
53422,0
53423,0
53425,1
53426,1
53433,0
53437,0
53440,0
53443,0
53447,0
53450,0
53456,1
53460,0
53464,1
53466,1
53467,1
53468,1
53469,0
53470,1
53471,0
53473,0
53475,0
53476,0
53477,0
53479,0
53480,0
53483,0
53487,0
53489,1
53492,1
53493,0
53495,0
53497,1
53499,1
53501,0
53504,1
53506,0
53508,0
53511,1
53512,0
53513,0
53515,0
53517,1
53520,1
53521,0
53524,1
53530,1
53533,1
53535,0
53536,1
53537,0
53540,1
53541,1
53542,0
53543,0
53544,1
53546,1
53550,0
53552,1
53554,0
53557,0
53559,1
53562,0
53564,0
53565,1
53566,0
53572,1
53574,0
53575,0
53577,1
53585,0
53586,1
53587,0
53591,1
53593,0
53594,0
53596,0
53597,0
53599,0
53601,0
53603,0
53605,1
53614,0
53616,0
53617,1
53619,1
53623,0
53627,1
53630,0
53632,0
53634,0
53635,1
53636,0
53640,1
53641,0
53642,0
53644,1
53659,1
53662,0
53664,0
53665,1
53666,1
53667,1
53671,0
53672,0
53673,0
53675,0
53679,0
53682,0
53687,0
53689,1
53690,0
53692,0
53700,1
53701,0
53702,1
53703,0
53705,0
53708,1
53710,0
53711,0
53712,1
53716,0
53720,0
53730,1
53732,1
53733,1
53738,1
53741,1
53744,1
53745,0
53749,1
53753,1
53755,0
53757,1
53758,1
53760,1
53761,0
53762,0
53763,1
53764,0
53769,1
53772,1
53774,0
53783,0
53788,1
53789,0
53795,1
53796,0
53799,1
53800,0
53801,1
53808,0
53810,0
53812,0
53815,0
53818,1
53820,0
53821,0
53822,1
53823,1
53824,1
53826,1
53829,1
53831,1
53832,0
53835,1
53836,0
53837,1
53838,0
53840,1
53841,1
53843,1
53844,0
53849,1
53851,0
53852,1
53854,1
53860,0
53861,0
53866,1
53869,0
53871,0
53872,0
53878,0
53879,0
53881,1
53885,0
53888,1
53889,1
53890,0
53891,0
53892,0
53894,1
53896,1
53898,1
53899,1
53901,1
53903,0
53905,0
53906,1
53909,0
53914,1
53917,1
53926,0
53928,0
53930,0
53931,0
53932,0
53934,1
53941,1
53943,0
53945,0
53949,0
53950,0
53954,0
53956,0
53958,1
53959,1
53960,0
53963,1
53968,1
53969,0
53970,0
53976,0
53978,1
53981,1
53982,0
53985,0
53986,0
53987,0
53989,0
53990,0
53992,0
53993,0
53994,0
53995,1
53996,1
53999,0
54000,0
54001,0
54005,0
54009,1
54010,0
54011,0
54015,1
54023,1
54024,0
54026,0
54028,0
54029,0
54032,1
54035,1
54036,1
54037,0
54040,0
54044,1
54046,1
54047,0
54048,1
54050,0
54052,1
54056,1
54057,1
54059,0
54063,0
54064,0
54065,0
54069,0
54072,1
54073,1
54076,1
54081,1
54082,0
54085,1
54087,1
54088,0
54095,1
54097,0
54102,0
54108,0
54112,0
54114,0
54118,0
54119,1
54120,0
54123,0
54124,0
54126,0
54129,1
54132,1
54138,1
54141,1
54142,1
54146,0
54151,0
54152,1
54159,1
54160,0
54162,0
54164,0
54166,0
54167,1
54170,0
54173,0
54178,0
54179,0
54180,1
54181,0
54182,0
54184,0
54185,0
54186,0
54188,0
54190,0
54192,0
54193,0
54196,1
54197,1
54198,0
54201,0
54202,1
54203,1
54204,1
54206,0
54209,1
54210,1
54218,0
54219,1
54221,1
54225,0
54228,0
54238,1
54239,1
54242,1
54247,1
54248,0
54251,0
54252,0
54254,0
54255,0
54256,0
54257,0
54258,0
54264,0
54271,1
54273,1
54275,1
54276,0
54279,0
54280,1
54284,1
54288,1
54293,1
54295,0
54296,0
54299,0
54301,1
54304,1
54309,1
54310,0
54318,0
54322,0
54323,0
54331,0
54333,0
54340,0
54341,0
54346,1
54347,1
54351,0
54352,0
54353,1
54355,0
54359,1
54361,0
54362,1
54363,0
54364,1
54367,1
54380,1
54386,1
54389,0
54398,0
54401,1
54402,1
54403,0
54405,1
54406,0
54408,0
54409,0
54412,0
54414,0
54416,1
54417,0
54422,0
54423,0
54425,0
54426,1
54428,1
54435,0
54437,0
54439,1
54443,0
54445,0
54447,1
54448,0
54449,0
54451,1
54461,1
54465,0
54468,0
54471,1
54472,0
54473,1
54474,0
54476,1
54480,0
54481,1
54482,1
54483,1
54484,0
54485,0
54486,1
54488,0
54491,1
54492,0
54494,1
54500,0
54501,1
54502,0
54504,0
54505,0
54506,0
54507,0
54508,0
54509,1
54512,1
54518,0
54521,1
54532,1
54534,0
54535,0
54537,0
54539,1
54541,1
54551,0
54552,1
54553,1
54554,1
54555,0
54559,1
54563,1
54564,0
54566,0
54567,1
54568,0
54569,1
54579,1
54580,0
54581,0
54583,0
54585,1
54586,0
54593,1
54595,1
54601,0
54602,0
54605,1
54608,1
54609,0
54610,1
54612,0
54617,1
54620,1
54621,1
54624,0
54630,0
54631,0
54637,0
54642,1
54646,1
54647,0
54648,1
54654,1
54656,0
54661,0
54662,0
54663,0
54664,0
54672,0
54673,0
54674,1
54675,0
54677,1
54682,1
54683,1
54688,1
54690,1
54693,0
54694,1
54696,0
54700,0
54701,0
54704,0
54705,1
54707,1
54708,1
54711,1
54712,1
54714,1
54722,1
54723,0
54725,0
54728,1
54732,0
54736,1
54737,1
54738,0
54739,1
54741,0
54742,0
54743,0
54744,0
54745,0
54750,0
54755,1
54756,1
54759,0
54760,1
54765,0
54767,0
54779,1
54781,1
54783,1
54784,0
54788,0
54789,0
54790,0
54795,1
54796,0
54801,0
54802,0
54811,0
54814,1
54815,1
54816,1
54817,0
54820,1
54822,1
54825,0
54828,1
54829,1
54832,0
54833,1
54838,0
54841,1
54844,0
54845,0
54847,0
54848,1
54849,1
54852,0
54853,0
54854,0
54855,0
54856,0
54858,0
54860,0
54863,1
54866,1
54868,1
54871,1
54872,1
54874,1
54879,0
54887,1
54888,0
54889,1
54890,0
54891,1
54893,0
54894,1
54895,1
54896,0
54897,1
54898,1
54899,0
54902,0
54927,0
54928,0
54932,0
54934,1
54937,1
54945,0
54950,1
54952,1
54956,0
54958,0
54959,0
54960,1
54961,0
54964,0
54969,0
54972,1
54977,1
54978,1
54985,0
54986,0
54991,0
54996,1
55002,1
55004,1
55005,0
55006,1
55011,0
55013,0
55014,1
55020,1
55022,0
55029,0
55032,1
55033,0
55034,0
55035,0
55041,1
55043,1
55044,0
55045,1
55046,1
55048,1
55053,0
55055,0
55058,1
55062,1
55063,0
55067,1
55068,1
55069,1
55070,0
55072,1
55074,1
55077,0
55079,1
55082,1
55083,0
55085,1
55088,0
55089,0
55090,0
55091,0
55092,0
55094,0
55095,1
55098,1
55101,1
55103,1
55108,0
55112,1
55113,1
55114,1
55115,1
55121,1
55123,1
55124,0
55125,0
55139,0
55140,1
55142,1
55144,1
55146,1
55148,1
55149,0
55151,0
55154,0
55155,0
55157,0
55160,1
55162,0
55163,0
55171,0
55174,1
55175,1
55176,1
55181,0
55184,1
55185,0
55188,0
55193,1
55194,1
55196,1
55199,1
55200,1
55204,1
55205,1
55210,0
55211,0
55212,0
55215,0
55218,0
55219,0
55224,1
55231,0
55233,0
55241,1
55242,0
55246,1
55247,0
55248,0
55249,1
55253,0
55254,0
55256,1
55257,1
55258,1
55261,0
55267,1
55270,0
55271,0
55273,0
55277,0
55278,1
55281,0
55282,1
55284,1
55286,0
55288,0
55289,1
55290,0
55292,0
55294,1
55295,1
55297,1
55299,0
55302,1
55303,1
55308,0
55310,0
55312,0
55313,1
55315,1
55317,0
55319,0
55327,0
55330,1
55335,0
55343,0
55345,0
55348,1
55350,1
55352,1
55354,0
55356,0
55357,1
55361,0
55362,0
55364,1
55365,1
55369,0
55370,1
55372,1
55373,1
55374,0
55376,1
55377,0
55378,0
55379,1
55380,0
55381,1
55385,1
55386,1
55388,0
55400,1
55401,0
55403,1
55405,0
55406,1
55410,1
55412,1
55413,1
55414,0
55415,0
55418,0
55423,0
55424,0
55425,0
55426,1
55430,1
55434,1
55435,0
55436,0
55437,1
55438,1
55439,1
55443,1
55448,1
55450,0
55455,1
55458,1
55460,1
55461,0
55462,1
55463,1
55464,0
55467,0
55468,1
55469,0
55470,1
55473,0
55474,1
55475,0
55476,0
55477,0
55479,0
55480,1
55482,0
55484,1
55492,1
55493,0
55494,1
55499,1
55503,0
55504,1
55505,0
55507,0
55510,1
55511,1
55515,0
55517,1
55518,1
55522,1
55528,0
55530,1
55532,1
55534,1
55536,0
55539,1
55541,0
55542,0
55545,1
55546,1
55547,1
55548,0
55550,0
55551,0
55552,1
55554,0
55556,0
55558,0
55559,1
55560,1
55561,0
55562,1
55563,0
55567,0
55569,0
55570,1
55573,1
55586,0
55587,1
55591,1
55593,0
55595,1
55596,1
55600,1
55605,1
55610,1
55613,1
55617,1
55619,1
55620,1
55624,1
55628,1
55629,1
55631,0
55633,0
55634,1
55637,1
55638,1
55639,0
55640,1
55644,1
55648,0
55650,1
55651,0
55655,1
55656,0
55658,0
55659,0
55660,0
55661,1
55662,0
55665,0
55668,0
55672,1
55673,1
55675,0
55682,1
55688,0
55694,0
55697,0
55698,0
55701,0
55702,0
55704,1
55705,1
55706,1
55709,0
55711,1
55713,1
55715,1
55718,1
55721,1
55726,1
55731,0
55739,0
55740,0
55744,0
55745,1
55747,1
55748,1
55750,0
55752,1
55756,1
55757,1
55758,0
55760,1
55763,1
55765,0
55777,1
55783,1
55785,0
55786,0
55789,0
55793,1
55794,0
55795,1
55796,0
55798,0
55800,0
55806,1
55807,1
55808,1
55811,0
55812,1
55813,0
55814,0
55817,0
55818,0
55819,1
55820,0
55821,0
55822,0
55823,1
55824,0
55826,1
55827,1
55828,1
55830,0
55831,0
55833,0
55839,0
55840,0
55843,0
55845,1
55852,1
55853,1
55856,1
55859,1
55862,0
55864,1
55866,1
55867,1
55872,1
55873,1
55875,0
55876,1
55878,0
55884,1
55885,0
55886,1
55887,0
55888,1
55889,0
55893,0
55898,1
55899,0
55901,0
55904,0
55907,0
55908,1
55910,0
55912,1
55915,0
55919,0
55920,0
55921,1
55923,0
55924,0
55926,0
55927,0
55928,1
55935,1
55937,0
55942,1
55947,1
55948,0
55951,0
55953,1
55957,0
55959,1
55961,0
55962,0
55965,0
55966,0
55967,0
55973,0
55975,0
55977,0
55979,1
55980,1
55982,0
55984,0
55985,1
55987,1
55988,0
55989,1
55990,0
55995,0
55997,1
56001,1
56003,0
56004,0
56005,1
56009,1
56011,1
56014,1
56015,0
56016,1
56017,0
56021,0
56022,1
56023,0
56027,0
56028,0
56029,1
56031,0
56034,0
56037,1
56038,0
56040,1
56042,1
56046,0
56047,1
56056,0
56061,0
56062,0
56066,1
56070,0
56074,0
56077,1
56078,0
56081,1
56084,0
56086,1
56088,0
56089,1
56094,1
56097,0
56099,0
56101,0
56104,1
56111,0
56113,1
56115,1
56120,0
56121,0
56125,1
56130,0
56131,1
56132,0
56135,0
56136,1
56139,1
56140,1
56142,0
56143,1
56144,0
56145,0
56149,1
56151,1
56153,0
56155,1
56156,0
56159,0
56162,1
56164,0
56165,1
56173,1
56174,0
56175,1
56176,0
56177,1
56178,0
56180,0
56182,1
56188,0
56192,0
56194,1
56197,1
56201,1
56202,0
56203,0
56204,0
56205,1
56206,0
56208,0
56213,1
56215,0
56218,0
56222,0
56223,1
56224,0
56225,1
56226,1
56227,0
56231,1
56233,0
56235,0
56240,1
56241,0
56247,0
56251,1
56252,1
56253,1
56257,0
56259,0
56261,1
56266,0
56269,0
56270,0
56273,0
56274,0
56276,0
56278,1
56281,0
56282,0
56283,0
56286,1
56287,0
56293,0
56295,1
56298,1
56299,1
56305,1
56307,0
56311,1
56312,0
56313,1
56316,0
56317,1
56318,0
56319,0
56320,0
56321,1
56323,0
56325,1
56326,0
56328,0
56331,0
56332,0
56338,0
56339,0
56340,0
56342,0
56343,0
56344,0
56347,1
56348,0
56350,0
56357,1
56359,0
56360,1
56363,0
56365,0
56368,1
56369,0
56374,0
56376,1
56378,0
56379,1
56383,0
56384,1
56386,0
56388,1
56392,0
56396,0
56399,0
56401,1
56405,0
56407,0
56408,1
56409,1
56412,0
56416,1
56418,0
56420,0
56421,1
56423,0
56426,0
56433,0
56434,0
56436,1
56437,1
56438,0
56439,0
56440,1
56442,0
56443,0
56445,0
56446,0
56447,0
56448,1
56449,0
56450,0
56452,1
56456,0
56457,0
56458,0
56464,1
56468,1
56469,1
56471,0
56473,0
56474,1
56477,1
56483,1
56484,0
56486,0
56487,0
56489,0
56490,1
56496,1
56499,1
56500,0
56502,0
56507,0
56508,1
56510,1
56517,1
56520,1
56521,1
56523,0
56527,0
56529,1
56532,1
56539,0
56545,1
56546,0
56549,0
56552,1
56553,0
56560,1
56563,1
56566,1
56569,0
56571,0
56573,0
56575,0
56579,0
56580,0
56581,0
56583,0
56585,0
56589,1
56591,1
56593,1
56595,1
56598,0
56599,1
56600,1
56603,1
56604,0
56605,0
56606,1
56607,1
56608,1
56609,0
56611,1
56613,1
56616,0
56617,0
56620,0
56621,0
56622,1
56623,0
56626,0
56636,0
56637,0
56638,0
56639,0
56640,1
56642,0
56644,0
56646,1
56649,0
56651,0
56655,1
56659,0
56660,0
56662,1
56666,0
56668,0
56673,1
56676,0
56679,0
56680,0
56681,0
56682,0
56684,0
56685,1
56686,0
56688,0
56690,1
56692,0
56693,0
56694,0
56695,0
56703,0
56704,1
56707,1
56708,1
56709,0
56712,0
56714,1
56717,1
56718,0
56720,0
56721,0
56723,0
56725,0
56726,0
56727,1
56728,1
56736,1
56741,0
56746,0
56750,0
56751,0
56755,1
56756,0
56757,0
56758,1
56759,0
56761,0
56762,0
56763,0
56765,0
56766,0
56769,0
56771,0
56778,0
56781,1
56785,0
56793,0
56798,0
56804,0
56805,1
56810,0
56811,0
56812,1
56813,0
56814,0
56816,0
56817,1
56818,0
56820,1
56821,1
56822,1
56826,0
56828,1
56829,1
56831,1
56834,0
56835,0
56836,1
56841,1
56856,0
56859,0
56862,0
56863,0
56864,0
56865,0
56866,0
56869,1
56870,0
56871,0
56872,0
56875,0
56877,0
56879,0
56880,0
56882,0
56884,0
56886,1
56889,1
56890,0
56891,0
56892,1
56895,0
56899,1
56900,1
56901,1
56904,0
56905,1
56908,1
56910,0
56916,0
56917,0
56919,1
56921,0
56923,0
56926,1
56931,0
56933,1
56934,0
56935,1
56936,0
56937,0
56939,1
56943,0
56944,1
56949,1
56950,0
56951,1
56955,0
56956,1
56957,1
56959,1
56963,0
56964,0
56966,1
56971,0
56972,0
56973,1
56974,1
56979,1
56982,0
56984,0
56986,0
56991,0
56993,0
56995,0
57000,0
57001,0
57009,0
57010,0
57016,0
57018,1
57023,0
57026,1
57030,0
57035,1
57044,0
57049,1
57050,1
57051,0
57052,0
57053,1
57054,0
57056,1
57057,0
57063,0
57066,0
57072,0
57076,0
57078,0
57083,0
57084,1
57085,0
57086,0
57087,1
57090,0
57092,1
57099,0
57100,0
57102,0
57103,0
57105,1
57107,1
57111,1
57117,0
57119,0
57120,1
57122,1
57124,0
57125,0
57127,0
57128,1
57129,1
57130,1
57134,0
57137,0
57138,1
57139,1
57140,0
57143,0
57149,1
57152,0
57153,1
57154,1
57156,1
57157,0
57161,0
57163,1
57173,0
57174,1
57175,1
57176,1
57178,1
57180,1
57181,1
57182,1
57183,1
57188,0
57191,0
57195,0
57200,1
57201,0
57207,0
57208,1
57209,0
57216,0
57220,1
57221,1
57222,0
57223,1
57224,0
57229,1
57230,0
57232,0
57234,1
57236,1
57238,0
57239,1
57240,1
57241,0
57242,0
57244,1
57247,1
57249,0
57250,0
57256,0
57258,0
57260,0
57261,0
57262,0
57264,1
57266,0
57268,0
57272,0
57273,0
57274,0
57275,0
57278,0
57280,0
57288,0
57289,1
57291,1
57294,0
57295,1
57296,0
57298,0
57300,1
57301,0
57302,0
57306,1
57307,1
57310,0
57311,1
57313,0
57316,0
57318,1
57319,0
57322,1
57324,1
57325,1
57327,1
57332,0
57339,1
57343,0
57346,1
57348,1
57349,1
57351,1
57356,0
57357,1
57359,0
57361,0
57362,1
57366,0
57369,0
57370,1
57373,0
57375,0
57382,0
57385,1
57388,1
57391,1
57392,0
57393,0
57398,1
57399,1
57400,0
57402,0
57403,1
57405,1
57408,1
57411,0
57421,1
57422,0
57424,0
57425,1
57426,0
57431,1
57438,1
57448,0
57450,0
57451,0
57454,1
57455,0
57458,0
57460,0
57466,0
57468,0
57469,0
57470,1
57471,0
57473,1
57477,1
57478,0
57479,1
57481,0
57485,1
57488,0
57494,1
57495,0
57498,0
57500,0
57503,0
57505,1
57507,0
57509,1
57511,0
57513,0
57515,1
57519,1
57520,1
57523,0
57528,0
57530,0
57531,0
57533,1
57534,0
57538,0
57540,1
57545,0
57547,0
57548,0
57556,1
57558,1
57559,0
57564,1
57565,0
57568,1
57576,1
57577,0
57580,1
57582,0
57585,1
57588,1
57592,1
57593,0
57594,1
57595,1
57600,1
57601,1
57602,1
57605,1
57607,0
57608,1
57611,0
57612,1
57614,1
57618,1
57620,1
57624,1
57628,0
57630,1
57633,0
57634,1
57636,0
57643,1
57644,0
57648,0
57652,0
57654,1
57658,0
57664,0
57666,0
57671,1
57678,0
57680,0
57681,1
57683,1
57684,1
57685,1
57686,0
57689,0
57692,0
57693,1
57699,1
57701,0
57702,1
57703,1
57705,1
57711,1
57713,1
57714,1
57716,1
57718,0
57726,1
57731,0
57732,1
57733,0
57737,0
57739,0
57740,1
57741,1
57742,1
57744,0
57746,0
57747,1
57748,0
57752,0
57756,1
57757,1
57763,0
57765,0
57766,1
57769,1
57770,1
57771,0
57772,1
57773,1
57774,1
57775,1
57776,0
57777,1
57778,1
57781,1
57783,0
57784,1
57785,1
57791,0
57796,0
57797,1
57799,1
57807,0
57816,0
57817,0
57818,1
57823,0
57826,0
57827,0
57828,0
57829,1
57830,0
57832,1
57835,0
57841,0
57843,1
57849,0
57854,1
57856,0
57857,0
57859,0
57860,1
57861,1
57863,0
57865,0
57877,0
57878,0
57885,0
57889,1
57894,0
57895,0
57898,0
57899,0
57900,0
57904,1
57906,1
57909,1
57910,1
57912,1
57913,1
57914,1
57916,1
57917,0
57918,0
57921,0
57927,0
57928,1
57929,0
57931,0
57932,0
57933,1
57934,1
57935,0
57940,1
57942,1
57943,1
57945,1
57949,0
57951,1
57953,1
57959,1
57960,1
57962,1
57963,1
57965,1
57966,0
57969,1
57974,0
57983,1
57984,0
57985,1
57986,1
57989,1
57991,1
57992,1
57998,0
58001,0
58002,1
58005,0
58006,1
58007,0
58008,0
58010,0
58011,1
58018,1
58019,1
58023,1
58029,0
58030,1
58032,0
58033,1
58034,1
58036,0
58037,0
58039,0
58041,0
58047,0
58049,0
58051,0
58053,1
58054,0
58056,0
58059,0
58062,1
58065,1
58066,0
58068,0
58069,1
58071,1
58072,1
58073,0
58074,0
58078,0
58079,1
58083,1
58085,1
58088,0
58089,1
58092,1
58099,1
58101,0
58102,0
58107,0
58108,1
58113,0
58114,0
58117,0
58118,1
58119,0
58122,1
58123,1
58124,1
58128,1
58130,0
58135,1
58137,1
58138,0
58143,0
58144,1
58145,0
58148,1
58149,0
58151,0
58152,0
58153,1
58156,1
58157,1
58158,1
58159,1
58161,1
58167,1
58175,0
58176,0
58177,0
58179,0
58182,0
58183,0
58184,0
58187,1
58190,1
58192,0
58196,0
58197,0
58205,1
58212,0
58214,0
58215,0
58217,1
58221,0
58222,1
58226,1
58227,1
58230,1
58232,1
58242,1
58245,0
58247,0
58249,1
58250,1
58251,1
58255,0
58258,1
58260,0
58263,1
58265,0
58267,1
58268,0
58269,1
58271,1
58274,1
58275,1
58276,0
58278,1
58279,0
58280,0
58281,1
58283,1
58285,1
58286,1
58289,1
58291,1
58292,0
58296,1
58297,1
58298,1
58299,1
58300,1
58301,0
58302,0
58305,1
58308,1
58311,0
58312,0
58314,0
58315,0
58318,0
58321,1
58322,0
58323,0
58329,1
58330,0
58333,0
58336,0
58341,1
58342,1
58347,0
58348,0
58349,1
58351,1
58352,1
58353,0
58358,0
58360,0
58362,0
58363,0
58367,1
58370,1
58374,0
58375,1
58377,0
58378,1
58380,0
58384,1
58385,0
58388,0
58389,0
58391,0
58393,1
58394,1
58396,1
58398,0
58399,0
58400,1
58401,0
58405,1
58407,1
58409,0
58410,0
58412,0
58416,0
58419,1
58421,1
58422,0
58423,1
58424,0
58425,1
58426,0
58431,1
58434,0
58436,1
58439,0
58442,0
58446,0
58447,0
58451,1
58453,1
58455,1
58457,0
58458,0
58459,1
58464,0
58465,1
58470,0
58473,1
58477,1
58481,0
58487,0
58489,0
58497,0
58500,0
58509,0
58510,0
58511,1
58514,1
58516,0
58517,1
58520,1
58522,1
58524,1
58526,1
58528,0
58539,1
58547,1
58549,0
58552,0
58555,0
58557,0
58562,1
58565,1
58566,0
58567,1
58569,1
58570,0
58573,1
58575,1
58577,1
58579,0
58580,1
58581,1
58584,1
58585,0
58590,1
58591,0
58598,1
58609,0
58610,0
58614,0
58617,1
58618,1
58621,0
58623,1
58624,1
58627,0
58628,0
58629,0
58630,0
58632,0
58635,1
58636,0
58638,0
58640,0
58642,1
58646,1
58649,0
58650,1
58652,0
58656,0
58661,1
58662,0
58663,0
58664,0
58665,0
58666,0
58667,0
58669,0
58670,0
58672,0
58673,0
58674,0
58675,0
58678,1
58681,0
58687,1
58688,0
58691,1
58692,0
58697,0
58698,1
58708,1
58711,0
58715,0
58719,0
58726,0
58727,0
58729,0
58730,1
58732,0
58736,1
58737,0
58744,1
58745,0
58746,1
58747,1
58748,0
58753,0
58755,0
58760,0
58761,0
58762,0
58763,1
58770,0
58771,1
58772,0
58774,0
58782,1
58787,0
58788,0
58790,0
58791,1
58797,0
58799,0
58801,0
58802,0
58804,1
58806,0
58808,0
58812,1
58813,0
58814,0
58815,1
58816,1
58818,0
58819,0
58821,1
58823,0
58828,1
58829,0
58830,0
58832,0
58833,1
58836,1
58842,0
58845,1
58847,0
58851,0
58856,0
58857,1
58858,1
58860,1
58862,0
58864,1
58867,0
58868,0
58878,0
58879,0
58880,0
58881,0
58883,1
58884,0
58885,0
58886,1
58887,0
58892,1
58894,0
58895,1
58898,0
58905,0
58906,1
58911,0
58912,0
58914,1
58915,0
58917,1
58918,0
58920,0
58921,1
58927,1
58928,0
58930,1
58931,1
58932,0
58935,0
58936,0
58937,0
58938,0
58940,0
58941,0
58942,1
58945,1
58946,0
58950,0
58951,0
58955,0
58957,0
58960,0
58961,1
58964,1
58967,0
58977,0
58985,0
58987,1
58989,0
58992,0
58993,1
58996,0
58998,1
59004,0
59005,0
59008,0
59010,1
59011,1
59015,0
59018,1
59019,1
59020,1
59022,1
59023,0
59033,0
59034,1
59039,1
59040,0
59041,1
59042,0
59045,1
59046,1
59048,0
59054,0
59057,1
59058,0
59059,1
59060,1
59062,1
59064,1
59065,1
59068,1
59069,0
59074,1
59076,0
59077,1
59083,1
59084,1
59086,0
59087,1
59088,1
59094,1
59095,0
59100,1
59103,1
59104,0
59107,0
59108,0
59111,1
59112,0
59113,0
59117,1
59126,1
59128,1
59130,0
59131,0
59135,0
59139,0
59144,1
59148,1
59153,1
59155,1
59165,0
59166,1
59170,1
59176,1
59180,0
59181,1
59182,1
59183,0
59185,0
59189,0
59190,1
59191,1
59198,0
59199,0
59202,1
59204,0
59214,0
59217,1
59221,1
59222,1
59224,0
59225,0
59226,0
59229,0
59232,0
59233,1
59234,0
59239,0
59240,0
59241,1
59246,1
59247,1
59248,1
59249,0
59252,1
59253,0
59262,1
59263,0
59264,0
59265,1
59266,1
59268,0
59274,0
59277,0
59279,1
59281,0
59285,0
59288,0
59295,0
59300,0
59303,0
59306,0
59308,0
59313,1
59316,1
59322,1
59323,0
59324,1
59328,1
59329,1
59330,1
59331,0
59334,1
59335,0
59336,1
59342,0
59345,1
59350,0
59351,0
59359,0
59360,0
59363,1
59365,1
59369,0
59370,0
59373,1
59376,0
59379,1
59380,0
59381,0
59383,0
59386,0
59389,1
59391,0
59396,0
59397,0
59399,1
59403,0
59404,1
59408,1
59416,0
59417,0
59418,0
59419,0
59423,1
59425,0
59427,0
59431,1
59432,0
59433,0
59436,0
59437,0
59438,0
59439,1
59444,0
59445,1
59446,0
59449,0
59450,0
59454,0
59455,0
59459,0
59460,1
59462,0
59467,0
59468,0
59471,0
59473,0
59474,0
59479,0
59480,1
59485,1
59486,0
59490,1
59493,1
59498,1
59506,0
59510,1
59513,1
59514,1
59521,1
59522,1
59528,0
59530,1
59531,1
59535,0
59536,1
59546,1
59549,0
59551,0
59553,0
59556,1
59564,1
59565,0
59566,0
59574,0
59575,0
59577,1
59582,1
59587,1
59599,0
59601,0
59603,0
59604,1
59610,0
59612,1
59614,0
59615,0
59617,0
59618,0
59623,0
59625,0
59627,0
59629,0
59636,1
59637,1
59640,0
59647,1
59648,0
59649,0
59651,0
59653,1
59654,0
59655,0
59657,0
59659,0
59664,0
59667,0
59668,0
59669,0
59670,0
59671,1
59673,1
59674,1
59675,0
59676,1
59677,0
59678,1
59679,0
59680,0
59683,0
59689,1
59690,1
59692,1
59694,0
59700,0
59702,0
59707,0
59712,1
59721,1
59723,1
59734,1
59737,0
59742,1
59744,1
59745,0
59746,0
59747,0
59748,0
59750,1
59753,0
59754,0
59759,0
59760,1
59763,0
59767,1
59768,1
59769,1
59771,1
59775,0
59776,1
59779,0
59784,0
59786,1
59790,1
59797,0
59799,1
59803,1
59807,1
59808,0
59809,0
59810,0
59811,1
59814,1
59815,1
59819,0
59825,0
59826,0
59828,0
59829,1
59830,1
59831,1
59832,0
59836,1
59838,0
59839,0
59854,0
59857,0
59861,1
59862,0
59863,1
59864,0
59866,0
59867,1
59870,0
59873,1
59874,0
59878,0
59880,1
59882,1
59883,1
59885,0
59886,1
59888,1
59889,1
59890,0
59893,1
59894,1
59896,1
59897,0
59901,1
59903,0
59905,0
59907,0
59912,0
59913,1
59914,0
59916,1
59922,0
59923,0
59931,1
59932,1
59939,0
59940,1
59943,0
59945,1
59946,1
59949,0
59951,1
59952,0
59955,0
59958,1
59959,0
59960,0
59961,1
59965,0
59967,0
59972,0
59974,0
59976,0
59977,0
59980,0
59985,0
59992,0
59995,0
59999,0
60001,0
60003,1
60006,1
60009,0
60010,0
60014,1
60016,0
60017,0
60018,0
60019,0
60020,1
60021,0
60025,0
60028,0
60030,1
60031,0
60032,1
60035,0
60037,1
60039,0
60040,0
60043,1
60045,0
60049,0
60054,1
60055,0
60057,1
60061,1
60062,0
60066,1
60070,0
60074,0
60075,0
60076,0
60077,0
60080,0
60089,0
60090,0
60093,0
60095,1
60096,0
60102,0
60109,0
60111,1
60113,1
60114,0
60118,1
60119,0
60120,0
60121,0
60124,1
60131,0
60134,1
60135,1
60136,0
60138,0
60139,0
60142,0
60145,0
60150,1
60151,1
60152,1
60153,1
60154,1
60157,0
60159,0
60160,1
60161,1
60164,1
60166,0
60173,1
60174,1
60181,1
60186,0
60188,0
60189,1
60190,0
60192,0
60197,0
60199,0
60201,0
60202,1
60203,0
60204,0
60205,1
60210,1
60212,1
60213,1
60219,1
60221,1
60222,0
60223,0
60226,1
60228,1
60230,1
60232,0
60237,1
60238,0
60241,1
60245,1
60246,1
60249,1
60250,0
60251,1
60253,1
60255,0
60258,1
60264,1
60265,1
60266,1
60271,1
60272,0
60274,1
60275,0
60281,1
60284,0
60285,0
60286,1
60287,1
60288,1
60293,0
60297,0
60298,1
60300,1
60302,1
60306,0
60313,0
60315,0
60316,1
60317,1
60318,1
60320,0
60321,0
60322,0
60323,0
60324,0
60327,0
60335,0
60339,1
60340,1
60343,0
60347,1
60348,1
60349,1
60353,0
60354,0
60358,1
60359,1
60360,1
60361,0
60363,0
60367,1
60368,0
60374,0
60376,0
60377,1
60378,1
60380,1
60392,0
60393,0
60397,1
60401,1
60409,0
60417,1
60420,1
60423,1
60428,0
60434,0
60435,0
60436,1
60439,0
60440,0
60441,0
60443,0
60445,0
60446,1
60447,1
60452,1
60453,0
60455,0
60456,0
60460,1
60467,1
60477,0
60482,0
60483,1
60485,0
60487,0
60491,1
60496,0
60497,0
60501,1
60509,0
60510,1
60511,0
60520,0
60521,1
60524,0
60525,0
60527,0
60531,0
60532,0
60533,1
60536,0
60537,1
60538,1
60540,0
60544,1
60547,1
60548,0
60549,0
60551,1
60555,0
60556,1
60558,0
60562,1
60565,0
60574,0
60576,1
60577,0
60580,0
60581,0
60583,1
60584,1
60587,0
60588,0
60593,1
60601,0
60603,1
60605,1
60606,0
60608,1
60610,1
60611,1
60612,0
60613,1
60614,0
60616,0
60620,0
60621,1
60622,1
60624,1
60625,1
60630,0
60633,0
60634,0
60640,1
60641,1
60642,0
60644,0
60645,0
60646,1
60648,1
60651,1
60654,1
60658,0
60663,1
60666,0
60667,1
60668,0
60676,1
60677,1
60680,1
60684,1
60685,0
60686,1
60689,1
60692,0
60693,0
60696,1
60698,1
60701,1
60702,1
60703,1
60704,0
60705,1
60710,0
60711,1
60712,1
60718,0
60719,1
60725,1
60727,0
60728,0
60730,0
60734,1
60735,1
60739,0
60742,0
60744,1
60745,1
60746,0
60750,1
60751,0
60754,1
60760,0
60762,0
60764,1
60765,1
60766,1
60770,0
60775,0
60776,0
60777,1
60780,1
60781,0
60784,1
60785,1
60792,1
60796,1
60797,0
60799,1
60800,0
60801,1
60802,1
60803,0
60804,0
60808,1
60814,0
60815,1
60817,1
60818,1
60819,1
60821,0
60823,1
60824,1
60826,1
60830,0
60834,0
60838,1
60839,0
60841,0
60842,0
60843,0
60844,0
60847,1
60852,1
60853,0
60854,1
60856,1
60857,1
60859,0
60860,1
60863,0
60864,0
60866,1
60869,1
60871,1
60872,1
60873,1
60879,0
60882,0
60886,1
60894,0
60897,1
60899,0
60901,1
60903,0
60904,1
60908,0
60911,0
60914,0
60917,1
60919,0
60920,0
60921,1
60924,1
60926,1
60928,0
60929,1
60930,1
60931,1
60935,0
60938,1
60940,0
60942,0
60943,1
60944,1
60948,0
60952,0
60953,0
60958,0
60959,1
60963,1
60964,0
60968,1
60971,1
60976,1
60977,0
60979,1
60986,1
60990,1
61001,0
61002,1
61005,0
61006,0
61008,1
61009,0
61013,0
61016,1
61018,1
61020,1
61022,0
61024,0
61026,0
61027,0
61029,1
61031,1
61034,0
61038,1
61039,0
61040,0
61045,1
61046,0
61047,0
61048,0
61050,0
61051,1
61052,0
61058,0
61064,1
61070,0
61074,1
61081,1
61083,0
61084,1
61085,0
61088,1
61090,1
61091,1
61095,0
61098,0
61099,1
61100,1
61101,1
61102,0
61103,1
61104,1
61113,0
61114,0
61116,1
61120,0
61123,0
61125,0
61128,1
61129,1
61133,1
61148,1
61151,1
61161,0
61163,1
61164,0
61168,0
61170,0
61171,1
61172,0
61175,0
61178,1
61182,1
61183,0
61189,1
61192,0
61197,0
61198,0
61199,0
61201,1
61205,0
61210,1
61216,1
61217,1
61218,1
61219,1
61220,0
61221,0
61222,0
61225,1
61226,0
61227,0
61231,0
61233,0
61234,1
61238,0
61241,0
61245,0
61246,1
61249,1
61250,1
61251,0
61253,0
61255,0
61256,0
61257,1
61267,1
61268,1
61270,1
61271,1
61275,1
61276,1
61281,1
61283,1
61284,0
61285,1
61286,1
61290,0
61292,0
61293,0
61295,0
61297,0
61302,1
61308,1
61313,0
61315,0
61318,1
61319,0
61320,0
61322,0
61323,1
61326,0
61328,0
61336,1
61338,1
61339,1
61340,0
61342,1
61343,0
61350,0
61353,1
61354,0
61357,1
61360,0
61362,1
61363,1
61365,0
61367,1
61371,0
61374,1
61375,0
61377,0
61378,0
61383,0
61385,0
61386,1
61387,1
61391,1
61392,0
61395,0
61396,1
61405,0
61408,0
61411,0
61415,0
61416,0
61419,1
61420,0
61425,1
61426,1
61427,0
61429,1
61434,0
61435,1
61439,0
61440,0
61441,0
61445,0
61448,0
61449,1
61450,1
61451,0
61453,0
61457,0
61467,0
61469,0
61473,0
61478,0
61481,0
61484,0
61489,1
61490,1
61493,1
61494,0
61495,0
61496,0
61498,0
61499,0
61505,0
61507,0
61510,0
61512,0
61514,0
61516,0
61517,0
61519,1
61520,1
61522,0
61529,0
61531,1
61534,0
61535,0
61536,1
61537,0
61538,0
61541,0
61542,0
61549,0
61554,1
61555,0
61557,1
61560,0
61561,0
61563,1
61564,0
61572,0
61573,0
61577,0
61578,0
61579,0
61581,0
61583,1
61585,0
61587,0
61590,1
61592,0
61594,0
61595,0
61598,0
61600,1
61602,0
61603,1
61606,1
61611,1
61612,0
61614,0
61616,0
61620,1
61622,1
61623,0
61626,1
61631,1
61632,1
61636,0
61642,0
61647,0
61652,0
61656,1
61657,1
61660,1
61666,0
61668,1
61669,1
61670,0
61671,1
61675,1
61676,0
61682,1
61684,0
61685,1
61688,0
61689,1
61691,0
61695,1
61696,0
61697,0
61699,0
61707,0
61710,0
61711,0
61714,1
61715,1
61721,1
61722,0
61723,0
61725,1
61728,0
61730,1
61731,1
61732,1
61733,0
61735,0
61736,0
61737,0
61742,1
61743,1
61744,0
61745,0
61746,0
61747,1
61755,1
61756,0
61757,0
61759,1
61763,1
61764,1
61765,1
61767,1
61769,1
61770,0
61771,1
61772,0
61774,0
61775,0
61778,0
61780,0
61781,0
61785,0
61787,1
61788,0
61789,0
61790,0
61791,0
61792,1
61794,1
61795,1
61796,0
61797,0
61798,1
61799,0
61801,1
61802,0
61804,0
61805,1
61807,0
61808,0
61816,0
61817,0
61818,0
61823,0
61827,0
61828,0
61834,1
61835,0
61838,0
61839,0
61840,1
61841,1
61844,0
61848,0
61851,0
61852,0
61853,0
61854,0
61855,0
61857,0
61867,1
61868,1
61869,0
61872,0
61874,1
61875,0
61876,1
61877,0
61878,1
61882,1
61885,1
61888,1
61890,0
61892,0
61893,1
61895,0
61896,0
61898,0
61901,0
61906,0
61911,0
61914,1
61915,0
61920,0
61921,1
61925,1
61926,0
61927,0
61930,1
61932,0
61933,0
61934,0
61935,0
61937,0
61939,1
61944,1
61948,0
61949,0
61952,0
61953,0
61956,0
61957,1
61959,0
61962,0
61966,1
61968,0
61969,1
61970,1
61972,1
61973,1
61976,1
61977,0
61979,1
61986,1
61989,0
61994,0
61995,0
61997,0
61998,0
61999,0
62000,0
62001,1
62002,1
62003,0
62004,1
62006,1
62008,1
62009,1
62011,0
62012,1
62015,0
62016,0
62019,1
62021,0
62022,0
62024,1
62025,0
62027,1
62028,0
62031,1
62033,1
62034,0
62035,0
62042,0
62044,1
62047,1
62051,1
62052,1
62054,1
62059,1
62060,0
62061,1
62067,0
62071,0
62073,0
62074,0
62083,0
62084,0
62085,0
62092,0
62094,0
62099,0
62100,1
62101,0
62103,0
62104,1
62106,0
62109,1
62119,1
62120,1
62122,1
62125,0
62128,0
62130,1
62137,1
62141,0
62143,0
62146,0
62149,1
62152,0
62153,1
62154,0
62155,0
62156,1
62162,0
62164,0
62165,1
62166,1
62177,1
62178,1
62179,0
62183,0
62184,1
62188,0
62190,1
62191,0
62192,0
62193,0
62194,1
62196,0
62198,0
62200,0
62202,1
62203,0
62205,1
62208,0
62210,1
62219,0
62222,0
62224,1
62227,0
62230,0
62235,1
62242,0
62245,0
62246,1
62250,1
62251,1
62252,1
62253,1
62256,0
62259,0
62262,1
62265,0
62268,1
62269,1
62270,1
62276,1
62279,0
62282,0
62285,0
62286,0
62289,0
62290,1
62299,0
62300,0
62304,0
62306,1
62311,1
62312,0
62313,1
62316,0
62319,0
62326,0
62328,0
62330,0
62333,0
62335,1
62336,0
62341,0
62343,0
62347,1
62348,0
62349,0
62351,0
62352,0
62353,0
62357,0
62361,1
62363,0
62365,0
62366,1
62367,1
62368,1
62369,0
62370,0
62373,0
62379,1
62381,0
62388,0
62391,1
62392,1
62393,0
62395,1
62401,0
62402,0
62404,0
62406,0
62407,0
62410,0
62411,1
62413,0
62414,0
62416,0
62419,0
62421,0
62422,0
62426,0
62430,0
62431,0
62436,1
62439,1
62441,0
62442,0
62445,1
62451,1
62452,1
62453,1
62456,1
62457,0
62458,0
62460,0
62466,0
62467,0
62476,0
62478,0
62482,0
62483,0
62484,1
62485,0
62488,0
62489,0
62491,0
62502,0
62505,0
62517,1
62519,0
62520,0
62521,1
62527,1
62528,1
62529,1
62531,0
62532,1
62533,0
62536,1
62538,0
62539,0
62544,0
62545,0
62555,0
62557,0
62558,1
62559,1
62565,1
62568,0
62569,1
62570,1
62571,0
62572,1
62573,0
62576,0
62577,0
62582,0
62597,0
62600,1
62604,1
62605,0
62606,1
62608,0
62609,1
62610,0
62613,1
62614,0
62618,0
62620,0
62624,0
62625,1
62628,0
62629,0
62632,0
62634,0
62635,0
62636,1
62646,1
62650,1
62654,1
62655,1
62657,1
62658,1
62664,0
62668,1
62669,1
62676,1
62677,0
62679,1
62681,0
62683,0
62684,0
62685,1
62688,1
62691,0
62693,1
62694,1
62696,1
62699,1
62701,0
62703,1
62708,1
62710,1
62712,0
62713,0
62714,0
62716,1
62720,0
62725,1
62729,0
62730,0
62731,0
62734,0
62735,1
62740,0
62743,0
62745,1
62749,0
62751,0
62754,0
62755,0
62756,1
62758,1
62759,0
62760,1
62761,0
62767,0
62770,0
62772,0
62774,0
62775,0
62780,0
62783,1
62785,1
62787,1
62789,0
62792,0
62793,1
62794,1
62796,0
62801,0
62803,0
62805,0
62806,0
62807,1
62810,0
62813,0
62817,0
62821,0
62822,1
62828,1
62829,1
62834,1
62835,0
62836,0
62839,0
62845,1
62846,1
62848,1
62850,1
62851,0
62852,1
62856,0
62864,0
62865,0
62868,0
62869,1
62870,0
62871,1
62872,0
62876,0
62884,0
62886,1
62888,0
62891,0
62893,1
62894,0
62911,1
62913,1
62919,0
62922,0
62923,0
62927,1
62928,0
62933,0
62934,0
62935,0
62936,0
62937,1
62944,0
62945,1
62946,0
62951,0
62954,1
62959,0
62962,0
62963,0
62966,1
62967,1
62969,1
62970,0
62971,0
62975,0
62976,0
62977,1
62981,0
62982,1
62985,0
62987,0
62990,1
62991,1
62992,0
62995,0
62996,1
62999,1
63002,1
63003,0
63007,1
63014,1
63016,0
63028,0
63029,0
63030,0
63032,0
63034,0
63039,0
63041,0
63042,1
63043,0
63044,0
63045,0
63046,1
63047,0
63049,1
63053,1
63055,1
63057,0
63058,1
63059,0
63064,1
63069,1
63071,1
63072,1
63073,0
63074,0
63076,0
63080,0
63083,1
63084,0
63089,1
63090,1
63093,0
63094,1
63096,0
63098,0
63100,1
63108,1
63109,1
63113,0
63115,1
63117,1
63122,1
63123,0
63126,1
63127,0
63134,1
63135,0
63136,1
63140,1
63143,1
63146,1
63147,0
63148,0
63153,0
63157,1
63168,1
63169,0
63170,0
63171,0
63173,1
63177,0
63178,0
63180,0
63181,0
63186,0
63189,0
63191,1
63196,0
63199,0
63200,0
63201,1
63202,0
63204,1
63206,0
63209,0
63214,0
63217,1
63218,0
63227,1
63231,0
63232,0
63238,0
63242,0
63243,0
63245,1
63249,1
63250,0
63257,0
63260,0
63261,0
63262,0
63263,1
63264,1
63267,0
63270,0
63278,0
63283,1
63290,0
63292,0
63293,0
63294,1
63295,1
63296,0
63297,0
63298,0
63302,0
63303,0
63304,0
63309,1
63313,1
63314,1
63316,1
63318,0
63319,1
63320,0
63321,0
63323,1
63326,1
63327,0
63328,1
63329,1
63333,1
63335,0
63336,1
63341,0
63343,1
63344,1
63347,0
63349,0
63350,1
63353,1
63354,0
63355,0
63357,1
63362,0
63363,1
63368,0
63376,0
63380,0
63384,1
63385,1
63387,0
63388,1
63390,1
63394,1
63398,1
63399,0
63402,0
63403,1
63405,1
63406,0
63412,0
63413,1
63419,1
63420,1
63422,1
63424,1
63426,0
63429,1
63431,0
63432,0
63434,0
63439,1
63442,0
63443,1
63445,0
63446,1
63447,1
63450,1
63451,1
63453,0
63454,1
63459,0
63464,0
63465,0
63467,1
63468,0
63469,0
63472,0
63473,1
63477,1
63478,1
63480,0
63493,0
63494,1
63497,0
63498,1
63502,1
63504,1
63507,1
63512,1
63518,0
63519,0
63520,1
63521,1
63522,0
63526,0
63529,0
63534,0
63535,0
63536,0
63538,0
63540,0
63545,1
63546,0
63547,0
63549,0
63550,1
63553,0
63556,0
63557,0
63563,0
63565,1
63566,1
63567,0
63569,0
63570,1
63571,1
63575,0
63578,1
63582,1
63583,1
63586,0
63590,0
63591,0
63592,0
63595,1
63598,1
63599,0
63601,1
63602,1
63603,0
63605,1
63607,1
63608,1
63609,0
63610,1
63613,1
63615,1
63616,1
63619,1
63623,0
63624,1
63637,0
63640,1
63641,0
63642,0
63643,0
63644,1
63646,0
63647,0
63649,0
63650,0
63653,1
63658,0
63659,0
63660,1
63662,0
63666,1
63667,0
63670,1
63671,0
63674,1
63682,1
63687,0
63690,1
63691,1
63692,0
63695,0
63696,1
63698,0
63700,0
63702,0
63704,1
63707,1
63712,0
63714,1
63715,0
63716,0
63721,1
63723,1
63724,1
63726,0
63728,0
63731,0
63732,1
63734,1
63738,0
63739,0
63742,0
63747,0
63748,0
63750,1
63755,0
63757,1
63760,0
63764,0
63765,1
63766,1
63767,1
63768,0
63770,0
63771,1
63774,1
63775,0
63780,1
63782,0
63783,0
63787,0
63788,0
63790,0
63792,0
63794,1
63795,0
63798,0
63802,1
63812,0
63813,0
63814,1
63816,0
63823,1
63825,0
63826,1
63829,0
63831,0
63836,1
63839,0
63843,1
63846,1
63850,1
63852,0
63865,1
63866,0
63868,1
63869,0
63870,0
63872,0
63875,1
63881,1
63885,1
63886,1
63892,1
63902,1
63903,1
63906,0
63907,0
63912,1
63919,0
63920,0
63923,0
63925,1
63927,0
63928,0
63930,0
63931,0
63932,1
63933,0
63937,1
63938,0
63940,1
63943,1
63944,1
63946,0
63947,1
63952,1
63954,1
63956,0
63957,0
63958,0
63960,1
63961,1
63964,0
63968,1
63969,0
63971,0
63972,1
63974,1
63975,0
63976,1
63978,0
63980,0
63981,0
63982,0
63984,0
63987,0
63988,1
63990,0
63993,0
63994,0
64003,0
64007,0
64008,0
64015,1
64022,1
64023,1
64025,0
64027,0
64030,0
64031,1
64039,1
64042,0
64045,0
64046,0
64047,1
64049,0
64051,0
64052,0
64054,0
64055,0
64058,0
64061,1
64062,1
64063,0
64064,1
64066,1
64071,0
64072,0
64074,1
64081,1
64087,1
64091,0
64093,1
64095,1
64096,1
64099,1
64103,0
64105,0
64106,0
64112,0
64114,0
64117,1
64118,1
64121,1
64126,0
64131,0
64133,1
64135,0
64136,1
64137,1
64138,1
64139,1
64143,0
64145,0
64146,1
64147,1
64148,1
64149,0
64150,0
64153,0
64155,0
64165,0
64168,0
64171,0
64172,0
64173,1
64175,1
64178,0
64181,0
64185,1
64191,1
64194,1
64197,0
64199,0
64200,0
64202,0
64203,0
64206,0
64207,1
64210,0
64211,1
64216,1
64218,1
64224,1
64225,1
64227,0
64230,0
64234,0
64239,1
64240,0
64241,0
64250,0
64251,1
64252,0
64254,0
64255,1
64259,0
64260,1
64262,0
64264,1
64265,1
64266,1
64267,0
64269,0
64270,1
64272,1
64273,0
64285,0
64286,0
64290,0
64291,0
64292,0
64293,0
64296,0
64297,0
64298,1
64301,0
64308,1
64309,1
64310,0
64313,0
64314,0
64315,1
64317,1
64320,1
64326,1
64329,1
64330,0
64334,1
64339,0
64340,0
64342,0
64343,1
64346,0
64348,0
64349,1
64351,0
64353,0
64354,1
64355,0
64356,1
64357,0
64362,1
64364,0
64365,0
64366,1
64367,0
64368,0
64369,0
64371,0
64377,0
64379,1
64385,1
64388,0
64389,0
64390,1
64391,0
64392,0
64394,1
64397,0
64400,1
64401,0
64403,1
64405,1
64406,0
64408,0
64409,1
64412,0
64414,1
64416,0
64418,0
64419,1
64422,1
64427,1
64429,0
64430,0
64431,0
64432,1
64441,1
64445,0
64449,1
64454,1
64455,1
64456,0
64460,1
64464,1
64465,0
64467,0
64469,0
64471,0
64473,1
64474,0
64478,0
64479,0
64482,1
64485,1
64487,0
64488,1
64499,0
64500,1
64507,0
64509,0
64511,1
64512,0
64513,0
64521,1
64522,1
64524,0
64525,1
64527,1
64528,1
64531,0
64534,1
64540,0
64541,0
64544,0
64545,0
64546,0
64549,0
64550,0
64552,0
64553,0
64557,0
64559,0
64560,1
64563,0
64565,0
64568,0
64569,0
64570,1
64571,0
64579,1
64580,1
64582,1
64585,0
64586,0
64587,0
64588,0
64591,1
64592,0
64595,0
64596,0
64598,0
64601,1
64607,0
64608,0
64609,1
64610,1
64616,1
64621,0
64624,0
64625,1
64626,1
64627,0
64632,0
64636,0
64640,1
64644,1
64647,0
64648,0
64650,1
64653,0
64656,1
64662,1
64665,0
64670,1
64671,0
64672,1
64674,0
64675,0
64680,1
64687,0
64688,0
64689,1
64693,1
64696,1
64697,1
64698,0
64700,1
64701,1
64705,1
64709,1
64715,1
64719,1
64726,0
64728,1
64729,1
64731,1
64732,1
64734,1
64735,1
64740,0
64741,0
64742,0
64743,1
64744,0
64750,0
64751,1
64753,1
64754,1
64756,1
64760,0
64761,1
64762,0
64765,0
64768,0
64769,0
64771,1
64773,0
64775,1
64777,1
64778,1
64789,0
64790,0
64791,0
64793,1
64797,1
64800,0
64801,0
64802,0
64805,1
64806,0
64807,1
64808,1
64809,1
64810,1
64812,0
64814,1
64815,0
64823,0
64830,0
64833,0
64834,0
64837,1
64838,1
64839,0
64840,0
64845,1
64847,0
64849,1
64851,0
64856,0
64858,0
64861,0
64863,0
64865,0
64866,1
64867,0
64872,0
64876,0
64877,1
64879,1
64882,0
64884,0
64888,0
64890,0
64891,1
64892,1
64893,1
64894,0
64895,1
64896,1
64897,1
64900,0
64903,1
64906,1
64909,1
64913,0
64915,0
64916,0
64917,0
64918,0
64921,1
64922,0
64923,0
64924,0
64927,1
64930,0
64932,1
64933,1
64934,1
64935,0
64937,1
64938,1
64939,0
64945,0
64947,1
64949,0
64957,1
64959,0
64960,1
64962,0
64963,1
64967,1
64968,1
64970,1
64976,0
64977,0
64982,0
64985,0
64986,0
64989,0
64990,0
64991,1
64995,1
65001,0
65003,0
65008,1
65009,0
65014,0
65015,0
65023,0
65025,0
65028,1
65030,1
65032,1
65033,0
65035,0
65037,0
65038,0
65041,1
65045,0
65050,1
65052,0
65053,1
65054,0
65055,1
65057,0
65060,1
65061,0
65063,0
65064,1
65066,0
65069,0
65070,1
65071,1
65072,0
65078,0
65080,0
65082,0
65084,1
65085,0
65088,0
65089,1
65097,1
65098,1
65109,0
65114,0
65116,1
65117,0
65119,1
65124,0
65127,0
65130,0
65134,0
65135,1
65136,1
65139,0
65146,0
65153,1
65154,0
65155,0
65156,1
65157,1
65158,0
65159,0
65162,1
65163,0
65166,1
65167,0
65169,0
65172,0
65183,1
65184,1
65185,1
65186,0
65187,1
65189,0
65193,0
65196,0
65198,0
65202,1
65203,1
65204,0
65206,1
65208,1
65210,0
65215,1
65216,1
65219,1
65224,1
65226,1
65227,1
65228,0
65232,0
65233,0
65234,0
65236,0
65240,1
65241,1
65243,0
65244,0
65245,0
65248,1
65249,0
65251,0
65253,0
65255,0
65258,0
65264,0
65267,0
65271,1
65275,1
65276,1
65279,1
65280,0
65282,1
65287,1
65288,0
65296,1
65303,0
65304,1
65306,0
65307,1
65317,1
65322,1
65324,0
65327,0
65328,1
65329,0
65331,0
65332,0
65335,1
65336,0
65341,0
65344,0
65346,0
65347,0
65349,0
65350,0
65353,1
65356,0
65358,0
65364,0
65365,0
65366,1
65371,0
65374,1
65381,1
65382,0
65383,1
65387,1
65388,0
65391,0
65393,0
65396,0
65397,1
65399,1
65412,0
65413,0
65420,0
65424,0
65425,1
65436,0
65439,1
65441,0
65444,1
65446,0
65450,0
65451,1
65453,0
65454,0
65455,0
65456,0
65458,0
65459,1
65461,1
65463,1
65464,1
65465,1
65468,0
65469,0
65470,0
65472,1
65473,0
65474,1
65481,1
65482,1
65484,1
65491,0
65494,0
65497,0
65502,1
65507,0
65508,1
65509,1
65510,1
65511,1
65514,1
65515,0
65517,1
65520,1
65525,0
65527,1
65531,1
65532,0
65537,1
65541,0
65550,1
65551,1
65556,1
65557,0
65559,0
65563,0
65569,0
65570,0
65574,0
65577,1
65581,1
65582,1
65589,1
65590,1
65597,1
65599,1
65600,1
65603,0
65606,1
65608,1
65612,0
65613,1
65618,1
65622,0
65625,1
65626,1
65638,0
65639,0
65641,1
65643,0
65644,0
65648,1
65655,1
65656,1
65657,0
65658,0
65659,0
65660,1
65662,0
65663,0
65664,1
65670,0
65672,1
65675,0
65677,0
65678,1
65679,1
65681,1
65682,1
65692,0
65694,0
65700,1
65703,0
65705,0
65706,0
65707,1
65708,1
65712,0
65713,1
65714,0
65717,1
65718,1
65719,1
65720,0
65721,1
65723,1
65725,0
65727,0
65730,0
65731,0
65732,1
65733,1
65735,1
65736,0
65737,0
65740,0
65741,1
65747,0
65748,0
65750,0
65753,1
65760,0
65764,0
65765,0
65768,0
65769,1
65770,0
65780,1
65783,0
65785,0
65786,0
65787,1
65788,0
65789,0
65790,0
65792,1
65793,1
65795,1
65796,0
65800,0
65804,1
65807,1
65811,1
65812,0
65814,1
65816,0
65820,0
65831,1
65836,1
65842,0
65844,1
65845,1
65848,1
65850,0
65853,0
65854,0
65855,0
65857,0
65859,1
65860,0
65862,0
65863,0
65866,1
65868,0
65869,1
65870,0
65874,1
65876,0
65880,0
65881,0
65885,0
65886,0
65887,0
65889,1
65899,1
65902,1
65904,1
65906,1
65907,0
65912,0
65916,0
65918,1
65919,1
65922,0
65925,0
65928,0
65929,0
65930,1
65933,1
65937,0
65938,1
65943,0
65948,0
65951,1
65952,0
65956,1
65957,0
65958,1
65959,0
65960,1
65961,1
65963,0
65966,0
65975,1
65982,1
65984,1
65985,1
65986,1
65991,1
65992,0
66001,0
66003,1
66006,0
66009,0
66012,0
66015,0
66017,1
66021,1
66024,1
66027,0
66030,1
66032,0
66034,1
66035,0
66037,1
66038,0
66042,1
66043,0
66044,0
66048,0
66050,1
66052,0
66054,0
66056,1
66058,0
66060,0
66061,0
66063,1
66064,1
66071,1
66072,1
66082,0
66083,1
66084,1
66085,1
66086,1
66087,0
66090,1
66097,1
66099,0
66103,0
66107,0
66108,0
66109,0
66110,0
66111,0
66113,0
66114,0
66115,1
66116,1
66117,0
66122,1
66123,1
66125,0
66126,0
66127,0
66128,0
66129,0
66130,1
66131,0
66132,0
66133,1
66135,1
66145,0
66153,0
66158,0
66160,1
66163,0
66166,0
66170,1
66172,1
66175,1
66177,0
66178,0
66179,0
66183,0
66184,0
66185,1
66189,1
66190,1
66193,0
66195,0
66196,0
66197,1
66203,1
66204,1
66208,0
66211,0
66213,0
66216,0
66218,0
66219,0
66222,0
66227,0
66229,0
66232,1
66236,0
66237,1
66238,1
66241,1
66245,0
66250,1
66251,1
66253,0
66254,1
66256,0
66257,1
66259,1
66262,0
66265,1
66267,1
66271,0
66272,0
66276,0
66280,1
66281,0
66282,0
66287,1
66288,0
66289,0
66290,1
66298,1
66299,0
66300,0
66306,1
66307,0
66308,0
66309,0
66311,0
66312,0
66315,0
66321,1
66324,1
66327,0
66328,0
66332,1
66334,1
66335,0
66337,1
66341,1
66342,0
66344,0
66345,0
66346,0
66347,0
66348,0
66349,0
66350,1
66351,1
66354,1
66358,0
66362,1
66363,0
66365,0
66368,0
66369,0
66373,1
66375,0
66378,1
66379,1
66380,0
66381,0
66383,1
66384,1
66385,0
66387,0
66388,0
66389,0
66394,0
66395,1
66398,0
66401,1
66402,0
66403,0
66412,1
66413,0
66418,0
66419,1
66421,0
66424,1
66427,0
66430,0
66432,0
66436,1
66437,1
66438,0
66439,0
66440,1
66442,1
66444,0
66449,0
66452,0
66453,0
66455,1
66456,0
66457,0
66459,0
66460,1
66462,1
66467,0
66470,1
66471,1
66472,1
66473,0
66474,0
66478,1
66480,0
66483,0
66484,0
66491,0
66493,0
66494,1
66496,1
66499,0
66500,1
66501,1
66502,1
66511,0
66514,1
66516,0
66525,0
66527,0
66529,1
66530,0
66532,1
66534,1
66537,0
66538,0
66539,1
66542,1
66543,0
66544,1
66545,1
66546,1
66549,1
66552,0
66554,1
66555,1
66556,1
66559,1
66561,0
66563,1
66564,0
66567,0
66569,1
66574,0
66578,0
66579,0
66582,0
66583,0
66585,1
66586,1
66587,0
66589,0
66594,0
66596,0
66599,1
66603,0
66604,0
66605,1
66606,1
66607,1
66608,0
66610,1
66615,0
66617,0
66619,0
66621,1
66622,1
66623,0
66627,0
66629,1
66631,0
66633,0
66634,0
66635,0
66636,1
66641,1
66642,0
66644,1
66645,1
66651,1
66652,0
66655,1
66657,0
66658,0
66660,1
66661,1
66675,0
66676,0
66677,1
66679,1
66680,1
66681,1
66683,1
66689,1
66691,0
66693,1
66697,0
66699,0
66701,1
66707,0
66708,0
66709,1
66712,0
66713,0
66716,1
66718,0
66722,0
66723,0
66726,0
66727,0
66728,0
66729,0
66730,0
66743,0
66749,0
66750,0
66752,0
66753,1
66758,0
66759,0
66760,0
66768,0
66770,1
66771,0
66773,0
66774,1
66776,1
66779,1
66780,1
66784,0
66793,1
66794,0
66801,1
66803,0
66804,1
66805,1
66809,0
66813,0
66814,0
66819,1
66821,0
66822,0
66824,0
66826,1
66827,1
66828,0
66832,0
66834,0
66835,0
66836,1
66842,0
66846,0
66848,1
66849,0
66855,0
66857,1
66858,0
66861,1
66864,0
66867,1
66870,0
66872,1
66873,0
66880,1
66881,0
66882,1
66883,0
66884,1
66886,1
66888,0
66889,1
66890,1
66892,1
66893,1
66894,0
66901,1
66903,1
66906,0
66907,0
66910,1
66911,0
66920,1
66921,1
66923,0
66929,1
66930,1
66942,1
66946,0
66947,0
66948,0
66949,0
66952,0
66954,0
66955,0
66956,0
66958,1
66960,0
66961,1
66962,1
66963,1
66968,1
66970,1
66971,1
66972,1
66979,0
66982,0
66985,0
66988,1
66991,1
66994,0
66995,0
66997,0
66999,0
67000,0
67001,1
67002,0
67004,0
67008,1
67010,1
67012,1
67013,0
67015,1
67023,1
67025,0
67027,1
67028,1
67030,1
67031,0
67035,0
67044,1
67051,0
67053,0
67056,1
67057,1
67058,0
67059,1
67060,1
67064,0
67065,1
67069,0
67071,0
67075,0
67076,0
67077,0
67078,0
67081,1
67082,1
67084,0
67088,0
67092,0
67093,0
67094,1
67095,0
67096,1
67097,0
67101,1
67105,0
67106,1
67107,0
67110,1
67118,0
67120,1
67121,1
67126,1
67129,1
67130,1
67132,0
67133,0
67137,0
67139,1
67142,0
67145,0
67148,0
67149,0
67154,1
67155,0
67161,0
67164,0
67167,0
67168,1
67171,1
67179,0
67180,0
67181,1
67182,1
67183,0
67186,0
67190,0
67191,1
67192,0
67199,1
67202,1
67204,0
67213,0
67215,1
67216,1
67217,0
67221,1
67222,1
67225,0
67228,0
67232,1
67237,0
67238,0
67240,1
67243,0
67245,0
67247,0
67248,0
67249,1
67250,0
67254,0
67255,0
67256,1
67259,1
67263,1
67264,0
67266,0
67270,0
67273,1
67277,0
67280,1
67281,0
67283,0
67287,0
67290,1
67295,0
67298,0
67302,0
67303,1
67305,1
67312,0
67316,0
67319,0
67321,1
67325,0
67331,0
67336,0
67338,1
67340,0
67344,1
67345,0
67346,0
67349,0
67350,0
67355,0
67360,0
67361,0
67368,0
67376,0
67382,0
67383,1
67385,0
67386,0
67387,1
67389,0
67390,0
67391,0
67392,0
67396,0
67399,0
67404,0
67405,1
67406,0
67407,0
67411,0
67413,0
67415,0
67416,0
67418,0
67419,0
67422,0
67424,1
67425,0
67431,0
67438,0
67439,0
67443,0
67448,0
67449,0
67450,0
67451,0
67454,1
67457,1
67458,0
67459,0
67463,1
67465,0
67470,0
67472,1
67474,1
67475,0
67476,0
67479,1
67483,0
67484,1
67487,1
67489,0
67491,1
67495,1
67497,1
67498,0
67502,0
67503,1
67504,0
67505,0
67507,0
67512,1
67517,0
67518,1
67526,0
67528,0
67531,1
67533,1
67534,1
67535,0
67542,1
67544,0
67546,1
67548,0
67549,0
67551,1
67555,1
67557,1
67560,0
67565,0
67568,1
67569,0
67576,1
67577,0
67579,1
67581,1
67583,1
67585,1
67587,0
67589,0
67592,0
67593,0
67596,0
67599,0
67600,0
67607,1
67608,0
67613,0
67614,0
67615,0
67616,0
67617,1
67623,0
67624,0
67628,0
67634,1
67636,1
67644,1
67645,0
67649,0
67650,0
67651,0
67652,0
67654,1
67655,0
67659,1
67665,0
67666,0
67670,0
67674,1
67676,0
67677,1
67680,0
67682,0
67683,0
67684,0
67689,0
67692,0
67693,1
67697,0
67699,0
67700,0
67704,0
67705,0
67707,1
67708,1
67709,1
67710,0
67711,0
67716,0
67718,1
67728,1
67732,0
67733,1
67734,0
67736,1
67737,0
67738,0
67740,0
67742,1
67743,0
67744,1
67745,1
67750,1
67754,0
67756,1
67758,0
67761,0
67762,0
67763,1
67765,0
67766,0
67767,0
67769,0
67770,0
67772,0
67773,0
67774,0
67777,1
67779,0
67782,0
67785,0
67788,0
67790,0
67792,1
67794,0
67795,0
67798,0
67799,0
67800,0
67807,0
67814,1
67815,0
67816,1
67819,0
67822,0
67823,0
67826,0
67827,0
67829,1
67830,0
67831,0
67833,0
67834,1
67835,0
67836,1
67837,1
67839,0
67841,0
67842,1
67843,0
67845,0
67846,1
67847,1
67848,0
67850,0
67853,1
67856,0
67858,0
67870,0
67873,0
67875,0
67877,1
67878,0
67879,0
67880,1
67884,1
67885,0
67888,1
67890,0
67893,0
67895,0
67896,0
67897,0
67901,1
67902,1
67903,0
67904,1
67908,0
67915,0
67916,1
67920,1
67923,0
67925,1
67934,1
67935,0
67936,1
67941,0
67946,1
67947,0
67948,0
67949,0
67954,0
67955,0
67956,1
67958,1
67960,0
67961,0
67971,0
67972,0
67974,0
67976,1
67977,0
67978,0
67979,0
67980,0
67982,0
67986,1
67987,1
67988,1
67992,0
67993,0
67995,1
67996,1
68002,1
68007,0
68010,0
68015,1
68016,1
68020,1
68025,1
68026,1
68030,0
68031,0
68032,1
68033,1
68035,0
68037,0
68038,0
68039,0
68047,1
68050,0
68053,1
68055,0
68059,0
68060,0
68063,0
68064,0
68065,1
68066,0
68067,0
68068,1
68069,1
68075,0
68076,0
68080,1
68082,1
68083,1
68085,0
68090,1
68091,1
68094,1
68095,0
68096,0
68097,0
68099,0
68100,0
68104,0
68106,1
68107,1
68108,1
68109,0
68113,1
68114,1
68119,1
68128,0
68129,0
68135,1
68139,0
68147,0
68151,1
68152,1
68153,0
68158,0
68162,0
68164,1
68167,1
68171,0
68173,0
68175,0
68177,0
68183,0
68185,1
68188,0
68192,0
68198,0
68201,1
68202,0
68205,0
68207,0
68208,0
68209,1
68210,0
68213,0
68216,1
68217,1
68218,1
68220,0
68222,0
68224,0
68228,1
68229,1
68231,0
68232,1
68236,0
68239,0
68243,1
68245,1
68246,0
68249,0
68250,1
68252,0
68253,1
68258,1
68259,0
68260,0
68263,1
68266,0
68267,0
68270,1
68271,0
68281,0
68283,1
68288,0
68289,0
68293,0
68294,1
68296,0
68307,1
68310,0
68311,0
68314,1
68316,0
68319,1
68320,0
68321,0
68324,0
68328,1
68330,0
68337,1
68338,1
68341,1
68342,0
68343,1
68346,0
68348,0
68352,0
68355,0
68356,0
68359,0
68361,0
68363,0
68368,0
68369,0
68371,0
68375,0
68379,0
68380,1
68383,1
68386,0
68387,1
68389,0
68390,0
68391,0
68394,0
68395,1
68398,0
68407,0
68409,0
68413,0
68414,0
68420,0
68421,0
68425,1
68428,1
68429,0
68430,0
68432,0
68433,1
68434,0
68435,0
68438,0
68448,0
68449,0
68451,0
68454,1
68457,1
68458,0
68459,1
68460,0
68461,1
68462,0
68465,1
68470,0
68471,0
68475,1
68477,0
68479,0
68480,1
68481,0
68483,1
68486,0
68487,0
68488,0
68489,1
68492,1
68495,0
68496,0
68497,1
68500,0
68501,0
68502,0
68504,0
68505,0
68511,0
68512,0
68513,0
68515,0
68518,1
68519,0
68521,1
68523,0
68531,1
68535,0
68541,0
68547,0
68550,0
68551,0
68554,0
68555,0
68557,1
68559,1
68564,0
68566,1
68571,1
68576,1
68587,0
68590,0
68594,0
68596,0
68597,0
68604,0
68608,0
68611,0
68614,0
68618,1
68620,1
68623,0
68624,0
68625,0
68627,1
68628,0
68629,0
68630,1
68631,0
68632,0
68633,1
68635,0
68639,1
68640,0
68641,1
68644,1
68645,1
68647,1
68652,0
68657,1
68658,1
68661,1
68666,0
68668,0
68670,0
68671,0
68672,1
68673,0
68676,0
68679,1
68682,0
68685,1
68686,0
68692,1
68696,1
68702,1
68704,0
68705,1
68707,0
68709,1
68711,0
68712,1
68713,1
68714,0
68716,0
68717,1
68718,1
68720,0
68721,0
68723,1
68728,0
68729,0
68731,0
68732,0
68744,1
68745,1
68750,1
68752,1
68753,0
68754,0
68755,0
68758,0
68761,0
68764,1
68765,0
68768,0
68769,0
68771,1
68774,0
68776,1
68779,1
68781,1
68785,1
68787,0
68788,1
68791,1
68793,0
68795,1
68796,0
68797,1
68800,0
68807,1
68809,1
68812,1
68814,1
68818,1
68827,1
68828,1
68833,1
68835,1
68838,0
68839,0
68842,0
68843,0
68846,0
68855,0
68856,1
68860,1
68865,1
68869,0
68871,0
68875,1
68878,0
68879,1
68884,0
68885,0
68886,1
68889,0
68890,1
68893,0
68896,0
68897,0
68898,1
68905,1
68907,0
68909,1
68910,0
68911,0
68917,0
68918,0
68921,0
68923,1
68925,1
68929,0
68932,1
68936,0
68937,0
68938,0
68944,0
68945,1
68949,1
68950,0
68954,0
68958,1
68960,1
68963,1
68964,0
68967,1
68975,1
68979,1
68984,0
68985,0
68986,0
68990,0
68992,0
68993,1
68994,0
68995,0
68997,0
68999,1
69001,0
69006,0
69007,0
69009,0
69011,0
69012,1
69013,0
69015,0
69019,1
69021,0
69026,0
69027,0
69028,0
69029,1
69031,1
69035,1
69037,0
69041,1
69044,0
69045,1
69047,1
69053,0
69055,0
69058,1
69059,0
69071,0
69074,1
69075,1
69076,1
69083,1
69084,1
69086,0
69089,0
69092,1
69094,0
69100,1
69103,1
69104,1
69105,0
69106,1
69107,1
69109,1
69110,1
69115,0
69119,0
69120,1
69123,0
69124,0
69129,1
69131,1
69134,1
69136,1
69141,1
69144,1
69145,1
69151,0
69152,1
69154,1
69155,0
69158,1
69160,1
69163,0
69166,1
69173,0
69174,0
69176,0
69182,0
69185,0
69187,1
69189,0
69190,1
69197,1
69199,1
69202,1
69205,0
69208,1
69209,1
69211,0
69212,1
69216,0
69217,0
69220,1
69221,1
69224,1
69226,1
69227,0
69229,0
69240,0
69247,0
69248,0
69251,0
69252,1
69254,1
69257,1
69258,1
69259,0
69260,0
69263,1
69266,1
69267,1
69268,0
69269,0
69273,0
69274,0
69276,1
69278,1
69279,0
69280,0
69281,0
69282,0
69284,0
69285,0
69286,1
69287,0
69288,1
69289,1
69299,0
69302,0
69306,1
69309,1
69312,0
69314,0
69315,1
69318,1
69319,0
69323,0
69324,0
69326,0
69329,0
69334,0
69340,0
69341,1
69342,0
69345,1
69347,1
69349,1
69350,1
69351,0
69353,0
69361,1
69363,1
69364,0
69368,0
69369,1
69372,0
69373,0
69376,1
69382,1
69386,0
69387,1
69388,0
69389,1
69393,1
69395,1
69398,1
69402,1
69403,1
69405,0
69406,1
69408,0
69409,0
69410,0
69413,0
69414,0
69418,1
69420,1
69428,1
69430,1
69431,0
69437,0
69440,0
69441,0
69442,1
69449,1
69451,1
69453,0
69455,1
69458,0
69461,1
69463,0
69465,1
69466,0
69471,0
69475,0
69476,0
69482,1
69484,0
69486,1
69491,0
69493,1
69495,1
69501,0
69504,0
69505,1
69509,0
69512,1
69515,0
69517,0
69521,0
69522,0
69531,0
69534,1
69537,1
69539,1
69544,1
69549,0
69555,0
69557,0
69558,1
69560,0
69561,0
69562,1
69564,0
69573,1
69574,1
69580,0
69581,0
69582,1
69584,0
69591,1
69592,1
69593,0
69596,0
69598,0
69600,0
69603,0
69606,0
69607,0
69611,1
69616,1
69617,1
69618,1
69619,1
69625,0
69626,1
69628,1
69629,0
69630,0
69632,1
69634,1
69638,0
69646,0
69650,1
69653,0
69654,0
69663,1
69664,1
69668,0
69669,1
69670,1
69672,1
69673,0
69683,1
69684,0
69685,0
69686,1
69687,1
69691,0
69693,1
69694,1
69696,0
69697,1
69698,1
69700,0
69701,0
69703,0
69704,0
69711,0
69717,0
69720,1
69721,0
69723,0
69725,0
69726,0
69729,1
69734,1
69739,1
69740,1
69745,0
69747,1
69753,0
69760,0
69762,1
69764,0
69765,1
69766,1
69768,1
69772,0
69783,0
69784,0
69785,0
69786,0
69787,1
69788,1
69790,0
69791,1
69793,0
69797,0
69799,1
69800,0
69805,0
69806,0
69811,1
69812,0
69817,1
69820,0
69821,0
69824,0
69828,0
69829,0
69830,1
69831,0
69832,0
69833,0
69837,1
69838,1
69839,0
69844,1
69846,1
69850,0
69854,1
69856,0
69858,1
69859,0
69862,0
69865,0
69869,1
69871,0
69872,0
69873,1
69874,1
69875,1
69878,1
69879,1
69882,1
69886,0
69888,1
69890,0
69891,1
69893,1
69897,1
69899,0
69901,0
69902,1
69903,0
69904,0
69905,0
69908,0
69913,1
69923,0
69926,1
69927,1
69930,1
69932,1
69933,0
69935,1
69940,1
69942,0
69945,0
69948,1
69949,0
69952,0
69953,0
69956,0
69959,0
69968,1
69970,1
69977,1
69979,1
69980,0
69985,0
69987,1
69988,1
69989,0
69990,0
69992,1
69994,0
69995,0
69996,1
69998,0
69999,0
70003,0
70004,1
70005,0
70008,0
70011,0
70012,1
70013,0
70017,0
70020,0
70023,0
70024,0
70025,1
70028,0
70031,0
70033,0
70034,1
70042,1
70044,0
70048,0
70052,1
70054,0
70055,0
70056,0
70060,0
70062,1
70064,1
70067,0
70070,0
70072,0
70073,1
70074,0
70077,1
70079,1
70080,0
70081,1
70082,1
70084,1
70087,1
70092,1
70096,1
70097,1
70098,1
70104,1
70107,1
70110,0
70111,1
70113,1
70115,1
70118,0
70119,0
70124,1
70127,1
70128,1
70131,1
70132,1
70134,1
70141,0
70143,0
70144,1
70146,0
70148,0
70152,1
70153,1
70156,0
70163,1
70166,0
70169,1
70173,1
70174,1
70176,1
70179,0
70180,0
70187,0
70188,1
70192,1
70195,0
70200,0
70202,1
70203,0
70206,1
70208,0
70210,1
70220,1
70225,0
70228,0
70233,1
70239,0
70240,0
70242,1
70243,0
70245,0
70248,1
70251,1
70252,1
70255,1
70260,0
70262,1
70266,1
70267,0
70268,1
70272,1
70278,1
70285,1
70287,0
70295,0
70296,0
70299,1
70302,1
70306,1
70309,0
70310,1
70313,0
70315,1
70318,1
70321,0
70322,0
70324,0
70326,1
70332,1
70334,1
70335,0
70338,0
70342,0
70343,0
70346,1
70348,0
70349,1
70350,0
70352,0
70354,1
70355,0
70361,1
70362,0
70365,1
70367,0
70368,0
70371,0
70372,1
70373,0
70376,1
70377,1
70379,0
70381,0
70385,0
70386,1
70387,0
70388,1
70391,0
70392,0
70399,0
70401,0
70404,1
70408,1
70412,1
70415,0
70417,0
70419,1
70421,1
70424,1
70428,0
70429,0
70430,1
70431,1
70432,1
70433,1
70436,1
70438,0
70442,0
70446,0
70449,1
70450,0
70455,0
70456,0
70457,0
70463,1
70466,1
70467,1
70468,0
70469,1
70470,1
70471,1
70473,0
70474,1
70475,0
70478,1
70479,0
70480,1
70481,1
70484,1
70485,1
70486,0
70487,1
70490,0
70491,0
70493,1
70494,0
70495,1
70502,0
70503,0
70505,0
70506,0
70508,0
70511,1
70514,0
70517,1
70518,0
70520,0
70523,1
70524,1
70531,0
70534,0
70537,0
70538,1
70539,1
70541,1
70542,1
70543,0
70548,1
70551,0
70553,0
70555,0
70556,1
70557,1
70558,0
70559,1
70560,1
70561,0
70567,1
70569,0
70571,0
70573,0
70578,0
70582,0
70584,0
70585,1
70587,0
70588,0
70590,1
70591,0
70592,0
70595,0
70601,1
70603,0
70604,1
70605,1
70606,1
70609,0
70610,1
70611,0
70614,1
70616,0
70617,0
70619,1
70621,1
70623,0
70624,1
70626,1
70627,0
70630,0
70631,1
70635,1
70636,1
70637,0
70641,0
70642,0
70643,0
70651,0
70652,1
70653,1
70654,1
70655,0
70658,0
70661,1
70662,0
70663,0
70664,1
70665,0
70666,0
70668,0
70670,0
70672,0
70673,1
70674,1
70675,0
70677,0
70683,1
70685,0
70686,1
70687,1
70694,1
70695,1
70698,1
70699,1
70700,1
70703,1
70705,0
70708,0
70712,1
70714,1
70715,1
70718,1
70719,1
70721,0
70722,0
70723,1
70727,1
70728,0
70729,1
70730,1
70732,1
70733,0
70734,0
70735,1
70739,0
70740,1
70743,0
70744,1
70750,1
70757,1
70761,0
70764,0
70765,1
70768,1
70771,1
70772,1
70774,1
70775,0
70777,0
70778,1
70779,0
70781,0
70782,0
70783,0
70788,0
70789,0
70791,0
70793,1
70798,1
70799,1
70800,0
70801,0
70802,0
70807,0
70808,0
70809,0
70811,1
70813,1
70814,1
70817,0
70818,0
70824,0
70830,0
70831,1
70832,1
70834,1
70835,1
70843,0
70846,1
70847,1
70849,0
70851,1
70860,0
70861,1
70862,1
70865,1
70869,0
70877,0
70878,1
70879,0
70881,0
70884,1
70885,1
70892,0
70897,1
70904,0
70907,0
70910,0
70911,1
70916,1
70921,1
70923,1
70925,1
70927,0
70928,1
70929,1
70934,1
70935,0
70937,0
70942,0
70946,1
70948,0
70952,1
70953,1
70956,1
70957,1
70962,1
70968,1
70972,1
70973,1
70975,1
70977,1
70978,1
70980,1
70995,1
70996,0
70998,1
70999,0
71000,0
71002,0
71005,0
71020,0
71021,1
71024,0
71028,1
71030,0
71033,1
71034,1
71038,0
71039,1
71041,0
71042,0
71043,1
71049,1
71053,1
71054,1
71056,0
71057,0
71060,1
71061,1
71064,0
71065,1
71066,1
71067,1
71072,0
71075,0
71078,0
71079,0
71082,0
71083,0
71084,1
71088,1
71089,0
71090,0
71091,0
71092,1
71096,1
71098,0
71100,1
71101,1
71102,0
71103,1
71104,0
71105,0
71106,1
71108,0
71110,0
71111,0
71112,1
71113,1
71115,1
71119,0
71125,1
71128,0
71130,0
71131,0
71133,0
71135,0
71137,0
71138,1
71140,1
71143,0
71145,1
71146,0
71147,0
71148,0
71149,1
71150,0
71151,1
71154,0
71157,1
71159,0
71160,0
71161,1
71166,0
71168,1
71174,1
71175,1
71176,1
71181,0
71184,0
71186,0
71187,0
71188,0
71190,1
71191,0
71198,0
71201,1
71202,1
71206,0
71207,1
71208,1
71212,1
71213,1
71216,0
71224,1
71227,1
71230,1
71232,1
71234,1
71236,1
71240,0
71243,0
71244,1
71245,0
71248,1
71252,1
71255,0
71256,1
71257,1
71263,0
71264,1
71268,1
71272,1
71276,0
71280,1
71282,0
71286,1
71287,0
71290,0
71291,1
71293,0
71294,0
71299,1
71302,1
71303,1
71306,1
71308,1
71309,0
71311,1
71312,0
71313,1
71315,1
71317,0
71322,0
71323,0
71326,0
71328,1
71329,0
71330,0
71331,1
71334,0
71336,1
71337,1
71339,0
71340,0
71343,0
71345,0
71346,1
71347,1
71348,0
71350,0
71361,0
71362,0
71367,0
71368,0
71370,0
71376,1
71377,0
71378,1
71380,1
71382,1
71386,1
71387,0
71390,1
71393,1
71395,1
71399,1
71401,0
71403,1
71405,0
71407,0
71414,0
71415,0
71416,1
71417,0
71418,0
71425,1
71428,1
71434,1
71437,0
71438,1
71439,1
71444,0
71447,0
71448,1
71451,0
71457,0
71458,0
71459,1
71461,1
71464,0
71465,1
71466,1
71467,1
71468,1
71470,0
71471,0
71472,1
71475,1
71476,1
71478,0
71480,1
71484,1
71485,0
71486,1
71488,1
71490,1
71493,0
71496,1
71499,1
71501,0
71502,1
71506,0
71507,1
71516,0
71517,1
71518,1
71519,1
71522,1
71523,0
71524,0
71527,1
71529,0
71532,1
71539,1
71540,1
71541,0
71543,0
71545,0
71548,0
71554,1
71558,0
71559,0
71561,1
71565,1
71567,0
71570,0
71578,0
71580,0
71583,1
71587,0
71590,1
71591,0
71594,1
71595,0
71605,1
71611,1
71612,0
71613,1
71614,0
71618,0
71619,0
71622,1
71629,1
71631,0
71633,1
71634,0
71638,1
71640,0
71641,0
71643,1
71646,0
71647,0
71648,0
71650,1
71651,1
71653,1
71656,1
71662,1
71664,1
71667,1
71668,1
71669,0
71671,1
71672,1
71674,0
71680,0
71683,1
71691,0
71693,0
71696,0
71698,0
71704,0
71705,0
71708,1
71711,0
71712,0
71716,1
71717,1
71719,0
71721,1
71722,0
71724,0
71728,1
71730,0
71731,0
71737,0
71738,1
71742,1
71748,0
71750,0
71751,1
71753,0
71754,0
71757,1
71758,1
71761,0
71764,1
71766,1
71771,0
71772,0
71776,0
71779,1
71780,1
71783,0
71787,1
71789,1
71791,0
71798,0
71799,1
71801,1
71803,1
71804,0
71806,1
71807,1
71810,1
71812,0
71814,1
71815,0
71816,0
71817,1
71818,1
71819,0
71821,1
71824,1
71827,0
71830,1
71833,0
71834,0
71837,1
71838,1
71839,1
71844,1
71849,0
71850,1
71855,1
71858,0
71860,1
71861,0
71866,0
71870,1
71872,1
71873,1
71875,1
71877,0
71880,1
71883,1
71885,1
71887,1
71888,0
71890,0
71891,1
71894,0
71896,1
71897,1
71901,0
71904,1
71905,1
71910,0
71911,1
71914,0
71915,0
71917,0
71919,1
71920,1
71921,1
71924,1
71925,1
71926,1
71928,0
71932,1
71933,0
71937,1
71938,0
71939,0
71940,0
71941,0
71943,0
71946,1
71948,0
71951,0
71954,0
71955,0
71958,1
71959,0
71961,0
71968,1
71970,0
71971,0
71972,0
71973,0
71975,0
71978,0
71979,1
71980,0
71981,1
71982,0
71989,0
71990,1
71993,0
71996,0
72002,1
72003,0
72005,1
72006,1
72010,1
72011,0
72023,1
72024,0
72028,0
72029,0
72031,1
72032,1
72035,1
72038,0
72039,0
72040,1
72041,0
72043,0
72045,0
72046,1
72050,0
72051,1
72054,1
72056,0
72057,1
72058,0
72066,0
72071,0
72076,1
72077,1
72080,1
72082,1
72086,0
72091,1
72093,0
72095,0
72096,0
72100,1
72102,0
72105,0
72111,0
72114,0
72116,0
72117,0
72120,0
72124,0
72125,0
72128,1
72130,0
72132,0
72136,0
72139,0
72140,0
72142,1
72146,0
72150,0
72152,0
72153,0
72156,1
72157,1
72159,1
72164,0
72166,1
72167,1
72168,0
72178,1
72182,0
72183,0
72187,1
72188,1
72191,0
72192,0
72194,1
72195,0
72196,0
72197,1
72198,0
72200,0
72202,0
72203,0
72207,1
72209,0
72211,0
72213,1
72214,0
72216,1
72220,0
72224,0
72225,0
72231,0
72233,0
72235,1
72240,0
72242,0
72249,1
72254,0
72256,1
72258,0
72261,1
72262,1
72264,1
72265,1
72267,1
72268,0
72270,1
72271,1
72272,0
72280,0
72281,0
72282,1
72283,0
72285,1
72287,1
72289,1
72290,1
72292,0
72295,1
72296,0
72305,0
72306,1
72309,0
72311,0
72312,0
72314,0
72315,0
72316,0
72317,1
72318,1
72319,0
72320,1
72321,1
72322,0
72324,0
72325,1
72327,0
72331,0
72332,1
72334,1
72336,0
72337,1
72339,0
72345,0
72352,1
72355,1
72357,1
72359,0
72361,0
72362,1
72363,0
72365,0
72366,1
72367,1
72369,1
72371,0
72372,0
72373,0
72374,0
72378,1
72382,0
72383,0
72384,1
72390,0
72391,0
72392,1
72396,0
72397,0
72399,0
72401,1
72402,0
72403,0
72404,1
72416,0
72421,0
72423,0
72426,0
72429,0
72430,0
72435,1
72436,0
72439,1
72441,1
72442,1
72444,1
72447,0
72448,1
72455,0
72456,1
72457,0
72458,1
72459,0
72461,0
72463,0
72465,1
72467,1
72468,0
72469,1
72470,0
72471,1
72473,1
72474,1
72475,1
72479,0
72480,0
72481,0
72484,0
72485,1
72489,0
72490,0
72491,0
72492,0
72503,0
72504,0
72507,0
72508,1
72509,0
72510,0
72512,1
72514,0
72516,1
72517,0
72525,1
72528,1
72530,1
72531,1
72533,1
72539,0
72540,0
72542,0
72543,1
72545,0
72546,1
72549,0
72550,0
72553,0
72561,0
72562,0
72564,1
72570,0
72573,1
72577,0
72580,0
72582,1
72588,0
72589,0
72592,0
72595,1
72603,0
72605,1
72607,0
72611,0
72615,1
72618,0
72619,0
72622,0
72623,0
72625,0
72626,0
72627,0
72632,0
72634,0
72636,1
72637,0
72640,1
72641,0
72645,1
72647,0
72649,1
72650,0
72651,0
72653,0
72654,1
72655,1
72657,0
72661,0
72664,0
72665,0
72666,1
72669,0
72671,1
72672,0
72677,0
72679,0
72684,1
72685,1
72690,0
72693,0
72696,1
72700,0
72703,0
72709,0
72711,1
72716,0
72717,1
72719,1
72720,0
72721,0
72722,0
72728,1
72731,1
72737,1
72740,1
72741,0
72745,0
72746,0
72748,0
72749,0
72750,0
72754,1
72756,0
72762,1
72763,0
72768,0
72777,1
72778,0
72779,1
72783,0
72787,0
72794,0
72795,0
72796,1
72800,0
72803,0
72808,1
72809,1
72810,0
72811,0
72812,1
72814,1
72818,1
72829,0
72830,0
72832,1
72833,0
72835,0
72836,1
72837,1
72838,1
72840,0
72846,1
72847,1
72848,1
72849,1
72850,0
72852,0
72856,0
72858,1
72863,0
72866,0
72885,0
72888,1
72890,0
72893,0
72896,1
72903,1
72904,1
72905,0
72908,1
72909,0
72910,0
72912,1
72914,0
72918,0
72920,0
72922,1
72923,1
72933,1
72934,1
72937,0
72939,0
72940,0
72942,0
72943,0
72945,0
72947,0
72948,1
72949,1
72951,0
72954,1
72956,0
72960,0
72962,1
72965,1
72968,1
72969,0
72971,1
72972,0
72975,1
72976,0
72978,0
72979,0
72981,0
72985,1
72987,0
72989,0
72992,1
72997,1
72998,1
72999,0
73001,0
73002,0
73005,1
73006,0
73007,0
73008,0
73011,0
73020,1
73022,1
73023,1
73024,1
73025,0
73028,1
73035,0
73036,0
73043,1
73045,0
73046,0
73050,0
73051,1
73052,0
73057,1
73059,1
73060,1
73061,1
73064,0
73067,0
73070,1
73071,1
73072,0
73078,0
73079,1
73080,0
73082,1
73085,1
73088,0
73091,1
73093,1
73095,0
73099,0
73101,0
73104,1
73105,0
73106,0
73107,0
73108,1
73109,0
73111,0
73112,1
73116,0
73117,0
73128,1
73129,1
73130,1
73134,1
73135,1
73138,0
73140,1
73142,1
73148,0
73151,1
73156,1
73157,0
73159,1
73164,1
73169,1
73172,0
73178,1
73179,1
73180,0
73181,0
73184,1
73188,0
73193,1
73196,1
73198,0
73200,1
73201,0
73202,1
73204,1
73206,1
73213,1
73216,0
73217,0
73220,0
73221,0
73222,0
73223,1
73227,1
73228,0
73230,0
73231,1
73233,0
73234,1
73238,0
73241,1
73246,1
73247,1
73249,1
73252,0
73253,1
73254,0
73256,0
73264,0
73270,1
73271,1
73272,0
73273,1
73274,0
73277,1
73285,0
73287,0
73293,1
73294,0
73297,0
73299,1
73300,1
73302,1
73308,1
73310,0
73312,0
73313,0
73314,0
73316,0
73317,1
73318,0
73319,0
73320,1
73321,1
73323,1
73324,0
73328,1
73332,0
73336,1
73337,1
73338,0
73340,1
73341,1
73342,1
73346,0
73352,0
73355,1
73356,0
73357,0
73362,0
73363,0
73365,0
73366,1
73371,1
73373,0
73375,0
73382,1
73384,0
73386,0
73391,1
73392,1
73394,0
73395,0
73397,0
73398,0
73399,0
73400,1
73401,1
73402,1
73403,0
73406,1
73407,1
73410,1
73413,0
73419,1
73423,0
73424,1
73425,0
73430,1
73433,0
73434,0
73436,1
73439,0
73442,1
73443,1
73446,0
73448,0
73449,1
73454,1
73456,0
73457,0
73458,1
73460,1
73461,0
73462,1
73463,0
73466,0
73468,0
73471,1
73473,1
73475,1
73487,1
73488,0
73490,0
73494,1
73502,1
73507,0
73509,1
73511,1
73514,0
73517,1
73518,0
73520,1
73522,0
73525,1
73526,1
73528,0
73529,0
73530,1
73537,0
73538,0
73540,1
73545,0
73547,1
73548,1
73550,1
73551,0
73554,0
73559,1
73561,1
73564,0
73567,0
73568,0
73574,1
73575,1
73584,1
73585,1
73590,0
73593,1
73610,1
73612,0
73613,0
73619,1
73620,0
73621,0
73624,1
73625,1
73626,0
73627,1
73628,1
73631,0
73633,0
73634,1
73635,0
73643,0
73646,0
73648,0
73652,0
73654,0
73655,0
73660,1
73664,0
73666,0
73668,1
73673,0
73676,1
73679,1
73680,1
73685,1
73687,1
73688,1
73689,1
73690,1
73701,1
73704,0
73707,1
73710,0
73718,0
73719,0
73721,1
73723,0
73726,1
73729,1
73731,0
73740,0
73744,0
73745,1
73746,0
73747,0
73748,1
73752,0
73753,0
73755,0
73758,1
73759,1
73764,0
73767,0
73773,1
73774,0
73776,1
73784,0
73786,1
73787,1
73793,0
73795,1
73796,1
73797,0
73799,0
73805,0
73812,0
73813,0
73816,1
73817,0
73821,1
73825,0
73826,1
73830,0
73832,1
73833,1
73834,1
73838,0
73839,0
73840,1
73841,0
73842,1
73845,0
73847,0
73849,0
73852,1
73858,1
73860,0
73861,1
73862,0
73866,0
73869,0
73871,0
73878,0
73879,1
73882,0
73883,1
73887,1
73893,0
73897,1
73899,0
73904,0
73905,0
73906,0
73907,0
73908,0
73909,0
73911,1
73916,0
73917,0
73919,0
73926,1
73928,0
73932,1
73937,1
73941,1
73945,0
73948,0
73949,0
73954,1
73956,0
73957,1
73964,1
73966,1
73968,0
73969,1
73971,1
73974,0
73975,0
73981,0
73983,0
73984,0
73985,0
73987,0
73991,1
73993,0
73999,0
74000,0
74003,1
74005,0
74006,1
74007,0
74010,0
74020,0
74021,1
74025,0
74027,0
74028,1
74029,0
74030,0
74032,1
74040,0
74043,0
74047,1
74054,0
74055,1
74057,0
74059,0
74062,0
74066,0
74068,1
74069,0
74071,0
74073,0
74074,1
74078,0
74080,0
74081,0
74087,1
74088,0
74089,1
74094,0
74095,1
74101,1
74106,0
74109,0
74114,0
74115,1
74119,0
74120,0
74124,0
74125,1
74129,1
74130,0
74131,0
74135,1
74139,0
74142,1
74143,0
74146,0
74147,1
74149,0
74150,0
74151,0
74154,0
74155,0
74157,0
74159,0
74162,0
74163,0
74165,1
74166,0
74171,0
74176,0
74177,0
74183,1
74185,1
74188,0
74190,1
74191,0
74192,0
74193,1
74197,1
74198,1
74199,0
74201,0
74202,1
74204,0
74207,0
74210,1
74212,1
74213,0
74214,1
74215,0
74219,0
74221,1
74225,1
74228,1
74230,0
74233,0
74235,1
74237,1
74242,1
74243,1
74247,0
74248,0
74251,0
74252,1
74256,0
74258,0
74259,0
74260,0
74262,0
74263,0
74264,1
74265,1
74272,0
74273,1
74274,0
74278,0
74281,0
74282,1
74285,0
74286,1
74290,0
74291,0
74293,0
74297,1
74298,1
74299,1
74304,1
74305,0
74307,0
74310,1
74312,1
74315,0
74317,0
74318,0
74319,0
74320,1
74324,0
74328,1
74329,0
74330,1
74334,0
74335,0
74344,1
74346,1
74350,0
74353,1
74357,0
74358,0
74360,1
74366,0
74370,1
74373,1
74375,1
74382,0
74387,0
74393,0
74395,1
74397,0
74401,1
74407,0
74408,0
74410,0
74411,1
74412,0
74414,0
74415,1
74417,1
74421,0
74423,1
74426,1
74430,1
74432,1
74434,0
74435,0
74436,0
74437,1
74438,1
74443,0
74445,0
74446,0
74448,0
74449,1
74450,1
74451,1
74452,1
74453,0
74454,0
74457,0
74459,0
74463,0
74470,0
74472,1
74474,1
74475,0
74483,0
74484,0
74488,0
74491,0
74493,1
74497,1
74498,0
74501,1
74502,1
74503,0
74506,1
74507,1
74508,1
74513,0
74515,0
74524,0
74528,0
74529,0
74534,1
74535,1
74540,0
74543,1
74544,1
74545,1
74547,0
74553,0
74556,0
74558,0
74559,1
74560,1
74562,1
74565,0
74573,0
74576,1
74584,0
74588,0
74589,1
74590,0
74592,0
74593,0
74598,1
74602,0
74603,0
74609,0
74611,0
74613,0
74614,1
74618,0
74619,0
74620,0
74624,1
74627,0
74629,0
74630,1
74631,0
74638,0
74639,1
74640,0
74643,1
74644,0
74649,0
74650,1
74654,1
74655,0
74661,1
74664,0
74665,0
74666,1
74669,0
74672,0
74673,0
74677,0
74678,0
74680,0
74686,1
74688,0
74689,0
74690,0
74695,1
74697,1
74707,1
74708,0
74711,0
74716,0
74717,0
74718,0
74720,0
74723,1
74726,0
74727,1
74729,1
74730,0
74732,0
74733,0
74734,1
74740,1
74743,0
74744,0
74746,0
74747,0
74750,0
74752,0
74753,0
74760,1
74763,0
74764,1
74765,1
74766,0
74768,1
74769,1
74770,0
74777,0
74778,0
74780,0
74786,0
74791,0
74793,0
74794,1
74799,0
74807,0
74808,0
74809,0
74814,1
74815,1
74818,0
74821,1
74827,1
74828,1
74831,1
74834,0
74835,0
74838,1
74840,0
74843,0
74846,1
74850,1
74853,1
74856,0
74858,0
74860,0
74862,1
74863,1
74865,1
74866,0
74870,1
74871,0
74872,1
74873,0
74876,0
74877,0
74880,0
74881,1
74882,1
74886,0
74887,0
74890,0
74892,0
74895,0
74896,1
74897,1
74900,0
74904,0
74905,0
74910,1
74915,1
74919,1
74921,0
74926,0
74937,1
74938,0
74940,1
74942,1
74944,0
74945,0
74947,1
74948,0
74950,0
74953,0
74955,1
74957,0
74960,1
74962,1
74964,0
74966,1
74968,0
74969,1
74970,0
74972,0
74973,0
74974,1
74978,1
74981,0
74982,0
74983,0
74985,0
74986,1
74992,0
75000,1
75003,0
75007,0
75009,1
75010,0
75011,0
75013,0
75016,1
75017,1
75018,0
75020,1
75023,1
75024,0
75032,1
75038,0
75040,0
75041,1
75043,1
75048,1
75049,0
75058,0
75060,0
75061,0
75069,1
75070,0
75071,0
75072,1
75073,0
75075,1
75079,0
75082,0
75083,1
75088,1
75090,0
75091,1
75093,0
75094,0
75095,0
75098,1
75099,0
75101,0
75107,0
75110,0
75112,0
75114,0
75118,0
75119,1
75124,1
75127,0
75128,1
75129,1
75131,0
75136,0
75137,0
75139,0
75140,1
75141,1
75142,1
75144,0
75145,0
75146,0
75150,0
75154,1
75156,0
75158,1
75159,1
75163,0
75164,1
75169,0
75170,0
75174,0
75176,0
75177,1
75178,0
75185,0
75187,0
75189,1
75192,0
75194,0
75197,1
75200,1
75202,1
75203,0
75204,1
75205,1
75209,0
75210,1
75214,1
75215,1
75216,1
75217,1
75220,1
75221,1
75223,1
75226,0
75228,1
75232,1
75233,1
75234,0
75235,1
75237,0
75242,0
75246,0
75247,1
75250,1
75254,0
75260,0
75264,1
75266,0
75270,1
75272,0
75275,0
75276,0
75277,1
75279,0
75280,0
75281,1
75286,0
75289,0
75290,0
75293,0
75294,0
75298,1
75300,1
75302,0
75303,0
75304,0
75307,0
75308,0
75310,1
75311,0
75312,1
75313,0
75316,0
75317,0
75322,0
75323,0
75324,0
75326,1
75327,0
75328,0
75333,0
75335,1
75338,0
75339,1
75340,1
75342,1
75344,1
75345,1
75347,1
75348,1
75353,0
75360,1
75361,1
75362,0
75366,1
75368,0
75369,1
75370,0
75371,1
75373,1
75376,0
75378,0
75382,1
75384,1
75387,1
75389,1
75392,1
75394,1
75395,1
75396,0
75397,1
75398,0
75399,0
75404,0
75407,1
75413,1
75415,1
75418,1
75419,1
75421,0
75427,1
75429,0
75430,0
75434,1
75435,0
75437,1
75438,0
75439,1
75441,0
75442,1
75444,0
75445,1
75447,0
75448,0
75449,0
75451,1
75452,0
75453,0
75454,0
75457,0
75458,0
75462,1
75463,1
75464,0
75465,0
75466,0
75468,1
75469,0
75472,1
75474,0
75475,1
75476,0
75477,1
75478,1
75479,0
75488,0
75489,0
75490,0
75496,0
75497,0
75501,0
75502,1
75504,0
75505,1
75508,0
75510,1
75513,1
75514,1
75515,1
75520,1
75521,1
75524,0
75528,1
75529,1
75533,1
75534,0
75537,0
75541,1
75544,0
75547,1
75548,1
75551,0
75554,0
75556,1
75560,1
75562,1
75564,0
75565,0
75572,0
75575,1
75576,1
75579,1
75581,0
75582,1
75583,0
75584,1
75586,0
75590,0
75593,1
75596,0
75600,0
75602,0
75604,0
75606,0
75610,1
75611,0
75612,1
75614,1
75615,1
75616,0
75617,0
75618,0
75623,1
75625,0
75626,0
75627,1
75628,1
75629,0
75631,0
75632,1
75634,1
75638,0
75639,0
75640,1
75641,1
75643,0
75647,0
75648,0
75649,1
75651,1
75657,0
75664,1
75665,0
75667,1
75668,1
75671,0
75672,1
75673,0
75674,1
75676,0
75677,0
75682,0
75683,0
75685,1
75689,1
75693,1
75696,0
75703,0
75704,1
75708,1
75710,1
75713,1
75715,1
75720,1
75722,1
75725,0
75726,0
75727,0
75731,0
75733,0
75734,1
75738,1
75740,1
75746,1
75748,0
75749,0
75750,0
75753,0
75759,1
75762,1
75768,0
75774,0
75775,0
75782,0
75783,0
75784,1
75787,0
75788,0
75794,1
75796,0
75799,0
75802,1
75809,1
75817,1
75820,1
75821,1
75826,0
75828,0
75830,1
75831,1
75834,0
75836,1
75844,0
75845,1
75846,1
75847,0
75849,0
75853,0
75855,0
75857,0
75858,1
75861,0
75863,0
75864,1
75865,0
75868,1
75873,0
75876,0
75877,1
75878,1
75879,1
75883,1
75884,1
75886,0
75889,0
75891,0
75893,0
75897,1
75899,0
75902,0
75903,1
75905,0
75906,0
75908,0
75909,1
75911,1
75913,0
75916,1
75917,1
75921,1
75923,1
75926,1
75933,1
75935,0
75938,1
75939,0
75942,0
75955,1
75956,1
75957,0
75963,1
75964,0
75966,1
75967,1
75968,1
75969,1
75970,0
75972,0
75973,0
75974,0
75976,1
75977,1
75982,0
75984,1
75985,0
75987,1
75988,1
75992,1
75994,1
76000,0
76005,1
76006,0
76010,1
76011,0
76013,1
76018,0
76025,1
76026,1
76028,0
76031,0
76034,0
76036,0
76040,0
76042,0
76043,1
76044,1
76048,1
76049,1
76052,1
76054,0
76055,0
76057,0
76058,0
76061,0
76062,1
76068,1
76070,0
76071,0
76074,1
76075,1
76079,1
76081,0
76082,1
76084,1
76091,1
76092,0
76095,0
76098,1
76100,0
76102,0
76103,1
76107,0
76108,0
76112,0
76114,1
76116,1
76117,1
76120,1
76121,1
76122,0
76124,0
76125,1
76126,1
76127,0
76128,0
76129,0
76131,0
76134,0
76136,0
76138,0
76139,1
76145,0
76148,1
76153,0
76155,1
76156,1
76160,0
76163,1
76164,0
76168,0
76170,1
76172,1
76173,0
76174,0
76176,0
76180,0
76181,0
76182,1
76183,0
76185,0
76187,0
76188,0
76195,0
76199,1
76200,0
76206,1
76213,1
76214,0
76215,1
76218,0
76220,0
76223,1
76226,0
76228,1
76229,0
76236,0
76237,0
76238,1
76242,0
76243,0
76247,0
76250,0
76254,1
76256,0
76262,1
76266,1
76271,0
76272,0
76273,0
76277,1
76279,1
76280,0
76285,0
76286,0
76288,1
76290,1
76292,1
76294,0
76296,0
76298,0
76299,0
76300,1
76305,1
76307,1
76311,0
76314,0
76315,0
76317,0
76320,0
76322,0
76324,1
76325,0
76326,0
76327,0
76329,1
76331,0
76332,0
76335,1
76337,0
76339,1
76340,1
76342,1
76343,0
76344,1
76347,1
76351,0
76352,1
76353,1
76356,0
76358,1
76360,0
76361,1
76363,0
76366,1
76367,0
76369,1
76370,1
76372,1
76374,0
76376,0
76382,0
76383,0
76384,0
76387,1
76388,0
76391,1
76394,1
76395,0
76397,0
76400,0
76402,1
76404,1
76406,1
76410,0
76413,0
76416,0
76419,0
76420,0
76422,0
76423,0
76427,0
76428,0
76432,0
76435,0
76437,0
76438,0
76441,0
76444,1
76446,1
76447,0
76448,0
76451,1
76455,1
76456,0
76458,0
76459,1
76461,1
76462,0
76463,0
76465,0
76466,1
76467,1
76474,1
76475,1
76480,1
76481,1
76482,0
76488,1
76489,0
76491,0
76492,0
76495,1
76497,1
76501,0
76502,1
76503,0
76506,0
76508,1
76510,1
76515,0
76518,0
76520,1
76525,0
76527,0
76529,1
76532,1
76533,0
76537,1
76547,0
76549,0
76552,0
76555,1
76558,0
76559,0
76560,0
76564,1
76565,1
76566,0
76570,0
76571,1
76574,1
76576,1
76582,1
76585,1
76586,1
76588,1
76589,0
76591,0
76592,0
76593,1
76594,0
76606,1
76607,1
76610,0
76611,0
76614,1
76615,1
76617,0
76618,0
76619,0
76622,1
76625,0
76629,1
76630,1
76631,1
76632,1
76633,0
76634,1
76636,1
76637,1
76639,0
76640,0
76641,0
76642,1
76643,0
76646,0
76652,1
76653,0
76654,1
76656,1
76657,0
76659,1
76661,0
76663,0
76672,1
76675,0
76676,0
76678,0
76680,1
76682,1
76684,0
76685,1
76688,1
76694,1
76695,1
76697,1
76703,1
76706,1
76710,1
76713,0
76720,0
76721,0
76723,1
76727,0
76729,0
76732,1
76733,1
76735,0
76742,1
76744,1
76747,1
76751,1
76752,1
76754,0
76758,1
76759,1
76760,0
76762,0
76763,1
76764,0
76768,1
76769,0
76774,1
76776,0
76779,1
76784,1
76786,0
76787,0
76789,1
76790,0
76791,0
76794,1
76796,0
76798,0
76799,1
76801,1
76802,1
76803,1
76806,0
76810,1
76812,0
76814,1
76818,0
76819,0
76821,0
76822,0
76823,0
76826,0
76830,1
76831,0
76832,0
76834,1
76835,1
76837,1
76839,1
76844,1
76849,0
76853,1
76855,1
76859,0
76861,1
76862,0
76865,0
76868,1
76870,1
76873,0
76879,0
76880,1
76887,1
76889,0
76891,1
76893,1
76896,0
76899,1
76906,1
76908,0
76910,1
76911,1
76912,1
76913,0
76916,1
76920,0
76921,0
76926,0
76931,0
76936,1
76937,1
76941,1
76943,0
76944,0
76945,1
76949,1
76950,0
76951,0
76955,1
76956,1
76959,1
76960,0
76964,0
76966,1
76967,1
76968,0
76969,0
76970,0
76971,1
76972,0
76976,0
76977,0
76983,1
76985,0
76989,0
76990,1
76992,0
76996,0
76999,1
77000,1
77005,0
77006,1
77010,0
77011,0
77012,0
77017,0
77018,1
77025,1
77027,1
77035,0
77036,0
77043,0
77046,0
77048,1
77051,1
77055,1
77056,0
77058,0
77060,1
77065,0
77066,1
77067,0
77071,1
77072,1
77075,0
77078,1
77081,1
77083,1
77084,0
77086,0
77087,1
77090,1
77091,0
77094,1
77095,0
77099,1
77101,1
77104,1
77108,1
77111,1
77116,1
77118,1
77121,0
77128,1
77131,0
77133,0
77137,0
77138,1
77139,0
77140,1
77143,1
77145,1
77151,1
77152,1
77156,1
77159,1
77161,0
77164,0
77165,1
77167,1
77169,0
77171,0
77172,0
77173,0
77175,0
77178,0
77179,0
77184,0
77185,0
77188,1
77189,1
77195,1
77197,1
77198,0
77201,1
77202,1
77205,1
77206,1
77207,1
77209,1
77211,0
77218,1
77222,0
77228,0
77229,1
77230,0
77236,0
77239,0
77240,0
77241,0
77242,0
77243,0
77246,1
77254,1
77259,0
77263,1
77266,1
77268,0
77269,1
77275,1
77277,1
77281,0
77286,0
77287,1
77290,0
77292,1
77293,0
77294,0
77296,0
77297,0
77299,0
77300,1
77302,0
77304,1
77308,1
77309,1
77313,1
77318,0
77319,1
77324,1
77325,0
77327,0
77329,1
77330,1
77345,0
77349,1
77351,1
77355,0
77357,1
77358,1
77359,0
77361,1
77364,0
77366,1
77368,1
77370,0
77371,0
77373,1
77378,0
77380,1
77381,0
77382,0
77384,1
77388,1
77393,1
77394,0
77397,1
77399,0
77402,1
77403,0
77405,0
77408,0
77410,1
77411,0
77412,1
77414,0
77418,1
77420,1
77421,0
77423,0
77427,0
77428,1
77433,1
77435,1
77436,1
77438,1
77439,1
77440,0
77450,0
77451,0
77453,0
77455,0
77461,0
77463,1
77465,0
77466,1
77470,1
77472,0
77476,1
77477,1
77482,0
77487,1
77488,0
77489,1
77490,0
77491,1
77492,1
77496,1
77497,1
77498,1
77500,1
77501,0
77503,1
77512,0
77513,0
77514,0
77517,1
77518,0
77519,1
77521,1
77522,1
77524,1
77525,1
77526,1
77527,0
77532,0
77534,0
77536,0
77542,1
77544,0
77546,0
77548,0
77551,0
77553,0
77555,0
77557,0
77558,1
77559,0
77561,1
77562,0
77567,0
77568,1
77570,0
77573,0
77574,0
77576,1
77577,1
77580,0
77581,1
77583,1
77585,0
77587,0
77590,0
77592,1
77594,1
77596,0
77598,0
77602,1
77603,0
77606,0
77608,1
77609,0
77618,1
77619,1
77620,0
77624,1
77628,0
77634,1
77635,0
77638,1
77642,0
77645,0
77647,1
77649,1
77650,1
77654,0
77656,0
77657,1
77659,1
77665,0
77666,1
77667,1
77668,1
77670,1
77671,1
77672,0
77674,1
77678,1
77680,1
77686,0
77687,0
77690,0
77692,0
77695,0
77696,0
77697,1
77699,0
77704,0
77706,0
77708,1
77709,0
77711,1
77713,0
77726,1
77730,0
77734,1
77737,0
77741,1
77743,1
77746,1
77747,0
77750,0
77753,1
77755,1
77758,0
77761,0
77764,0
77768,1
77770,0
77774,1
77776,0
77779,1
77781,1
77786,1
77788,1
77789,1
77790,1
77792,1
77794,1
77795,1
77796,0
77797,1
77801,1
77805,0
77808,1
77811,0
77814,1
77815,1
77816,1
77817,1
77818,0
77820,1
77821,0
77822,0
77828,1
77830,1
77831,0
77838,1
77839,1
77840,1
77845,0
77846,0
77848,0
77849,0
77852,0
77853,1
77862,0
77873,0
77874,0
77877,0
77882,0
77887,1
77889,1
77897,1
77899,1
77901,0
77903,0
77904,0
77905,0
77908,0
77909,1
77915,1
77917,1
77918,1
77920,1
77921,1
77924,1
77925,1
77927,0
77928,1
77930,0
77931,1
77933,0
77936,1
77938,0
77939,1
77941,1
77954,0
77958,0
77959,1
77962,0
77963,0
77964,0
77965,1
77966,0
77978,1
77981,1
77983,1
77985,1
77987,0
77991,0
77992,0
77993,1
77996,1
78000,1
78001,1
78008,1
78010,1
78011,0
78012,0
78017,1
78019,1
78022,1
78023,0
78025,0
78032,0
78034,0
78035,0
78037,0
78040,0
78043,0
78045,1
78048,1
78050,0
78054,0
78057,0
78059,1
78063,0
78064,1
78068,1
78069,0
78074,0
78077,1
78081,1
78082,1
78088,0
78090,0
78091,0
78093,0
78096,0
78097,1
78099,0
78103,1
78105,0
78113,0
78117,0
78119,0
78120,0
78123,0
78125,0
78128,0
78139,0
78142,0
78149,0
78151,1
78152,1
78153,0
78158,0
78159,0
78161,1
78162,0
78165,0
78169,0
78171,1
78180,0
78186,1
78188,1
78190,0
78191,0
78192,0
78196,0
78203,1
78205,1
78207,0
78208,1
78209,0
78215,0
78216,0
78218,0
78220,1
78221,1
78224,1
78229,1
78231,0
78234,1
78236,0
78238,0
78241,1
78242,1
78243,0
78244,1
78245,1
78247,0
78248,1
78249,0
78252,1
78256,1
78258,0
78260,1
78262,0
78264,0
78267,0
78268,1
78270,1
78273,1
78274,0
78276,1
78281,1
78287,1
78291,1
78292,1
78295,1
78296,1
78297,0
78299,1
78300,0
78301,1
78302,0
78303,0
78306,1
78309,0
78317,1
78326,1
78327,1
78328,0
78329,0
78333,0
78335,1
78336,0
78337,0
78338,0
78346,1
78347,0
78348,0
78349,1
78350,0
78352,1
78362,0
78369,1
78372,0
78373,1
78379,1
78380,0
78382,0
78383,0
78384,1
78389,1
78396,1
78397,1
78403,1
78408,0
78409,1
78410,0
78416,1
78421,1
78425,0
78426,1
78428,0
78430,0
78432,0
78434,0
78438,0
78439,1
78440,0
78445,0
78446,0
78449,0
78450,1
78451,0
78452,0
78457,0
78458,1
78462,0
78464,1
78467,0
78468,0
78470,0
78471,0
78474,0
78475,0
78478,1
78485,0
78488,0
78489,0
78492,0
78496,1
78498,1
78500,1
78501,1
78506,1
78507,1
78510,1
78511,1
78513,1
78516,1
78517,1
78518,1
78519,1
78520,0
78522,1
78527,0
78528,1
78532,0
78535,1
78537,0
78538,0
78541,0
78543,0
78544,0
78545,1
78547,1
78553,1
78558,1
78563,1
78564,1
78565,1
78567,1
78569,1
78571,0
78572,0
78576,1
78577,0
78578,1
78582,1
78585,1
78590,0
78594,1
78599,1
78600,1
78602,1
78604,0
78607,1
78608,1
78610,0
78614,1
78616,0
78617,0
78621,1
78626,1
78627,1
78630,0
78631,1
78633,0
78634,1
78635,1
78638,0
78640,1
78642,1
78643,0
78644,0
78646,0
78647,0
78649,0
78650,0
78652,1
78653,0
78655,0
78656,0
78657,1
78661,1
78662,1
78666,1
78667,1
78674,0
78676,1
78677,0
78678,0
78679,0
78683,0
78686,0
78687,0
78688,0
78689,0
78693,0
78695,0
78697,1
78698,0
78703,1
78708,0
78712,1
78716,0
78717,1
78720,0
78726,1
78727,1
78733,0
78741,1
78745,1
78747,1
78748,1
78752,0
78757,0
78758,0
78759,0
78760,0
78761,1
78762,0
78765,0
78766,0
78772,1
78774,0
78775,1
78783,0
78785,0
78797,0
78806,0
78808,1
78809,0
78814,1
78817,0
78831,1
78833,1
78835,1
78836,0
78840,0
78842,1
78844,1
78847,1
78848,0
78851,1
78852,0
78853,1
78858,1
78861,0
78862,0
78870,0
78871,0
78872,1
78874,0
78879,0
78880,0
78881,0
78882,0
78883,0
78886,1
78896,0
78897,1
78899,0
78901,0
78902,0
78912,1
78915,0
78920,0
78921,0
78922,1
78923,0
78924,0
78930,0
78933,0
78934,0
78941,0
78942,1
78945,0
78946,0
78950,0
78951,1
78952,0
78953,1
78955,1
78959,1
78960,1
78961,1
78963,0
78966,1
78967,1
78968,0
78972,1
78974,1
78975,1
78976,1
78981,1
78985,0
78987,0
78990,1
78994,0
78995,0
78997,1
78999,0
79002,1
79003,0
79005,1
79007,1
79011,0
79015,0
79017,0
79019,0
79026,1
79027,1
79030,0
79031,0
79032,0
79033,1
79034,1
79035,0
79036,1
79044,0
79045,1
79047,0
79048,0
79057,0
79058,1
79060,0
79061,1
79062,0
79065,1
79068,1
79071,0
79072,0
79076,0
79084,1
79088,0
79089,1
79091,1
79093,0
79094,0
79095,1
79101,1
79102,1
79103,0
79105,0
79109,1
79112,1
79119,1
79123,1
79124,1
79125,0
79126,1
79129,0
79132,1
79135,0
79138,1
79141,1
79143,0
79144,0
79148,1
79151,1
79154,0
79157,1
79161,0
79162,0
79164,1
79165,0
79166,1
79169,0
79178,0
79189,0
79190,0
79191,1
79192,0
79193,0
79194,1
79195,1
79196,0
79198,0
79201,1
79203,1
79205,0
79210,1
79217,0
79218,1
79221,0
79225,1
79236,0
79240,0
79241,1
79245,0
79246,0
79252,0
79256,0
79263,0
79270,1
79271,0
79272,1
79278,1
79279,0
79281,1
79283,1
79288,1
79291,0
79292,1
79294,0
79296,1
79299,1
79300,0
79301,0
79303,1
79307,1
79310,0
79313,0
79315,0
79316,0
79320,0
79322,0
79326,0
79329,0
79331,0
79335,1
79336,1
79338,0
79341,0
79346,0
79348,1
79349,0
79350,0
79361,1
79362,0
79366,0
79369,1
79372,0
79374,1
79377,0
79379,0
79380,1
79383,1
79385,0
79388,0
79390,0
79392,0
79395,1
79396,0
79397,0
79401,1
79402,0
79409,0
79411,1
79414,0
79421,0
79422,0
79423,0
79426,1
79428,0
79429,1
79432,1
79434,0
79436,0
79437,1
79439,1
79441,1
79442,0
79444,1
79445,0
79449,1
79452,1
79453,0
79454,0
79456,1
79458,0
79459,0
79460,0
79467,1
79469,1
79471,1
79472,1
79473,0
79477,1
79478,0
79480,0
79481,1
79482,0
79484,0
79486,1
79488,1
79491,0
79493,0
79494,1
79495,0
79498,0
79499,0
79502,1
79503,1
79504,0
79509,1
79510,1
79511,1
79512,0
79514,0
79516,0
79518,0
79520,0
79521,1
79526,0
79529,0
79541,0
79546,0
79547,1
79548,0
79551,0
79556,0
79561,0
79562,0
79563,1
79566,1
79567,1
79568,0
79570,0
79572,0
79573,1
79579,0
79580,1
79581,0
79583,1
79586,0
79588,1
79589,0
79593,0
79594,0
79595,0
79597,1
79598,0
79599,0
79600,0
79602,0
79604,0
79605,0
79606,0
79608,1
79610,0
79611,0
79617,1
79621,1
79623,1
79624,1
79627,1
79629,1
79633,0
79634,0
79635,1
79639,0
79641,0
79644,0
79648,1
79649,0
79651,0
79652,0
79653,0
79655,1
79660,0
79663,0
79665,1
79666,0
79670,0
79674,0
79679,0
79683,0
79684,0
79687,1
79688,0
79693,0
79694,0
79697,0
79698,0
79699,0
79700,1
79701,1
79703,1
79704,1
79705,1
79707,1
79711,0
79716,1
79717,0
79722,1
79726,1
79729,1
79731,1
79737,1
79740,1
79742,0
79744,1
79753,0
79755,1
79760,1
79765,1
79768,0
79773,1
79774,1
79775,0
79776,0
79778,1
79779,1
79780,0
79782,1
79786,1
79789,1
79790,0
79792,1
79793,0
79798,1
79799,0
79801,0
79803,0
79804,0
79806,0
79807,0
79808,1
79810,1
79814,0
79815,1
79818,0
79819,0
79820,0
79823,0
79826,0
79829,1
79830,0
79831,0
79833,1
79834,1
79838,1
79841,0
79844,0
79845,0
79847,1
79848,0
79849,0
79850,1
79851,0
79858,1
79859,0
79860,0
79865,1
79866,0
79867,0
79870,1
79873,1
79875,1
79878,0
79885,0
79886,1
79887,1
79888,1
79890,1
79891,0
79892,0
79894,1
79895,1
79901,0
79902,1
79903,0
79905,0
79911,1
79912,0
79921,0
79924,1
79930,0
79933,0
79937,1
79941,0
79943,1
79945,0
79951,1
79953,0
79955,0
79959,0
79961,1
79969,0
79975,0
79976,0
79977,0
79978,0
79980,1
79982,0
79987,0
79988,1
79989,1
79991,0
79993,1
79994,0
79997,0
79998,0
80000,1
80001,0
80005,0
80006,1
80008,1
80010,1
80011,0
80014,0
80015,0
80016,0
80025,1
80028,1
80032,0
80035,1
80036,0
80039,1
80041,0
80043,0
80048,0
80052,1
80056,0
80065,0
80067,0
80069,0
80070,0
80071,1
80073,0
80075,1
80076,1
80078,1
80080,1
80081,1
80084,0
80087,1
80088,0
80090,0
80091,1
80092,0
80094,0
80097,0
80103,1
80107,0
80119,0
80120,1
80125,0
80127,0
80129,0
80130,1
80133,1
80135,0
80136,1
80137,0
80139,1
80142,1
80144,1
80145,1
80146,1
80152,1
80157,1
80160,0
80161,1
80162,0
80163,0
80164,0
80165,0
80166,1
80170,0
80171,1
80173,0
80179,0
80182,0
80187,0
80188,1
80189,0
80193,0
80194,0
80195,1
80202,0
80210,0
80212,0
80213,1
80215,0
80223,1
80225,0
80226,0
80228,0
80229,1
80230,0
80231,0
80236,1
80238,0
80239,1
80242,1
80244,0
80248,1
80250,0
80252,1
80253,0
80255,1
80261,0
80263,1
80264,1
80268,0
80269,1
80277,1
80278,1
80283,0
80286,1
80287,0
80288,0
80292,1
80293,1
80302,1
80303,1
80304,1
80308,1
80309,0
80310,0
80311,0
80315,0
80321,0
80326,0
80334,0
80336,0
80337,0
80338,1
80345,0
80347,1
80350,0
80351,0
80352,1
80360,0
80362,0
80366,0
80368,0
80370,1
80385,0
80386,0
80387,0
80389,1
80390,0
80392,0
80393,1
80394,0
80395,1
80396,0
80403,0
80407,0
80408,0
80410,1
80411,0
80412,0
80414,0
80415,0
80418,1
80422,0
80423,1
80425,0
80431,1
80434,1
80435,0
80436,0
80441,0
80442,0
80447,0
80448,0
80453,0
80454,1
80455,0
80458,0
80459,0
80463,0
80464,0
80465,0
80466,1
80467,0
80468,0
80471,0
80476,1
80477,0
80480,0
80487,0
80488,0
80489,1
80490,0
80492,1
80493,0
80500,0
80503,0
80506,0
80509,0
80510,0
80512,0
80515,0
80519,0
80522,1
80526,0
80528,0
80530,1
80531,0
80532,0
80536,0
80542,1
80543,1
80545,1
80548,1
80560,1
80563,0
80564,0
80566,0
80568,1
80572,1
80574,1
80575,0
80580,0
80584,0
80586,0
80587,1
80588,0
80590,0
80591,0
80594,1
80597,0
80598,1
80599,1
80603,1
80605,0
80607,1
80608,0
80610,1
80615,1
80616,0
80621,1
80625,1
80629,0
80635,0
80637,0
80640,1
80641,1
80647,1
80653,0
80656,0
80657,1
80659,0
80660,1
80662,1
80666,0
80667,1
80668,0
80669,0
80671,0
80672,1
80673,0
80675,0
80677,1
80678,1
80681,1
80683,0
80690,0
80692,0
80693,0
80694,0
80695,1
80696,1
80699,0
80701,0
80702,1
80703,1
80705,1
80706,0
80711,1
80714,1
80715,1
80716,0
80719,0
80720,1
80721,1
80724,1
80727,1
80728,0
80730,1
80732,1
80733,0
80734,1
80737,1
80738,1
80739,1
80741,1
80742,0
80748,1
80750,1
80752,0
80753,0
80755,0
80758,0
80770,0
80772,0
80773,0
80774,0
80776,0
80777,0
80778,0
80781,1
80784,0
80788,0
80791,1
80793,0
80795,1
80801,0
80803,0
80804,1
80805,1
80807,0
80808,1
80813,0
80816,0
80819,0
80831,1
80832,0
80835,1
80836,0
80841,0
80843,1
80848,1
80849,0
80851,0
80852,1
80857,1
80859,1
80865,0
80866,1
80871,0
80873,0
80874,0
80880,1
80881,1
80882,0
80886,0
80889,0
80895,1
80900,0
80901,1
80902,1
80903,1
80907,1
80908,0
80909,0
80911,0
80912,0
80914,1
80916,0
80917,1
80920,1
80923,0
80928,1
80932,0
80935,1
80936,0
80938,1
80941,0
80944,0
80946,0
80947,0
80948,1
80951,1
80952,1
80957,1
80958,0
80962,1
80966,1
80970,1
80971,1
80974,0
80976,0
80977,0
80978,0
80979,0
80980,1
80982,1
80983,1
80985,0
80990,1
80991,1
80996,0
80997,1
80999,1
81000,0
81001,1
81002,0
81003,0
81006,0
81007,0
81009,1
81010,1
81011,1
81012,0
81016,0
81023,0
81031,1
81032,1
81036,1
81039,0
81043,0
81052,0
81054,0
81056,0
81057,0
81058,0
81059,0
81063,1
81068,1
81069,0
81071,0
81072,1
81074,0
81078,0
81083,0
81084,0
81087,0
81091,0
81092,1
81094,1
81095,1
81097,1
81104,0
81105,0
81107,1
81109,0
81112,1
81113,0
81115,1
81116,0
81118,1
81119,0
81120,0
81121,1
81122,1
81127,1
81128,0
81129,0
81131,1
81132,0
81135,0
81138,0
81139,1
81141,0
81144,0
81145,1
81150,1
81152,0
81157,0
81158,0
81161,0
81164,0
81168,0
81170,0
81174,1
81175,0
81177,1
81178,1
81184,0
81186,0
81189,1
81191,0
81194,1
81195,0
81196,1
81201,1
81203,1
81204,1
81208,1
81210,0
81213,0
81216,1
81218,0
81219,1
81222,0
81223,1
81226,0
81228,1
81229,1
81230,1
81231,0
81233,1
81234,0
81237,1
81243,0
81248,1
81253,1
81258,1
81259,1
81261,1
81267,0
81271,0
81276,1
81279,0
81280,1
81283,0
81284,0
81287,1
81291,1
81293,0
81299,1
81300,0
81304,0
81306,0
81307,0
81316,1
81319,0
81321,1
81323,0
81325,0
81328,1
81329,0
81333,1
81336,0
81338,0
81339,0
81341,1
81345,0
81348,1
81350,0
81352,1
81355,0
81357,1
81360,0
81361,0
81366,0
81367,1
81368,0
81371,1
81372,0
81373,0
81375,1
81382,0
81383,0
81385,1
81389,0
81391,1
81393,1
81394,1
81395,1
81396,0
81399,0
81400,1
81402,0
81407,0
81408,1
81415,1
81417,1
81418,1
81419,1
81423,0
81425,1
81427,1
81429,0
81430,0
81431,0
81434,1
81437,0
81439,0
81441,1
81449,1
81450,0
81452,0
81453,1
81454,0
81459,1
81460,1
81465,0
81466,0
81468,1
81469,0
81470,0
81474,1
81475,1
81477,0
81478,0
81479,1
81482,0
81483,1
81484,1
81489,0
81490,0
81493,0
81497,1
81498,1
81499,1
81503,0
81504,1
81505,0
81506,0
81507,0
81508,1
81510,0
81513,1
81516,0
81517,1
81518,0
81519,0
81520,0
81524,0
81525,0
81526,1
81532,0
81536,1
81542,0
81545,0
81546,0
81548,0
81552,1
81555,1
81559,0
81560,0
81565,1
81568,1
81570,1
81571,1
81574,0
81575,0
81578,0
81581,0
81585,1
81586,0
81590,1
81598,0
81601,1
81603,0
81616,1
81622,0
81625,1
81626,1
81628,1
81629,0
81632,1
81633,1
81635,1
81641,1
81643,0
81644,1
81646,1
81654,0
81655,0
81657,1
81658,1
81659,1
81663,1
81664,1
81666,0
81668,0
81673,0
81679,0
81685,1
81690,1
81691,0
81693,0
81694,1
81696,1
81698,0
81700,0
81701,0
81702,0
81705,1
81707,1
81708,0
81709,1
81710,0
81713,1
81714,0
81715,1
81716,1
81718,0
81728,1
81730,0
81736,1
81744,0
81746,1
81748,0
81749,0
81751,1
81755,0
81761,0
81762,0
81768,0
81770,1
81779,0
81781,0
81782,0
81783,1
81786,0
81787,1
81791,0
81793,0
81798,1
81800,0
81807,0
81808,0
81809,1
81810,1
81816,1
81820,0
81824,0
81827,0
81828,1
81829,1
81830,1
81833,1
81836,1
81837,1
81838,1
81842,1
81844,1
81847,0
81848,1
81853,1
81855,0
81858,1
81859,0
81862,0
81864,1
81867,1
81870,0
81872,1
81875,0
81880,1
81882,1
81883,0
81885,0
81891,0
81893,0
81895,1
81902,0
81906,1
81907,1
81910,0
81914,1
81916,1
81917,0
81921,1
81928,1
81932,0
81934,0
81935,0
81937,1
81939,0
81940,0
81941,0
81942,1
81943,0
81947,1
81948,0
81951,0
81952,0
81954,1
81955,0
81957,0
81961,0
81967,1
81969,0
81971,0
81972,0
81973,1
81975,1
81979,1
81983,0
81985,1
81990,0
81996,0
81998,0
82000,0
82001,0
82002,0
82005,1
82006,1
82010,1
82015,1
82017,1
82019,0
82020,0
82022,0
82025,0
82027,1
82028,1
82031,1
82038,1
82042,1
82046,0
82047,0
82049,0
82050,1
82052,0
82054,0
82055,0
82057,0
82061,0
82064,0
82065,0
82072,1
82073,1
82074,1
82081,0
82085,1
82095,0
82096,1
82098,0
82105,1
82107,1
82108,1
82109,1
82110,1
82111,1
82112,0
82113,1
82116,0
82117,1
82130,0
82133,1
82134,1
82138,1
82140,1
82141,1
82142,1
82143,1
82145,0
82146,0
82147,0
82150,1
82151,0
82153,0
82154,1
82155,0
82157,0
82158,1
82162,1
82163,1
82164,1
82165,1
82166,1
82172,1
82174,0
82181,1
82182,1
82184,1
82185,0
82189,0
82191,0
82192,0
82193,1
82194,1
82196,1
82201,1
82204,1
82207,1
82208,1
82210,0
82211,0
82212,1
82213,1
82215,0
82216,0
82221,0
82223,0
82224,1
82226,1
82230,1
82231,0
82232,1
82239,0
82241,1
82244,1
82247,1
82249,0
82254,1
82256,1
82257,0
82260,1
82263,1
82267,0
82268,0
82269,0
82282,1
82286,1
82287,1
82291,1
82296,1
82297,0
82301,1
82305,1
82306,1
82312,0
82313,0
82314,0
82315,1
82316,0
82318,0
82319,0
82321,0
82326,0
82327,0
82328,1
82331,1
82332,0
82337,0
82338,1
82343,1
82348,0
82351,1
82352,0
82356,0
82357,0
82358,0
82360,1
82362,1
82364,1
82366,0
82368,1
82369,0
82370,0
82371,1
82372,1
82373,0
82376,1
82377,0
82378,0
82381,0
82382,1
82384,1
82388,1
82391,0
82392,0
82396,1
82398,0
82400,0
82401,0
82403,0
82404,0
82406,0
82408,1
82410,1
82417,0
82423,1
82426,1
82427,1
82429,0
82437,1
82438,0
82440,0
82441,1
82442,1
82443,0
82445,1
82448,0
82449,1
82451,0
82452,0
82453,1
82458,0
82460,0
82461,1
82463,0
82466,1
82469,1
82472,0
82473,1
82477,1
82478,1
82479,1
82481,1
82483,1
82485,0
82488,0
82496,0
82497,1
82498,1
82499,0
82502,1
82503,1
82504,0
82505,0
82506,0
82508,1
82509,0
82510,0
82512,1
82514,1
82516,0
82527,0
82528,1
82529,1
82536,0
82538,0
82544,0
82547,0
82550,1
82551,0
82552,0
82554,1
82555,0
82558,0
82567,1
82573,1
82574,1
82577,0
82578,1
82581,1
82582,1
82583,0
82586,0
82588,1
82592,0
82594,0
82595,1
82599,0
82600,0
82601,1
82603,1
82607,0
82608,0
82611,0
82612,0
82613,0
82620,0
82623,0
82626,1
82629,0
82634,1
82637,0
82642,1
82643,1
82644,0
82645,1
82646,0
82648,0
82649,1
82650,0
82653,1
82654,1
82658,0
82660,1
82661,1
82662,0
82664,0
82668,1
82669,1
82675,0
82681,1
82685,0
82686,1
82696,0
82697,0
82698,1
82706,0
82707,1
82709,0
82711,1
82714,1
82716,0
82717,0
82718,0
82723,0
82724,0
82725,0
82728,1
82729,0
82730,1
82736,1
82738,1
82741,0
82743,0
82747,1
82749,1
82756,1
82758,1
82763,0
82766,0
82767,1
82770,1
82772,1
82775,0
82777,1
82778,0
82779,0
82780,0
82784,1
82785,0
82787,1
82788,1
82789,1
82791,1
82800,1
82803,1
82806,0
82807,0
82808,0
82811,0
82812,0
82813,0
82814,0
82815,1
82818,0
82820,1
82823,1
82825,1
82827,0
82835,1
82841,1
82844,0
82852,0
82853,0
82854,1
82855,0
82858,1
82859,0
82861,0
82865,0
82867,1
82870,0
82874,0
82875,0
82879,1
82884,1
82885,0
82889,0
82891,0
82892,0
82894,0
82896,0
82900,1
82903,1
82904,1
82905,0
82907,1
82908,1
82912,0
82915,1
82921,1
82922,0
82926,1
82927,0
82928,0
82934,1
82935,0
82938,1
82939,0
82941,0
82943,0
82946,0
82947,0
82948,0
82949,1
82950,1
82951,0
82957,1
82958,0
82961,1
82964,1
82965,1
82966,1
82972,1
82973,0
82975,1
82977,0
82979,1
82989,1
82990,0
82993,1
82994,0
82997,0
82999,0
83000,0
83003,1
83005,1
83007,0
83009,0
83015,0
83018,1
83022,1
83032,1
83033,0
83034,1
83037,1
83052,1
83054,1
83055,0
83056,0
83062,0
83064,0
83067,1
83069,1
83070,0
83071,0
83072,1
83076,1
83088,0
83089,1
83090,0
83093,1
83094,1
83096,0
83097,0
83098,1
83100,0
83102,0
83105,1
83107,1
83110,0
83111,0
83114,1
83117,1
83121,1
83122,1
83123,1
83127,0
83128,1
83139,0
83141,0
83147,0
83148,1
83152,1
83154,1
83155,1
83156,1
83157,1
83160,0
83162,0
83163,0
83168,0
83170,0
83171,0
83175,1
83181,0
83185,0
83186,1
83188,0
83194,0
83195,0
83202,0
83204,0
83206,1
83211,1
83212,0
83214,0
83218,1
83221,0
83224,0
83225,1
83226,0
83228,0
83229,1
83231,1
83233,0
83237,0
83243,0
83245,1
83247,1
83248,0
83249,0
83251,0
83264,1
83267,0
83268,0
83269,0
83271,0
83272,0
83273,0
83276,1
83282,0
83285,0
83287,1
83291,0
83292,1
83300,0
83302,1
83308,0
83311,1
83317,0
83318,1
83319,0
83321,0
83322,0
83326,0
83328,0
83331,0
83333,0
83336,1
83343,0
83346,0
83347,1
83348,0
83349,0
83353,0
83354,1
83355,1
83356,1
83357,1
83358,1
83362,1
83365,1
83367,1
83368,1
83370,1
83374,1
83378,0
83380,0
83381,0
83384,1
83385,1
83386,1
83387,0
83394,0
83395,1
83396,0
83399,0
83401,0
83406,0
83410,1
83420,1
83421,0
83422,0
83423,0
83425,0
83426,0
83427,1
83433,0
83434,0
83441,0
83442,1
83447,0
83449,1
83450,1
83453,0
83458,0
83459,0
83461,0
83462,0
83464,0
83465,1
83467,0
83473,0
83474,0
83476,1
83478,1
83481,0
83482,0
83483,1
83484,1
83487,0
83494,1
83495,0
83497,1
83499,0
83506,0
83509,0
83510,1
83511,0
83512,0
83519,1
83520,0
83521,1
83523,1
83526,0
83531,0
83532,1
83533,0
83534,1
83537,1
83538,0
83539,0
83541,0
83543,0
83545,1
83547,0
83548,1
83550,0
83551,0
83557,0
83560,1
83564,0
83567,0
83568,0
83569,0
83574,1
83575,0
83578,1
83579,1
83582,1
83585,1
83590,1
83591,0
83594,0
83600,1
83602,1
83604,1
83609,1
83610,1
83612,1
83613,0
83614,1
83616,0
83620,0
83623,1
83628,1
83633,1
83635,1
83636,1
83637,0
83638,0
83642,0
83643,0
83644,0
83645,0
83646,0
83647,1
83649,1
83652,1
83660,0
83662,0
83663,0
83666,1
83673,0
83674,0
83675,0
83678,0
83679,1
83680,1
83683,1
83684,1
83685,0
83686,1
83687,1
83688,0
83690,1
83692,0
83694,1
83695,0
83699,1
83703,0
83706,1
83708,1
83709,0
83711,0
83716,1
83717,0
83721,0
83722,1
83723,1
83725,0
83726,0
83730,0
83731,1
83735,0
83738,0
83739,1
83740,0
83741,1
83743,0
83744,0
83747,0
83749,1
83750,0
83753,0
83754,1
83755,0
83757,0
83758,0
83759,1
83760,1
83762,1
83763,0
83767,1
83768,0
83769,0
83770,0
83773,0
83774,0
83775,0
83778,0
83779,0
83787,1
83788,1
83789,0
83792,1
83795,1
83798,1
83800,0
83805,1
83806,0
83808,0
83809,0
83811,1
83814,0
83815,1
83817,1
83821,1
83822,0
83824,0
83829,0
83831,1
83834,0
83840,1
83841,1
83842,1
83851,0
83852,0
83854,0
83855,1
83858,0
83859,0
83865,0
83866,0
83867,0
83868,1
83869,0
83872,0
83873,0
83876,0
83878,0
83881,0
83883,0
83886,0
83888,0
83889,1
83890,0
83891,0
83893,0
83894,1
83896,0
83899,0
83904,0
83910,0
83912,0
83914,1
83919,1
83920,0
83921,0
83923,0
83929,1
83930,1
83932,1
83938,0
83942,0
83943,1
83947,1
83949,0
83952,1
83953,1
83954,1
83958,0
83959,1
83960,1
83961,1
83963,1
83964,1
83965,0
83966,0
83967,0
83972,0
83974,1
83975,1
83976,0
83978,1
83985,0
83986,0
83987,1
83989,0
83992,0
83995,0
83999,0
84000,0
84003,0
84005,0
84006,1
84007,0
84009,1
84010,0
84015,1
84018,1
84024,0
84025,1
84026,0
84027,0
84031,1
84032,1
84033,0
84034,1
84036,1
84037,0
84041,0
84043,0
84045,1
84060,0
84062,1
84066,0
84067,0
84068,0
84074,0
84076,1
84077,0
84081,1
84083,0
84088,0
84089,1
84090,1
84091,0
84099,1
84101,1
84103,1
84105,1
84106,0
84109,0
84110,0
84112,1
84115,1
84122,1
84126,0
84128,0
84136,1
84138,0
84140,1
84142,0
84143,1
84146,1
84150,0
84161,1
84164,0
84168,1
84169,1
84172,0
84173,0
84174,0
84175,1
84182,1
84185,0
84189,1
84191,1
84193,1
84195,0
84200,0
84201,1
84203,0
84205,0
84206,0
84210,0
84211,0
84213,0
84215,1
84216,1
84218,1
84221,1
84222,0
84224,1
84225,1
84227,1
84229,0
84231,0
84235,0
84237,1
84239,1
84241,0
84246,1
84248,0
84250,1
84252,1
84253,0
84254,0
84255,0
84257,1
84258,0
84260,0
84261,1
84262,1
84264,1
84267,0
84272,1
84273,0
84275,1
84276,1
84277,0
84282,1
84293,0
84294,0
84302,1
84304,0
84310,1
84312,1
84316,0
84320,0
84324,0
84325,1
84327,1
84334,0
84335,0
84337,0
84338,0
84339,1
84342,0
84344,0
84345,0
84347,1
84349,1
84350,1
84353,0
84354,1
84355,0
84357,0
84358,0
84360,0
84361,1
84363,0
84364,1
84366,1
84370,1
84374,0
84376,0
84377,1
84379,1
84382,0
84385,0
84388,0
84390,0
84392,0
84393,0
84395,1
84396,1
84401,1
84403,1
84406,0
84408,0
84410,0
84414,0
84418,1
84420,0
84421,0
84424,0
84426,0
84427,1
84428,0
84429,1
84432,1
84433,0
84440,0
84441,1
84443,1
84446,0
84449,0
84451,1
84452,1
84453,1
84454,0
84457,0
84463,1
84467,1
84468,1
84470,0
84472,0
84473,1
84476,0
84481,1
84484,0
84485,1
84486,1
84489,1
84491,0
84495,0
84498,0
84502,1
84503,0
84504,1
84509,0
84511,0
84512,1
84514,1
84516,0
84517,1
84518,1
84520,0
84521,0
84523,1
84528,1
84532,1
84543,0
84544,1
84546,1
84550,0
84551,1
84552,1
84553,1
84561,1
84570,1
84571,0
84573,0
84575,0
84576,1
84577,0
84579,1
84580,1
84584,0
84586,0
84588,0
84589,1
84590,1
84593,1
84594,1
84595,0
84596,1
84597,0
84598,1
84601,1
84605,0
84606,0
84607,0
84609,0
84610,0
84612,1
84613,0
84614,0
84615,1
84616,1
84619,0
84623,1
84626,0
84629,1
84630,1
84631,1
84632,1
84635,0
84637,1
84638,0
84645,1
84647,1
84648,1
84649,1
84650,1
84652,0
84655,0
84661,1
84664,0
84665,0
84666,0
84667,0
84670,1
84672,0
84673,0
84676,1
84677,0
84681,0
84687,0
84693,1
84694,1
84695,0
84697,0
84699,0
84701,0
84702,0
84704,1
84705,0
84706,1
84708,0
84710,0
84713,1
84714,0
84715,0
84716,1
84717,1
84720,0
84722,1
84724,0
84726,1
84729,0
84735,0
84740,1
84742,1
84743,1
84745,0
84749,1
84751,1
84752,0
84756,1
84757,1
84758,1
84761,1
84766,0
84774,0
84775,1
84779,1
84780,1
84783,0
84784,0
84786,0
84787,0
84788,0
84796,0
84798,0
84800,0
84801,0
84802,0
84803,0
84805,1
84806,1
84810,0
84811,1
84812,0
84814,1
84815,1
84816,0
84820,1
84826,0
84829,1
84830,1
84831,1
84834,0
84835,0
84837,1
84838,1
84841,1
84845,0
84847,0
84849,1
84850,0
84852,1
84854,1
84858,0
84865,1
84866,0
84867,0
84868,1
84873,0
84875,1
84876,0
84883,1
84884,0
84886,1
84887,1
84888,1
84890,1
84891,0
84894,1
84895,0
84896,1
84900,1
84901,1
84904,1
84907,1
84910,0
84916,0
84920,0
84923,1
84924,0
84928,1
84929,0
84930,0
84931,0
84932,0
84934,0
84936,0
84937,1
84938,0
84941,0
84948,1
84951,1
84956,0
84959,0
84960,0
84961,1
84964,1
84966,1
84971,0
84975,1
84976,0
84981,1
84982,0
84983,1
84985,0
84986,0
84987,0
84989,0
84990,0
84991,0
84999,0
85002,1
85004,0
85005,1
85006,0
85008,0
85010,1
85013,1
85014,0
85016,1
85017,1
85020,1
85025,1
85027,0
85029,1
85030,1
85032,1
85034,1
85035,1
85036,0
85040,1
85042,1
85043,1
85044,1
85047,1
85053,1
85055,0
85058,1
85059,0
85071,1
85074,1
85077,1
85078,1
85079,1
85084,1
85087,1
85093,0
85094,1
85096,1
85098,0
85101,0
85102,0
85104,0
85105,1
85106,0
85109,1
85110,1
85112,1
85117,0
85118,0
85122,0
85123,1
85124,1
85133,1
85137,1
85139,1
85140,0
85141,0
85142,1
85143,0
85144,0
85145,1
85146,0
85147,1
85150,1
85153,1
85156,1
85157,1
85158,1
85161,0
85168,0
85172,1
85173,0
85174,1
85176,1
85178,1
85179,1
85180,0
85182,0
85183,0
85185,0
85188,0
85190,1
85192,1
85195,1
85197,0
85198,0
85199,1
85201,0
85206,0
85209,1
85214,0
85218,0
85221,1
85222,1
85224,1
85227,1
85229,1
85233,1
85235,0
85244,0
85245,1
85246,1
85247,0
85249,0
85252,0
85255,0
85256,0
85258,1
85261,0
85264,1
85266,1
85268,1
85269,1
85274,0
85275,0
85277,0
85278,0
85279,1
85281,1
85283,1
85287,0
85290,1
85293,0
85301,1
85302,0
85305,1
85306,1
85311,1
85312,0
85313,1
85317,1
85318,1
85329,1
85330,0
85331,0
85335,1
85337,0
85339,0
85343,0
85346,0
85350,0
85353,1
85358,1
85361,1
85363,1
85364,0
85366,1
85367,0
85369,0
85371,0
85374,1
85375,0
85376,1
85378,1
85379,1
85381,1
85383,1
85385,0
85386,0
85387,0
85389,1
85394,0
85397,0
85399,1
85400,1
85402,0
85404,1
85406,0
85407,0
85408,0
85412,1
85413,0
85419,0
85424,1
85425,0
85426,0
85427,1
85434,0
85444,1
85445,0
85446,0
85447,0
85449,1
85451,0
85455,0
85456,1
85459,0
85461,1
85467,0
85473,1
85474,0
85477,0
85483,0
85488,0
85489,1
85500,1
85501,1
85505,0
85506,0
85511,0
85518,1
85525,1
85528,0
85532,1
85535,0
85538,1
85539,1
85541,1
85543,0
85546,0
85552,1
85553,1
85554,0
85555,0
85557,0
85559,0
85560,0
85562,1
85564,0
85568,0
85569,0
85571,1
85574,0
85575,1
85578,1
85579,1
85585,1
85589,0
85590,0
85593,1
85594,1
85597,0
85602,0
85608,0
85610,1
85611,1
85613,0
85616,1
85627,0
85629,1
85630,0
85634,0
85638,0
85640,1
85641,1
85642,1
85643,0
85646,0
85647,0
85648,0
85650,1
85652,0
85654,0
85656,1
85658,1
85659,0
85660,1
85666,0
85668,1
85679,0
85683,1
85688,1
85690,0
85697,1
85698,0
85699,0
85703,0
85704,1
85709,0
85714,0
85715,1
85716,0
85717,0
85726,1
85730,1
85732,1
85736,1
85737,0
85739,1
85741,1
85746,1
85747,0
85749,1
85753,0
85754,1
85757,0
85761,0
85762,0
85763,0
85764,0
85769,0
85771,0
85772,0
85774,0
85779,1
85781,0
85782,0
85784,0
85786,1
85790,1
85791,0
85794,0
85795,1
85799,1
85801,0
85802,0
85807,0
85812,0
85813,0
85815,1
85816,0
85817,1
85821,1
85822,1
85828,1
85831,0
85834,1
85835,0
85836,1
85837,0
85843,1
85844,0
85845,0
85850,0
85852,1
85856,1
85857,0
85858,1
85859,1
85865,0
85866,1
85867,1
85868,0
85870,0
85873,1
85877,1
85879,1
85888,0
85890,1
85893,1
85897,0
85899,0
85900,0
85902,1
85905,1
85907,0
85910,0
85913,1
85915,0
85918,1
85921,1
85924,0
85930,1
85931,0
85937,1
85938,1
85939,0
85941,0
85944,0
85945,1
85948,0
85950,0
85951,1
85953,1
85954,1
85958,1
85961,1
85965,0
85970,0
85971,1
85973,1
85975,0
85977,0
85978,1
85979,1
85980,0
85981,0
85982,1
85983,0
85988,1
85989,0
85991,0
85992,1
85993,1
85995,0
86000,0
86001,0
86003,1
86004,1
86005,0
86007,0
86008,1
86009,1
86010,0
86012,0
86016,1
86018,0
86020,0
86024,1
86026,0
86030,0
86031,0
86032,1
86033,0
86034,1
86037,1
86046,1
86047,1
86050,1
86053,0
86056,0
86057,0
86059,1
86060,0
86065,0
86069,0
86072,1
86073,1
86077,1
86078,0
86079,1
86086,1
86088,1
86090,0
86093,1
86099,0
86101,1
86102,1
86106,1
86110,1
86113,0
86120,0
86121,0
86122,0
86123,0
86124,0
86126,1
86127,0
86133,0
86135,0
86137,0
86138,1
86140,0
86141,1
86144,1
86145,0
86148,1
86151,0
86152,1
86153,1
86156,1
86158,1
86159,1
86160,0
86162,1
86164,0
86170,1
86172,0
86173,0
86178,0
86182,0
86183,1
86186,0
86188,1
86191,1
86192,1
86193,0
86197,0
86198,0
86199,1
86200,1
86201,0
86207,1
86209,0
86212,1
86213,1
86218,1
86221,0
86222,0
86223,0
86225,0
86229,1
86230,1
86232,1
86234,0
86237,0
86239,0
86243,0
86245,0
86248,1
86254,1
86258,1
86259,1
86260,1
86261,1
86263,0
86267,0
86269,0
86270,0
86275,0
86276,1
86277,0
86279,0
86282,0
86289,0
86290,1
86293,1
86294,0
86299,0
86303,1
86304,1
86309,1
86310,0
86311,0
86312,0
86314,0
86315,1
86316,0
86318,1
86319,1
86321,0
86322,0
86323,0
86324,1
86326,1
86327,1
86331,1
86332,0
86333,1
86334,0
86335,0
86336,0
86344,1
86345,1
86350,0
86352,0
86358,1
86362,0
86367,1
86368,0
86370,0
86375,1
86377,0
86381,0
86382,0
86383,0
86391,0
86392,0
86394,1
86395,1
86398,1
86399,0
86400,1
86406,1
86407,1
86408,0
86409,0
86412,1
86413,1
86414,0
86415,0
86419,1
86421,0
86422,0
86424,0
86428,1
86429,1
86430,0
86434,0
86437,1
86440,0
86444,0
86446,1
86447,0
86451,0
86453,1
86456,0
86460,1
86461,1
86462,1
86463,0
86467,1
86472,0
86475,1
86479,1
86480,0
86481,1
86485,0
86487,0
86488,0
86494,1
86498,0
86501,1
86504,1
86506,0
86508,1
86511,0
86518,1
86522,1
86524,0
86525,0
86529,1
86530,0
86531,1
86532,0
86533,0
86535,1
86540,1
86542,0
86543,0
86548,1
86550,1
86552,1
86553,0
86555,1
86558,0
86559,1
86566,0
86568,0
86569,1
86570,0
86572,0
86574,0
86577,0
86579,0
86580,1
86581,0
86584,1
86585,0
86589,0
86590,1
86595,0
86596,1
86601,0
86604,0
86605,1
86612,0
86617,1
86619,1
86624,1
86628,0
86630,1
86631,1
86634,0
86638,1
86639,0
86640,1
86641,0
86647,1
86648,0
86656,0
86657,1
86661,1
86662,1
86663,1
86668,1
86670,1
86671,0
86673,0
86675,0
86677,0
86681,0
86682,0
86683,0
86684,1
86685,1
86686,0
86688,0
86689,0
86690,0
86692,1
86693,1
86695,1
86701,1
86704,1
86706,0
86707,0
86708,0
86714,1
86717,0
86719,1
86728,0
86730,1
86731,0
86732,1
86734,1
86735,1
86737,0
86738,0
86739,0
86740,1
86741,1
86742,1
86743,0
86749,1
86753,0
86754,1
86756,1
86758,0
86761,1
86762,1
86764,0
86766,0
86768,0
86773,0
86774,1
86776,0
86777,0
86779,0
86783,1
86784,0
86787,1
86788,1
86790,0
86791,0
86793,0
86794,1
86795,0
86797,1
86801,0
86802,0
86804,0
86807,0
86809,0
86811,1
86813,0
86815,1
86819,1
86821,1
86823,1
86825,1
86826,1
86829,0
86831,1
86837,1
86840,1
86842,1
86851,0
86853,1
86858,0
86861,0
86867,0
86868,0
86869,1
86871,1
86872,0
86874,1
86877,0
86883,0
86884,1
86886,1
86890,0
86893,0
86899,1
86900,1
86905,1
86906,0
86908,1
86909,0
86910,1
86913,1
86915,1
86918,0
86920,0
86923,1
86926,1
86929,0
86933,1
86935,0
86936,1
86937,0
86942,1
86943,1
86946,1
86950,0
86954,1
86955,1
86959,0
86963,0
86966,1
86968,0
86969,0
86974,1
86977,0
86981,1
86983,1
86984,0
86987,1
86991,1
86992,0
86993,1
86996,1
86998,1
87002,0
87005,0
87008,1
87009,0
87011,1
87013,1
87015,0
87016,1
87020,1
87021,0
87024,1
87026,0
87028,0
87029,0
87033,1
87037,0
87038,0
87042,0
87043,0
87045,0
87051,0
87052,1
87056,0
87057,0
87061,1
87064,0
87065,0
87066,0
87068,1
87071,1
87072,0
87073,0
87075,0
87076,1
87078,0
87080,1
87081,0
87087,0
87091,0
87092,0
87093,0
87097,0
87098,1
87102,0
87110,1
87114,1
87117,0
87121,0
87128,1
87129,0
87132,0
87133,0
87134,0
87136,0
87139,1
87146,1
87147,1
87149,1
87150,0
87151,0
87154,0
87158,1
87160,0
87164,1
87165,0
87166,0
87167,1
87168,1
87170,0
87176,0
87178,0
87179,1
87180,1
87183,1
87187,1
87188,0
87189,0
87191,0
87192,0
87193,0
87195,1
87199,0
87200,1
87203,0
87204,1
87205,1
87207,0
87211,0
87216,0
87217,1
87219,0
87221,1
87222,0
87223,0
87225,1
87230,0
87233,0
87235,1
87236,0
87239,0
87242,0
87243,0
87245,1
87249,1
87251,1
87254,1
87256,1
87258,0
87269,0
87270,1
87273,0
87275,1
87278,0
87280,0
87285,0
87286,0
87288,1
87295,0
87296,0
87298,1
87300,0
87304,0
87317,0
87318,0
87320,0
87321,0
87323,1
87326,0
87327,1
87328,0
87330,1
87331,0
87333,0
87334,0
87335,1
87339,1
87340,0
87341,0
87342,1
87351,0
87352,0
87353,0
87354,1
87357,1
87359,1
87364,0
87367,1
87369,1
87370,1
87380,0
87381,1
87384,0
87386,1
87387,0
87389,0
87391,0
87392,0
87394,0
87395,0
87396,1
87397,0
87399,0
87400,0
87403,1
87411,0
87412,1
87415,0
87416,1
87417,1
87420,0
87422,1
87430,0
87437,0
87438,1
87439,1
87443,1
87448,1
87449,0
87450,0
87453,1
87455,0
87457,0
87458,0
87459,0
87463,0
87464,0
87467,1
87468,0
87471,1
87475,0
87476,1
87477,0
87482,0
87483,1
87484,1
87485,0
87489,1
87491,0
87493,0
87496,0
87497,1
87498,0
87500,0
87504,1
87505,0
87506,0
87507,1
87508,0
87510,1
87511,0
87514,1
87517,0
87522,0
87524,0
87526,0
87528,0
87530,1
87534,0
87535,0
87536,0
87539,0
87542,1
87543,0
87544,1
87545,0
87548,1
87551,0
87552,0
87559,0
87560,0
87561,0
87562,0
87563,1
87570,0
87572,0
87573,0
87577,1
87582,0
87586,1
87587,0
87588,0
87591,1
87597,0
87599,0
87600,0
87607,0
87608,0
87611,0
87615,0
87616,0
87621,0
87629,1
87634,0
87636,1
87637,1
87644,0
87645,0
87651,0
87653,1
87654,1
87655,0
87657,0
87659,1
87663,0
87664,1
87666,1
87668,1
87670,0
87675,0
87677,0
87679,1
87680,0
87682,1
87685,0
87690,0
87691,1
87694,0
87696,1
87699,0
87700,1
87702,0
87706,0
87708,0
87716,0
87717,0
87720,0
87722,0
87723,0
87724,0
87730,0
87732,0
87738,0
87742,0
87743,0
87745,0
87746,0
87749,1
87750,0
87751,0
87757,1
87763,0
87764,1
87765,0
87773,0
87776,1
87779,1
87782,0
87788,1
87794,0
87795,0
87796,1
87797,1
87799,1
87800,0
87801,0
87802,0
87804,1
87805,0
87806,1
87809,0
87810,1
87816,0
87817,1
87818,0
87820,0
87821,1
87822,1
87824,0
87825,1
87826,0
87827,0
87829,0
87832,0
87834,1
87836,1
87844,1
87845,1
87846,1
87847,0
87849,0
87856,0
87859,0
87860,0
87862,0
87864,0
87870,1
87871,1
87877,1
87883,0
87886,0
87887,0
87892,1
87893,1
87894,1
87895,0
87898,0
87899,0
87900,1
87901,0
87902,0
87903,0
87906,1
87907,0
87911,0
87912,0
87922,0
87924,0
87925,0
87929,1
87931,0
87932,0
87937,0
87943,0
87947,1
87950,0
87954,0
87956,0
87963,0
87965,1
87966,0
87972,0
87974,1
87975,0
87977,0
87981,1
87983,0
87985,1
87986,1
87988,1
87992,1
87996,1
87997,0
88001,0
88002,0
88007,0
88010,0
88011,1
88012,0
88014,0
88015,0
88019,1
88020,1
88021,1
88022,0
88023,1
88025,0
88026,1
88027,0
88032,1
88035,1
88036,0
88037,0
88038,1
88043,1
88045,1
88046,0
88049,0
88052,1
88053,1
88054,0
88055,1
88056,0
88059,1
88061,0
88063,1
88064,0
88067,0
88069,0
88072,0
88077,0
88080,1
88084,0
88087,1
88088,1
88090,0
88091,1
88095,1
88096,1
88104,0
88106,0
88110,1
88112,0
88116,1
88118,1
88127,1
88134,1
88136,0
88145,0
88146,1
88147,1
88148,1
88150,1
88153,0
88154,0
88157,1
88158,0
88159,1
88162,0
88170,0
88173,0
88175,0
88176,0
88181,0
88183,0
88184,0
88186,0
88189,0
88191,0
88193,0
88194,0
88195,1
88197,0
88198,0
88202,1
88206,0
88208,1
88215,1
88216,0
88224,0
88228,1
88231,0
88232,0
88233,1
88238,0
88240,1
88241,1
88243,0
88246,0
88249,0
88253,0
88254,0
88255,0
88261,1
88262,0
88264,0
88267,0
88268,1
88269,0
88271,1
88274,1
88275,1
88276,0
88281,0
88282,0
88283,1
88290,0
88293,0
88295,0
88299,0
88300,0
88301,1
88305,1
88308,1
88309,0
88311,0
88313,0
88315,0
88316,1
88320,0
88321,1
88324,0
88325,1
88329,1
88330,1
88331,1
88333,0
88334,1
88337,0
88339,0
88343,0
88345,0
88346,1
88347,1
88349,1
88351,0
88354,1
88364,0
88365,0
88366,1
88370,0
88371,0
88372,1
88376,0
88377,0
88379,1
88385,1
88386,1
88387,0
88389,0
88394,0
88395,0
88399,0
88402,0
88403,0
88407,1
88409,0
88411,0
88412,1
88416,1
88418,0
88422,0
88423,1
88429,1
88432,0
88434,1
88435,0
88436,1
88439,0
88440,0
88442,0
88445,1
88447,0
88448,1
88451,0
88452,0
88453,0
88460,1
88461,1
88462,1
88464,0
88465,0
88467,0
88468,1
88469,0
88470,0
88472,0
88473,0
88474,1
88476,1
88480,1
88483,0
88485,0
88486,0
88488,1
88490,1
88493,0
88495,1
88496,0
88497,0
88498,1
88500,1
88502,0
88503,1
88513,0
88516,0
88517,0
88518,1
88523,0
88526,0
88527,0
88529,1
88531,0
88532,0
88533,1
88535,0
88539,0
88543,1
88548,0
88549,0
88551,0
88553,0
88557,0
88562,0
88563,1
88564,0
88570,1
88572,1
88578,0
88579,0
88580,0
88581,0
88587,1
88588,0
88591,1
88593,0
88594,0
88597,1
88603,0
88605,0
88609,1
88613,1
88616,0
88619,1
88620,1
88621,0
88623,0
88625,0
88627,1
88628,0
88629,0
88630,1
88631,1
88633,0
88634,0
88635,1
88636,0
88638,0
88639,1
88640,0
88644,0
88647,0
88652,0
88653,1
88660,0
88661,0
88664,1
88666,0
88669,0
88670,0
88673,0
88679,1
88681,1
88684,0
88687,1
88692,1
88695,1
88696,1
88701,1
88702,0
88703,0
88707,0
88708,1
88709,0
88710,0
88711,0
88722,1
88723,0
88730,1
88732,0
88733,0
88739,0
88743,0
88745,1
88746,1
88747,1
88751,0
88753,0
88754,0
88755,0
88762,1
88763,1
88764,0
88765,1
88768,0
88771,1
88775,1
88777,0
88783,0
88788,0
88790,1
88793,0
88797,1
88799,1
88800,0
88801,0
88805,0
88812,0
88814,0
88816,0
88820,0
88821,0
88823,1
88824,1
88825,1
88826,0
88831,1
88832,1
88833,1
88834,1
88836,1
88838,1
88839,1
88842,0
88845,1
88847,0
88848,0
88850,1
88851,1
88855,0
88856,0
88857,1
88858,0
88862,1
88864,0
88866,0
88867,1
88870,0
88871,1
88874,0
88875,1
88876,1
88879,1
88883,0
88886,0
88889,0
88890,0
88892,0
88893,0
88895,1
88899,1
88902,1
88904,0
88909,1
88912,1
88913,0
88917,0
88918,1
88919,1
88920,0
88924,0
88926,0
88933,0
88934,0
88935,1
88937,0
88941,0
88943,1
88944,0
88946,0
88948,1
88952,1
88954,1
88956,0
88965,0
88967,1
88968,0
88969,0
88970,0
88971,1
88975,0
88980,0
88983,1
88985,1
88988,0
88992,1
88993,0
88994,1
88998,1
89004,1
89005,0
89007,0
89010,0
89011,1
89013,0
89014,1
89016,0
89017,1
89018,0
89022,1
89025,0
89029,0
89030,0
89032,0
89035,1
89037,1
89040,1
89041,0
89048,1
89049,0
89051,1
89057,0
89059,0
89060,1
89069,0
89070,0
89072,0
89077,1
89078,0
89079,1
89081,0
89084,0
89090,0
89091,1
89094,0
89096,0
89097,1
89100,1
89101,0
89102,1
89103,1
89105,0
89106,0
89107,1
89114,0
89115,0
89116,0
89117,0
89118,0
89120,1
89126,1
89130,0
89133,1
89135,1
89137,0
89139,1
89141,0
89143,0
89144,1
89147,0
89148,0
89153,1
89154,0
89155,0
89156,0
89157,0
89164,0
89165,1
89168,0
89170,0
89171,1
89172,1
89174,0
89176,0
89177,0
89178,0
89181,1
89185,0
89188,1
89189,0
89193,1
89196,1
89197,0
89200,1
89201,0
89202,0
89204,0
89205,0
89208,0
89211,0
89213,1
89217,1
89218,1
89221,0
89225,0
89228,0
89239,1
89244,0
89247,0
89252,0
89254,0
89260,0
89262,1
89263,0
89264,0
89268,0
89271,0
89272,0
89273,1
89275,0
89277,1
89278,0
89279,0
89281,1
89284,0
89286,0
89287,0
89288,1
89292,1
89294,1
89297,0
89298,1
89300,0
89303,0
89304,1
89307,0
89308,0
89310,0
89315,1
89321,0
89322,1
89324,0
89326,0
89333,1
89336,0
89337,1
89338,0
89340,1
89342,0
89346,1
89348,0
89352,1
89355,0
89356,0
89357,1
89359,0
89360,1
89363,0
89364,0
89378,0
89385,1
89386,0
89388,0
89389,0
89391,0
89392,0
89393,0
89397,0
89399,0
89401,1
89402,0
89406,1
89413,0
89415,0
89416,1
89418,0
89420,0
89423,0
89424,1
89427,0
89428,0
89432,1
89433,0
89436,1
89442,0
89443,0
89445,0
89446,0
89447,0
89449,1
89450,0
89451,1
89453,1
89456,0
89457,0
89460,0
89462,0
89464,0
89465,0
89467,1
89472,1
89474,1
89484,0
89485,0
89488,0
89489,0
89490,0
89491,0
89494,1
89497,0
89498,0
89504,0
89505,0
89506,0
89509,0
89510,0
89512,1
89515,0
89518,1
89520,0
89525,0
89526,1
89528,0
89540,1
89542,0
89546,0
89548,1
89550,0
89551,0
89564,1
89569,0
89573,1
89574,1
89576,0
89577,1
89581,1
89583,1
89587,1
89590,0
89593,0
89594,1
89595,1
89596,1
89598,0
89599,0
89603,1
89604,0
89605,1
89608,1
89610,1
89611,0
89616,0
89619,1
89621,1
89624,0
89625,0
89627,0
89629,1
89631,0
89635,1
89636,1
89637,0
89639,0
89640,0
89641,1
89642,0
89646,1
89648,0
89649,0
89650,0
89651,0
89652,1
89653,0
89655,0
89661,1
89662,0
89663,0
89665,1
89666,1
89671,1
89677,1
89681,1
89682,0
89684,0
89690,0
89691,1
89693,1
89694,1
89697,0
89698,0
89701,0
89704,1
89707,1
89710,0
89711,1
89712,0
89716,1
89719,1
89722,0
89726,1
89727,0
89730,0
89733,0
89734,0
89736,0
89738,0
89739,1
89740,1
89741,1
89744,0
89745,0
89748,1
89749,1
89755,0
89758,0
89762,0
89764,1
89765,1
89766,1
89767,0
89769,0
89770,0
89771,0
89775,1
89782,0
89785,1
89786,0
89790,0
89792,1
89793,1
89797,0
89800,0
89802,1
89809,0
89810,1
89814,0
89818,0
89819,0
89820,0
89829,0
89831,1
89832,1
89834,0
89835,0
89836,1
89838,0
89841,0
89842,1
89846,0
89849,0
89856,0
89858,1
89859,0
89861,1
89862,1
89864,1
89866,1
89867,0
89869,1
89878,1
89884,0
89886,1
89887,0
89890,1
89895,0
89906,0
89907,0
89908,0
89909,1
89914,0
89915,1
89916,0
89919,0
89920,1
89921,0
89922,0
89923,0
89924,1
89926,0
89930,1
89938,0
89940,0
89942,0
89944,1
89945,1
89946,0
89947,1
89948,0
89950,0
89952,0
89953,1
89955,0
89958,0
89959,0
89960,0
89962,0
89964,0
89966,0
89967,1
89972,1
89980,1
89985,0
89988,0
89990,0
89993,0
89995,0
89997,1
89998,0
90000,1
90001,0
90006,1
90007,0
90008,0
90010,1
90013,0
90016,0
90017,1
90018,1
90019,0
90027,0
90029,0
90032,0
90034,0
90036,0
90037,1
90039,0
90044,0
90048,1
90055,0
90058,1
90063,1
90065,1
90066,0
90068,1
90073,0
90078,0
90080,1
90081,1
90085,1
90086,1
90088,1
90089,0
90090,1
90091,0
90092,1
90093,0
90097,0
90099,0
90101,0
90102,1
90104,0
90108,0
90109,1
90116,0
90117,0
90118,0
90120,1
90121,0
90123,0
90131,0
90137,1
90141,0
90142,1
90145,0
90147,1
90150,0
90151,0
90152,0
90154,1
90158,0
90159,0
90160,1
90163,0
90166,1
90167,1
90168,1
90169,1
90172,0
90173,0
90174,0
90176,0
90180,1
90181,0
90184,0
90185,1
90187,1
90188,1
90189,1
90191,1
90192,0
90193,0
90194,0
90199,0
90201,1
90203,1
90204,0
90208,1
90210,1
90211,1
90213,0
90214,0
90218,0
90219,0
90220,0
90222,1
90224,0
90225,0
90229,0
90231,0
90232,0
90233,0
90235,0
90237,0
90241,0
90244,0
90245,0
90246,0
90248,0
90251,1
90253,1
90256,0
90261,1
90265,1
90267,1
90268,1
90273,0
90275,0
90282,1
90284,1
90285,0
90286,1
90287,1
90288,0
90289,0
90290,1
90299,0
90300,1
90302,1
90303,0
90307,0
90308,1
90309,0
90318,0
90319,0
90320,1
90326,0
90331,1
90332,1
90333,1
90335,1
90338,0
90340,0
90343,1
90344,0
90345,0
90353,0
90356,0
90357,0
90359,0
90360,0
90362,0
90363,0
90365,1
90367,0
90370,0
90372,0
90379,0
90384,1
90389,0
90392,0
90393,0
90396,0
90398,1
90403,0
90404,0
90410,0
90412,1
90413,1
90416,0
90419,0
90421,0
90422,1
90423,1
90426,1
90428,0
90431,0
90432,0
90436,1
90438,1
90441,0
90444,0
90449,1
90450,0
90452,1
90454,0
90458,0
90461,1
90463,1
90464,1
90465,0
90466,1
90467,1
90471,0
90472,1
90473,0
90475,1
90476,0
90477,1
90478,1
90482,1
90485,0
90486,1
90487,0
90488,0
90493,0
90496,1
90497,0
90502,1
90503,1
90505,1
90510,0
90511,0
90512,1
90513,0
90523,1
90525,1
90526,0
90527,0
90528,0
90530,1
90532,0
90535,1
90540,0
90541,0
90542,0
90545,0
90546,0
90547,0
90550,0
90553,1
90556,0
90557,1
90562,0
90564,0
90565,0
90567,1
90569,1
90571,1
90572,1
90573,0
90574,0
90575,1
90581,0
90583,1
90586,0
90587,0
90588,1
90591,1
90592,0
90594,1
90597,0
90598,1
90599,1
90600,0
90604,0
90605,0
90606,1
90611,1
90617,1
90620,0
90624,1
90625,1
90626,1
90628,1
90630,1
90631,1
90638,1
90639,1
90645,0
90647,1
90648,0
90653,0
90656,1
90662,1
90664,0
90665,0
90666,0
90667,1
90669,0
90671,0
90672,0
90675,1
90676,1
90678,0
90681,0
90682,1
90684,1
90685,1
90686,1
90687,1
90688,0
90689,0
90690,0
90693,0
90697,0
90698,0
90702,1
90703,1
90707,0
90708,1
90716,0
90718,0
90728,1
90729,0
90730,1
90731,1
90733,1
90734,0
90737,0
90738,1
90742,1
90747,0
90749,0
90750,1
90751,0
90752,1
90753,0
90754,1
90763,0
90764,1
90766,1
90767,0
90771,0
90773,1
90774,1
90777,1
90778,1
90782,1
90786,1
90787,1
90788,0
90790,0
90791,1
90795,0
90796,0
90797,0
90798,0
90802,0
90803,0
90804,1
90806,0
90809,0
90818,1
90825,1
90827,0
90829,0
90830,1
90831,1
90832,0
90833,0
90836,1
90842,1
90843,1
90844,1
90846,0
90852,1
90854,0
90857,0
90858,0
90860,1
90863,1
90869,0
90871,1
90874,1
90875,0
90877,0
90878,1
90882,0
90884,1
90886,0
90887,1
90890,0
90892,1
90893,0
90899,0
90900,1
90903,1
90904,0
90906,1
90909,0
90910,1
90912,0
90913,0
90915,0
90917,0
90918,1
90919,1
90924,0
90925,1
90926,1
90927,1
90929,1
90933,1
90934,0
90935,1
90939,0
90942,0
90944,1
90951,0
90953,0
90957,1
90959,1
90961,0
90962,0
90965,0
90967,1
90971,0
90972,0
90973,0
90976,0
90983,0
90984,0
90987,0
90988,1
90992,1
90994,1
90995,1
90997,1
90998,1
90999,1
91000,1
91001,1
91002,1
91003,1
91004,0
91007,0
91010,0
91011,0
91014,0
91016,1
91019,1
91026,1
91032,1
91037,0
91039,1
91040,0
91045,1
91047,0
91048,0
91049,0
91052,0
91055,1
91059,1
91064,1
91065,0
91066,1
91069,1
91070,0
91072,1
91074,1
91075,1
91076,0
91078,1
91080,1
91084,0
91086,0
91087,1
91088,0
91089,0
91096,1
91101,1
91103,0
91106,0
91109,1
91110,0
91112,0
91114,0
91120,1
91126,0
91130,0
91131,1
91133,1
91139,1
91142,0
91144,1
91145,0
91146,0
91148,0
91149,1
91151,0
91155,1
91158,0
91162,1
91164,0
91167,0
91168,1
91171,0
91173,0
91175,1
91180,1
91181,0
91182,1
91185,1
91188,0
91190,0
91193,0
91196,1
91198,1
91201,0
91203,1
91208,0
91209,1
91212,0
91213,0
91214,1
91219,0
91229,0
91233,1
91239,0
91243,1
91246,0
91247,0
91250,0
91253,0
91258,0
91259,1
91262,0
91264,0
91267,0
91270,0
91272,0
91273,0
91275,1
91279,1
91281,0
91283,1
91284,1
91287,1
91288,0
91292,1
91298,0
91299,0
91300,0
91304,0
91306,0
91307,0
91308,0
91309,0
91311,0
91314,1
91315,0
91321,1
91323,1
91324,0
91325,1
91329,0
91334,1
91335,0
91338,1
91339,1
91340,0
91342,0
91345,1
91347,0
91350,1
91351,1
91352,0
91355,1
91356,0
91358,0
91362,1
91366,0
91367,1
91368,0
91369,0
91373,1
91375,1
91378,1
91385,1
91387,1
91391,1
91392,0
91393,0
91394,0
91395,0
91396,1
91397,0
91398,1
91400,0
91401,1
91402,0
91404,0
91405,0
91406,1
91408,1
91409,0
91410,0
91414,0
91415,0
91420,1
91421,1
91424,0
91426,0
91429,0
91430,0
91431,1
91433,1
91435,1
91436,1
91441,1
91442,0
91445,0
91451,0
91456,1
91458,0
91459,1
91460,0
91467,1
91469,1
91471,0
91479,1
91484,1
91485,1
91486,0
91487,1
91489,0
91492,0
91496,0
91497,0
91503,0
91508,1
91509,1
91513,0
91517,1
91523,0
91525,1
91526,0
91527,1
91530,1
91531,0
91536,0
91537,1
91541,1
91550,0
91551,1
91557,0
91558,1
91566,1
91567,1
91571,1
91572,0
91574,0
91575,1
91582,0
91584,0
91587,0
91591,1
91593,0
91599,1
91600,1
91607,0
91610,0
91615,0
91617,0
91621,0
91624,1
91627,1
91631,1
91632,0
91636,1
91637,0
91640,1
91642,0
91648,0
91650,0
91651,1
91656,1
91660,1
91665,1
91667,0
91668,1
91673,0
91674,0
91681,0
91683,0
91686,0
91688,1
91690,0
91693,1
91694,0
91695,1
91697,0
91698,1
91699,1
91702,0
91704,0
91705,0
91706,0
91707,1
91708,0
91709,0
91714,1
91715,0
91723,0
91725,1
91726,1
91731,0
91732,1
91733,0
91734,0
91738,0
91739,0
91741,0
91743,0
91747,0
91749,1
91751,0
91753,1
91760,1
91762,0
91765,0
91766,1
91769,1
91773,0
91775,0
91776,1
91777,0
91778,1
91779,0
91780,0
91782,0
91783,1
91784,0
91786,1
91795,1
91796,0
91798,1
91799,0
91802,0
91807,0
91809,0
91810,0
91811,1
91812,0
91823,1
91824,1
91826,1
91828,0
91829,0
91831,0
91834,0
91837,1
91841,1
91842,1
91843,0
91844,0
91846,0
91848,0
91849,1
91850,0
91852,1
91855,0
91861,0
91864,0
91866,0
91872,0
91873,0
91878,0
91881,1
91884,0
91886,0
91891,1
91894,1
91896,1
91897,0
91899,1
91900,1
91901,1
91903,0
91904,1
91906,0
91907,0
91908,1
91911,1
91912,0
91917,1
91921,1
91922,0
91930,1
91932,0
91935,0
91937,1
91938,0
91939,1
91941,0
91942,1
91945,1
91947,0
91948,1
91950,1
91951,1
91953,0
91955,0
91957,1
91958,1
91960,1
91965,1
91967,0
91968,1
91970,0
91971,0
91972,0
91974,1
91975,0
91980,0
91982,0
91984,1
91985,0
91988,0
91990,0
91992,1
91993,1
91994,0
91995,1
91998,0
92005,0
92012,0
92013,0
92014,1
92015,0
92020,1
92023,1
92024,0
92027,0
92028,1
92029,0
92033,1
92034,0
92035,0
92037,1
92039,1
92042,1
92048,0
92054,1
92055,0
92057,1
92061,0
92062,1
92063,1
92066,1
92067,0
92077,0
92078,1
92080,1
92085,0
92086,0
92092,1
92093,0
92095,0
92099,0
92103,0
92106,0
92107,0
92108,1
92110,0
92113,1
92117,0
92121,0
92129,1
92131,0
92132,0
92134,0
92135,0
92139,0
92140,1
92142,1
92146,1
92147,0
92153,0
92156,0
92157,1
92161,0
92163,0
92164,0
92166,0
92168,1
92169,0
92170,1
92180,0
92185,0
92187,1
92189,1
92191,1
92193,1
92196,1
92198,0
92199,1
92200,1
92201,0
92202,0
92203,0
92205,0
92207,1
92215,0
92221,0
92226,0
92228,0
92235,1
92236,1
92237,0
92238,0
92243,1
92244,1
92249,1
92251,0
92255,0
92256,0
92258,0
92260,0
92263,0
92266,1
92272,1
92274,1
92276,0
92277,1
92285,1
92287,0
92292,1
92293,1
92294,1
92295,1
92296,0
92298,1
92299,1
92300,1
92301,1
92303,1
92304,0
92305,0
92306,0
92308,1
92310,1
92314,1
92316,0
92317,0
92318,0
92324,0
92328,0
92330,0
92333,0
92334,0
92335,0
92338,1
92340,0
92341,0
92343,1
92345,1
92349,1
92352,0
92356,0
92357,0
92364,1
92365,0
92367,0
92369,0
92371,0
92372,0
92373,1
92380,0
92381,1
92389,1
92390,1
92392,0
92397,1
92398,1
92399,1
92401,0
92404,1
92405,1
92407,1
92412,0
92413,0
92415,0
92417,1
92422,0
92423,0
92428,0
92436,1
92440,0
92442,1
92443,1
92444,0
92446,0
92448,1
92451,1
92454,0
92455,1
92456,0
92459,0
92461,0
92463,1
92470,0
92472,0
92475,0
92477,1
92479,1
92482,0
92483,0
92485,1
92486,0
92489,0
92491,0
92494,1
92496,1
92499,0
92503,1
92508,1
92509,0
92513,1
92514,0
92518,1
92519,0
92522,0
92527,1
92528,1
92529,1
92531,0
92533,0
92534,0
92536,1
92541,0
92542,1
92543,0
92544,0
92549,0
92552,1
92554,0
92556,0
92559,1
92560,1
92563,0
92564,0
92565,1
92566,1
92568,0
92569,1
92571,1
92573,0
92574,0
92578,1
92585,1
92586,1
92590,1
92592,1
92594,0
92596,1
92598,0
92599,1
92600,1
92603,1
92605,1
92606,0
92609,1
92611,0
92612,0
92614,0
92616,0
92617,0
92620,0
92623,0
92624,0
92625,0
92627,0
92629,1
92630,0
92634,0
92635,0
92636,1
92639,0
92641,1
92642,1
92646,1
92649,1
92655,1
92656,0
92659,0
92661,1
92664,0
92665,0
92666,1
92672,0
92673,1
92676,1
92677,1
92680,1
92681,0
92682,0
92683,1
92685,0
92688,0
92689,0
92690,1
92693,1
92694,0
92696,0
92698,1
92699,0
92700,1
92701,1
92706,1
92707,0
92713,1
92715,1
92722,0
92724,1
92728,1
92734,0
92735,0
92736,1
92738,1
92742,0
92745,0
92746,0
92749,0
92758,1
92759,1
92764,1
92766,0
92769,0
92770,1
92771,0
92776,1
92780,0
92785,1
92790,0
92793,0
92794,1
92795,0
92796,0
92797,0
92802,1
92805,0
92806,0
92807,0
92812,1
92816,0
92818,0
92819,0
92820,0
92821,1
92822,1
92826,1
92827,0
92830,1
92832,0
92833,1
92835,0
92837,0
92838,0
92843,1
92845,0
92850,1
92851,0
92854,1
92855,1
92860,1
92861,0
92864,0
92869,0
92870,1
92872,0
92878,1
92881,1
92885,0
92886,1
92888,0
92895,0
92896,1
92899,0
92901,0
92903,0
92907,0
92911,0
92912,1
92913,0
92914,1
92920,1
92922,0
92923,0
92924,0
92927,0
92928,0
92929,0
92930,0
92931,1
92932,1
92933,1
92935,0
92937,1
92938,0
92939,0
92945,1
92946,1
92954,1
92956,1
92958,0
92961,0
92963,1
92966,1
92970,0
92973,0
92977,0
92978,0
92979,1
92984,0
92989,0
92991,0
92994,0
92996,1
93002,1
93003,0
93004,0
93008,1
93018,1
93019,0
93023,1
93026,1
93029,1
93030,0
93032,0
93033,0
93034,1
93035,0
93036,1
93039,0
93041,0
93044,0
93046,1
93048,0
93049,0
93057,0
93059,0
93063,0
93065,1
93066,1
93070,0
93071,1
93075,1
93077,0
93078,1
93081,0
93085,0
93087,0
93088,0
93093,0
93095,1
93097,0
93098,0
93101,0
93103,0
93104,0
93106,0
93111,1
93112,1
93113,1
93114,1
93115,0
93117,1
93121,1
93123,0
93124,0
93129,0
93133,0
93134,1
93135,0
93139,1
93140,0
93143,0
93144,0
93146,1
93147,0
93148,0
93152,0
93153,0
93154,0
93158,0
93162,0
93164,1
93165,0
93168,1
93171,1
93173,0
93178,0
93179,0
93181,0
93182,0
93184,1
93187,0
93191,1
93195,0
93197,0
93202,0
93207,0
93208,0
93210,0
93216,0
93217,1
93218,0
93221,1
93224,0
93225,1
93227,0
93228,0
93233,0
93234,1
93237,0
93239,1
93240,0
93241,1
93245,0
93248,1
93250,1
93253,0
93261,1
93269,0
93270,0
93271,0
93274,0
93276,0
93278,0
93282,1
93285,0
93292,0
93293,0
93294,1
93297,1
93299,0
93300,0
93308,0
93309,0
93312,0
93313,0
93316,0
93319,1
93320,0
93324,1
93327,0
93332,1
93333,0
93336,0
93337,0
93338,0
93340,1
93346,1
93352,1
93353,0
93355,0
93357,1
93359,1
93362,1
93368,0
93372,1
93373,1
93374,1
93376,1
93379,1
93385,0
93395,0
93397,1
93398,0
93399,1
93403,1
93406,0
93407,0
93413,1
93417,0
93418,0
93421,1
93422,1
93425,0
93429,0
93431,1
93432,1
93433,0
93434,1
93435,1
93440,1
93442,1
93445,0
93451,0
93452,0
93455,1
93462,0
93463,1
93466,1
93467,0
93468,0
93469,1
93471,1
93480,1
93481,1
93482,1
93484,1
93485,1
93486,1
93488,0
93489,1
93490,0
93492,0
93494,0
93495,0
93496,0
93497,1
93500,0
93501,0
93502,1
93503,1
93505,1
93506,1
93508,1
93509,0
93511,1
93512,1
93523,1
93527,1
93529,0
93530,0
93531,0
93532,0
93535,0
93537,1
93545,1
93549,0
93556,1
93560,1
93561,0
93562,1
93564,1
93565,1
93566,0
93570,1
93574,0
93576,0
93578,0
93579,0
93580,1
93582,1
93584,0
93585,0
93586,0
93587,0
93592,1
93593,0
93594,0
93598,0
93599,1
93606,0
93607,0
93608,0
93609,1
93610,0
93611,1
93615,0
93616,1
93617,1
93618,0
93619,0
93620,0
93622,1
93625,0
93627,1
93628,0
93629,1
93630,0
93631,1
93633,0
93640,0
93641,0
93645,0
93646,0
93647,0
93648,0
93650,0
93651,1
93652,1
93660,0
93662,0
93663,0
93666,0
93668,1
93670,1
93671,0
93672,0
93674,0
93675,1
93676,0
93677,0
93679,0
93681,0
93682,0
93683,0
93686,0
93687,0
93688,1
93690,0
93692,0
93693,1
93694,0
93697,0
93700,0
93701,0
93702,1
93706,0
93707,1
93709,0
93710,0
93715,0
93719,1
93721,1
93724,0
93725,0
93728,0
93729,0
93735,0
93738,1
93740,0
93745,0
93746,1
93754,1
93756,1
93760,0
93769,1
93773,0
93776,0
93777,0
93778,0
93779,1
93780,1
93782,0
93783,1
93787,0
93793,1
93794,0
93799,0
93802,1
93803,0
93806,1
93807,0
93810,1
93812,0
93813,1
93814,1
93821,1
93823,0
93824,0
93827,1
93829,0
93831,1
93834,0
93836,0
93840,0
93842,0
93844,0
93853,0
93856,0
93857,1
93858,1
93860,0
93861,0
93862,1
93863,0
93865,1
93866,0
93870,0
93881,1
93882,1
93887,0
93889,0
93891,1
93900,1
93904,1
93905,0
93911,1
93913,1
93914,0
93918,1
93919,0
93921,1
93924,0
93925,0
93928,0
93929,1
93931,0
93934,1
93935,0
93938,0
93940,0
93942,1
93943,0
93949,1
93950,0
93955,0
93957,1
93958,0
93962,0
93969,0
93971,1
93977,1
93978,0
93980,1
93982,1
93985,0
93986,0
93988,0
93989,0
93994,0
93996,0
93997,0
93998,0
94000,1
94001,0
94002,1
94004,0
94005,1
94007,0
94009,1
94010,1
94012,1
94013,0
94017,1
94020,1
94021,0
94023,0
94024,0
94026,0
94027,0
94031,1
94033,0
94034,0
94035,1
94036,1
94045,0
94046,0
94047,0
94050,0
94052,0
94055,0
94058,1
94060,1
94061,0
94064,0
94065,0
94066,0
94067,0
94068,1
94069,0
94078,0
94082,0
94091,0
94094,0
94095,1
94096,0
94097,0
94102,0
94104,0
94106,0
94109,0
94110,1
94114,0
94116,1
94117,0
94120,0
94122,1
94123,0
94128,1
94131,1
94132,0
94133,0
94135,1
94145,1
94147,1
94148,0
94150,0
94153,1
94157,0
94159,1
94160,1
94162,0
94163,0
94165,1
94168,0
94169,1
94171,1
94173,1
94174,1
94175,0
94176,1
94177,0
94182,1
94185,1
94189,0
94192,0
94193,0
94199,1
94200,0
94205,1
94206,0
94207,1
94208,1
94210,1
94211,0
94215,0
94216,0
94217,0
94220,0
94225,1
94226,0
94227,1
94228,0
94229,1
94230,1
94231,0
94232,0
94235,1
94240,0
94241,1
94242,0
94243,0
94244,1
94246,1
94247,0
94248,0
94252,0
94253,0
94257,0
94258,1
94261,1
94263,0
94264,0
94265,0
94267,1
94268,0
94285,0
94286,0
94287,0
94288,1
94289,0
94292,0
94294,1
94295,0
94296,0
94297,0
94298,0
94299,1
94303,1
94323,1
94324,1
94326,0
94328,1
94329,0
94331,0
94332,0
94334,1
94335,0
94341,0
94347,1
94348,0
94350,0
94351,1
94355,0
94357,1
94366,1
94375,0
94378,0
94379,0
94381,1
94382,1
94383,1
94385,1
94386,1
94389,0
94390,1
94392,0
94403,0
94406,0
94407,0
94409,1
94410,1
94411,1
94412,0
94417,1
94419,0
94420,0
94425,0
94430,0
94434,0
94435,1
94437,0
94441,1
94442,1
94445,0
94446,0
94447,0
94450,0
94451,0
94453,0
94456,0
94458,1
94459,0
94460,1
94463,1
94466,0
94470,1
94472,0
94479,0
94480,1
94484,0
94487,1
94488,0
94489,1
94493,0
94499,0
94501,0
94502,1
94504,1
94508,1
94510,0
94511,0
94517,0
94521,1
94529,1
94535,0
94541,0
94543,0
94544,0
94546,1
94548,1
94550,0
94552,0
94553,0
94556,0
94559,0
94560,1
94562,1
94563,1
94564,0
94566,0
94571,1
94575,0
94584,0
94585,0
94587,1
94588,0
94594,0
94595,1
94596,0
94599,1
94600,0
94601,0
94602,0
94604,0
94605,1
94609,0
94613,0
94614,1
94615,1
94619,0
94620,1
94621,0
94623,0
94626,0
94628,0
94631,1
94635,0
94636,0
94638,0
94642,0
94644,0
94645,0
94647,0
94649,0
94655,0
94657,1
94664,1
94665,1
94666,1
94670,1
94671,0
94672,0
94674,1
94677,0
94681,0
94682,0
94683,1
94686,0
94691,0
94692,0
94693,1
94699,0
94700,0
94703,0
94705,0
94706,1
94707,0
94708,0
94712,0
94716,1
94719,0
94720,0
94721,1
94724,0
94725,0
94726,0
94728,0
94729,0
94730,0
94733,1
94735,0
94736,0
94739,0
94741,0
94744,0
94745,0
94751,0
94753,0
94757,0
94758,1
94768,0
94773,1
94774,0
94775,1
94777,0
94778,1
94780,0
94782,1
94789,0
94790,0
94792,0
94794,0
94801,0
94802,1
94805,0
94811,0
94815,1
94821,1
94823,1
94826,0
94827,1
94830,1
94831,0
94832,0
94833,0
94836,0
94842,1
94843,1
94844,0
94845,1
94846,0
94847,0
94853,0
94854,0
94855,0
94856,0
94863,1
94866,0
94868,1
94869,0
94871,1
94872,0
94876,0
94880,0
94891,0
94892,0
94893,1
94894,1
94896,1
94898,0
94900,0
94901,1
94905,0
94906,0
94908,1
94909,0
94914,0
94916,0
94917,0
94918,1
94920,0
94921,1
94923,0
94927,1
94929,0
94930,1
94931,1
94932,0
94935,0
94937,0
94941,0
94942,1
94944,1
94949,0
94950,0
94951,0
94958,0
94963,1
94965,0
94967,1
94968,1
94969,1
94971,1
94975,1
94976,1
94978,1
94980,0
94982,0
94983,1
94986,1
94988,1
94989,1
94990,0
94992,1
94993,0
94994,0
94996,0
94998,1
95000,1
95001,1
95002,1
95003,0
95011,0
95012,0
95016,1
95019,0
95020,1
95021,0
95023,0
95024,0
95027,1
95031,1
95033,1
95034,1
95040,0
95043,1
95046,1
95047,1
95048,0
95049,1
95050,1
95051,0
95052,0
95053,0
95055,1
95058,0
95063,0
95064,0
95068,0
95069,1
95071,0
95073,0
95074,0
95076,0
95077,0
95078,0
95081,0
95082,0
95083,0
95084,0
95090,1
95092,1
95098,0
95111,0
95115,0
95120,1
95122,1
95123,1
95124,0
95128,0
95129,1
95130,0
95133,1
95136,1
95137,0
95141,0
95143,1
95145,0
95146,0
95151,1
95153,0
95157,1
95161,0
95162,1
95169,0
95171,0
95173,0
95174,1
95176,1
95177,0
95180,1
95182,1
95184,1
95187,1
95188,0
95189,0
95191,1
95193,1
95194,0
95196,1
95200,0
95201,1
95202,0
95208,1
95211,1
95212,0
95217,1
95219,1
95220,0
95221,0
95223,1
95224,0
95226,0
95229,0
95237,0
95238,1
95240,0
95243,0
95246,0
95249,1
95251,1
95253,1
95254,0
95255,0
95256,0
95259,0
95261,1
95262,0
95267,1
95268,0
95272,0
95274,1
95281,1
95283,0
95284,1
95287,1
95289,1
95290,1
95291,0
95292,1
95293,0
95298,0
95302,0
95308,0
95309,0
95313,1
95315,0
95316,0
95318,0
95320,0
95326,0
95327,1
95336,0
95338,0
95339,1
95340,0
95341,0
95342,1
95343,1
95345,1
95349,0
95351,0
95352,1
95357,0
95359,0
95360,0
95361,1
95362,1
95364,0
95366,0
95368,1
95369,0
95376,1
95380,1
95384,0
95386,0
95388,1
95389,1
95392,1
95395,1
95398,1
95400,1
95401,0
95404,1
95405,0
95406,1
95409,1
95413,1
95415,0
95416,0
95420,1
95421,0
95422,0
95424,1
95428,1
95429,0
95430,1
95433,1
95435,0
95436,1
95438,0
95441,0
95442,1
95444,0
95446,0
95451,1
95453,1
95456,0
95458,0
95460,0
95463,1
95466,0
95468,1
95469,0
95470,1
95471,0
95474,1
95475,0
95476,1
95477,0
95478,1
95479,1
95480,1
95482,1
95483,0
95485,0
95486,0
95487,1
95490,0
95492,1
95496,1
95498,0
95499,1
95500,1
95501,0
95503,1
95507,0
95509,0
95511,0
95515,1
95517,1
95522,1
95523,1
95525,1
95526,0
95530,0
95534,0
95543,1
95544,1
95546,1
95549,0
95550,1
95552,0
95553,1
95554,1
95556,0
95558,0
95559,1
95560,1
95562,0
95563,0
95564,1
95566,1
95570,0
95576,1
95577,0
95579,1
95589,0
95590,1
95591,1
95592,1
95598,1
95602,0
95603,0
95605,0
95609,0
95610,1
95611,1
95612,1
95613,0
95615,0
95621,0
95622,1
95641,1
95649,0
95650,1
95651,1
95654,0
95658,0
95660,0
95662,0
95664,0
95665,0
95674,1
95675,0
95677,0
95679,0
95682,0
95685,1
95686,0
95689,1
95690,1
95691,0
95692,0
95693,1
95696,1
95697,1
95698,1
95699,0
95702,0
95704,1
95706,1
95707,0
95711,0
95713,0
95716,0
95718,1
95719,1
95721,0
95725,0
95727,0
95728,1
95729,1
95731,1
95732,1
95733,0
95738,1
95747,1
95749,0
95751,0
95754,0
95755,1
95757,0
95758,1
95759,1
95761,0
95762,0
95763,0
95766,0
95768,0
95769,1
95779,1
95782,1
95784,1
95785,1
95789,0
95793,0
95794,1
95795,1
95798,1
95799,0
95800,0
95804,0
95805,0
95806,1
95808,1
95809,1
95811,1
95816,0
95818,1
95822,1
95823,1
95825,1
95827,1
95829,0
95834,1
95835,1
95838,1
95841,0
95842,1
95844,0
95845,1
95847,1
95849,1
95851,0
95852,0
95853,0
95856,1
95859,1
95860,1
95862,0
95868,1
95874,1
95875,1
95877,1
95878,1
95880,0
95882,0
95883,0
95885,1
95886,0
95890,1
95892,1
95894,1
95899,1
95901,0
95903,0
95908,0
95909,1
95911,1
95912,1
95917,1
95921,0
95924,0
95930,0
95931,0
95933,0
95934,1
95935,0
95937,1
95944,0
95946,0
95947,0
95948,0
95954,1
95955,1
95960,0
95961,0
95963,1
95965,1
95967,0
95968,0
95970,1
95971,1
95976,0
95978,0
95980,1
95983,1
95984,0
95985,0
95986,0
95995,0
95998,1
95999,0
96007,1
96008,1
96009,1
96014,1
96016,0
96019,1
96024,1
96025,0
96026,1
96032,0
96034,1
96035,0
96037,1
96039,0
96044,1
96045,1
96046,0
96051,1
96054,0
96056,1
96063,1
96064,0
96066,1
96067,1
96068,1
96071,0
96075,0
96079,0
96082,0
96083,0
96089,0
96094,0
96096,0
96097,0
96103,1
96104,0
96105,0
96106,1
96110,1
96113,0
96121,0
96124,1
96130,0
96139,0
96140,0
96142,1
96143,1
96144,1
96145,1
96147,0
96150,1
96151,1
96153,1
96155,0
96156,1
96159,1
96161,0
96165,0
96170,1
96171,1
96173,1
96174,1
96182,0
96183,0
96186,1
96187,0
96190,0
96198,0
96199,0
96200,0
96203,1
96207,0
96213,0
96214,1
96215,0
96224,1
96225,1
96226,1
96231,1
96238,1
96243,1
96244,0
96245,1
96246,1
96248,1
96250,0
96254,0
96255,1
96258,0
96259,0
96262,0
96267,0
96268,0
96271,1
96272,0
96273,1
96274,0
96279,0
96281,0
96282,0
96283,0
96284,1
96288,0
96289,0
96290,1
96291,0
96292,1
96294,0
96295,0
96296,0
96297,0
96300,0
96301,1
96303,1
96309,1
96311,0
96313,1
96315,0
96318,0
96320,0
96324,0
96325,0
96326,1
96335,1
96336,0
96337,0
96342,0
96343,0
96345,0
96346,0
96350,0
96351,1
96355,1
96368,0
96375,0
96376,0
96381,1
96382,0
96383,0
96386,1
96387,1
96389,1
96391,0
96394,0
96399,1
96404,0
96413,0
96417,0
96418,0
96421,1
96423,0
96425,1
96428,0
96429,0
96432,0
96436,0
96437,0
96442,1
96443,0
96444,1
96446,0
96451,0
96455,0
96461,1
96464,1
96468,0
96471,1
96473,1
96477,1
96479,1
96481,1
96483,1
96485,0
96490,1
96491,0
96493,1
96495,0
96496,1
96505,1
96506,1
96512,0
96515,0
96516,0
96518,1
96519,1
96520,1
96524,1
96527,0
96531,1
96532,1
96535,0
96536,0
96544,0
96550,1
96554,0
96564,1
96565,1
96566,0
96567,0
96574,0
96579,0
96580,0
96583,0
96586,1
96587,1
96590,1
96593,0
96594,0
96596,1
96599,0
96604,0
96611,1
96614,0
96629,0
96630,0
96631,0
96633,1
96636,1
96638,1
96640,0
96645,0
96647,0
96652,0
96653,1
96656,1
96657,0
96661,0
96663,1
96664,0
96666,0
96669,0
96671,1
96675,0
96677,1
96678,1
96681,0
96684,0
96690,0
96693,1
96694,1
96697,0
96698,1
96700,1
96703,0
96704,0
96705,0
96706,0
96709,0
96716,1
96718,1
96720,1
96721,1
96723,1
96724,1
96727,0
96729,0
96734,0
96735,0
96739,1
96741,1
96743,1
96744,0
96745,0
96746,1
96748,1
96752,1
96755,0
96756,1
96757,0
96759,0
96765,1
96767,1
96769,1
96770,0
96772,1
96774,1
96775,0
96776,0
96784,1
96785,1
96787,0
96788,1
96789,1
96792,0
96794,1
96796,1
96798,0
96799,1
96801,1
96804,1
96807,0
96808,0
96809,1
96811,0
96812,0
96822,1
96823,1
96828,0
96830,1
96831,0
96833,0
96834,0
96839,1
96840,0
96843,1
96844,0
96845,1
96853,1
96856,1
96858,0
96860,1
96867,0
96868,0
96873,0
96874,1
96879,0
96880,0
96882,0
96883,1
96888,1
96889,1
96890,1
96891,0
96893,0
96894,0
96895,0
96898,0
96899,1
96902,0
96905,1
96907,1
96908,0
96910,1
96912,0
96913,1
96916,1
96917,1
96925,1
96936,0
96940,0
96942,0
96948,0
96952,1
96953,0
96954,1
96955,0
96957,0
96959,1
96962,0
96963,0
96965,0
96966,1
96967,0
96970,0
96971,0
96975,0
96976,1
96978,0
96980,0
96981,0
96983,0
96986,1
96987,0
96988,1
96990,1
96997,1
96998,1
96999,1
97004,1
97007,1
97008,1
97010,0
97012,0
97014,0
97016,1
97020,1
97022,0
97023,1
97024,0
97025,1
97026,0
97028,0
97030,1
97031,0
97033,0
97034,0
97036,1
97038,1
97043,0
97047,1
97048,1
97054,0
97055,1
97057,0
97058,1
97061,0
97065,0
97069,1
97072,1
97077,0
97079,1
97082,1
97084,0
97090,1
97091,0
97092,1
97095,1
97100,0
97102,0
97104,0
97106,0
97107,0
97109,0
97111,1
97112,1
97119,1
97120,1
97121,0
97125,0
97128,1
97129,0
97132,1
97134,1
97137,0
97140,0
97145,0
97146,1
97147,0
97153,0
97157,0
97158,1
97162,0
97167,0
97169,1
97170,1
97173,0
97175,1
97176,0
97180,1
97181,0
97182,1
97186,0
97187,1
97189,0
97190,0
97194,1
97196,1
97198,1
97202,1
97203,0
97205,0
97208,1
97209,0
97210,0
97211,0
97212,0
97214,0
97215,0
97217,0
97218,0
97219,1
97225,1
97231,1
97234,1
97235,1
97236,0
97238,1
97239,1
97240,0
97241,1
97242,1
97243,0
97244,0
97246,1
97249,0
97252,1
97255,1
97259,0
97260,1
97261,0
97269,0
97273,1
97274,1
97277,1
97279,1
97281,1
97282,0
97283,1
97284,1
97285,0
97286,0
97289,0
97290,0
97291,1
97293,0
97294,1
97296,0
97300,0
97301,1
97302,0
97304,0
97307,1
97310,1
97312,1
97314,0
97317,1
97319,0
97321,0
97326,1
97327,1
97329,0
97332,1
97335,0
97338,0
97341,0
97343,0
97347,1
97349,1
97351,1
97354,0
97357,0
97361,1
97363,1
97364,1
97366,1
97368,1
97369,1
97370,1
97371,0
97373,1
97376,1
97378,0
97380,0
97382,0
97383,1
97387,1
97388,1
97389,0
97393,0
97396,1
97398,1
97402,1
97403,0
97409,0
97410,1
97412,1
97413,0
97414,1
97415,0
97421,1
97422,1
97425,1
97428,0
97431,1
97433,0
97434,1
97436,1
97437,1
97438,0
97439,0
97440,0
97441,1
97446,1
97448,1
97449,0
97450,0
97451,0
97453,1
97461,0
97462,1
97466,1
97467,1
97469,0
97471,0
97473,1
97474,0
97476,0
97477,1
97478,1
97480,1
97481,0
97482,1
97490,1
97491,1
97494,0
97495,0
97496,1
97497,0
97499,0
97500,1
97506,1
97507,1
97510,0
97516,0
97517,1
97518,1
97519,1
97520,0
97522,1
97524,1
97525,1
97526,0
97531,1
97532,1
97533,0
97535,0
97539,1
97540,0
97541,0
97550,0
97552,1
97554,0
97555,0
97559,1
97560,0
97566,0
97567,1
97571,1
97572,1
97575,1
97576,0
97577,0
97578,0
97580,1
97582,1
97586,0
97587,1
97593,0
97594,0
97596,0
97599,0
97600,0
97601,0
97604,1
97605,1
97610,1
97612,1
97613,1
97615,1
97621,1
97625,1
97627,0
97629,1
97634,0
97635,1
97636,0
97639,1
97642,0
97644,1
97649,1
97653,1
97655,0
97658,1
97659,1
97660,0
97662,0
97667,1
97668,0
97672,1
97682,0
97684,0
97687,0
97688,1
97690,1
97691,0
97692,1
97695,0
97696,0
97699,0
97701,0
97706,1
97707,0
97709,0
97710,0
97713,1
97714,1
97715,1
97716,0
97717,1
97718,0
97721,0
97724,1
97726,0
97728,1
97729,1
97731,1
97732,1
97733,1
97734,0
97736,1
97739,1
97742,1
97747,0
97749,0
97750,1
97751,0
97752,0
97759,0
97763,1
97765,0
97767,0
97768,1
97769,1
97771,1
97772,1
97778,0
97782,0
97786,1
97787,0
97788,1
97789,0
97791,0
97797,1
97799,1
97800,1
97801,0
97805,1
97809,0
97811,1
97815,1
97816,0
97818,1
97820,0
97821,0
97822,0
97826,0
97827,1
97828,0
97829,0
97832,0
97833,1
97834,1
97837,1
97839,1
97840,1
97841,1
97842,1
97846,1
97847,0
97851,0
97852,0
97853,1
97861,1
97865,1
97866,1
97870,0
97873,0
97875,0
97876,0
97877,1
97879,0
97882,1
97884,0
97887,0
97888,0
97895,1
97896,1
97899,0
97900,0
97903,0
97904,1
97908,0
97910,0
97913,0
97919,0
97921,0
97925,0
97928,0
97930,1
97931,1
97935,1
97937,1
97938,0
97939,0
97941,1
97943,1
97944,1
97950,1
97951,1
97953,1
97958,1
97959,1
97961,1
97962,1
97963,1
97966,1
97969,0
97972,0
97975,0
97976,1
97977,0
97978,0
97979,0
97980,1
97983,0
97985,0
97988,0
97989,0
97992,1
97995,1
97998,0
97999,0
98001,1
98002,1
98005,0
98007,0
98008,0
98011,0
98013,0
98015,1
98017,0
98022,1
98024,0
98025,1
98027,1
98030,1
98031,1
98033,0
98034,0
98037,1
98038,1
98041,0
98042,1
98043,0
98044,1
98047,0
98048,0
98050,1
98052,0
98053,0
98056,1
98058,0
98060,0
98062,1
98063,0
98067,0
98069,1
98071,1
98072,0
98077,0
98078,0
98079,0
98080,0
98082,0
98084,0
98085,1
98086,1
98087,0
98088,1
98089,0
98090,1
98092,1
98097,0
98105,1
98108,0
98109,0
98114,0
98117,0
98118,0
98120,0
98123,0
98126,0
98128,1
98129,0
98133,0
98135,0
98136,1
98137,0
98139,1
98141,0
98145,1
98146,0
98152,0
98154,1
98155,1
98158,1
98160,1
98161,0
98162,1
98164,0
98166,0
98167,0
98168,0
98169,0
98170,1
98171,0
98173,1
98174,0
98176,0
98178,1
98180,1
98181,0
98183,1
98186,1
98188,1
98189,0
98190,1
98192,0
98193,1
98197,0
98205,1
98206,1
98210,0
98212,0
98216,0
98218,1
98220,1
98222,1
98223,1
98225,0
98229,1
98230,1
98232,0
98234,0
98240,1
98242,1
98251,0
98252,1
98256,1
98257,1
98258,0
98260,1
98262,1
98263,1
98264,0
98265,1
98267,1
98269,1
98273,0
98278,0
98284,0
98288,0
98295,0
98300,0
98303,0
98305,1
98308,1
98309,1
98317,0
98320,1
98324,1
98327,1
98330,0
98332,0
98337,0
98338,0
98340,1
98342,1
98343,0
98347,1
98352,0
98354,1
98355,1
98357,1
98358,0
98362,0
98363,1
98364,1
98370,0
98373,1
98376,0
98377,1
98384,0
98394,0
98395,0
98398,1
98399,1
98401,0
98407,1
98411,1
98414,0
98416,0
98417,0
98421,1
98423,1
98426,0
98427,0
98432,0
98433,1
98435,0
98436,1
98439,1
98441,1
98444,0
98445,1
98446,0
98448,1
98449,0
98451,0
98452,0
98453,0
98454,1
98456,1
98458,0
98460,0
98462,1
98463,1
98466,0
98467,1
98471,1
98472,1
98474,1
98475,0
98479,0
98480,1
98481,0
98482,0
98483,0
98487,0
98489,0
98492,0
98495,1
98496,0
98500,0
98505,0
98507,0
98509,0
98513,0
98516,0
98517,1
98518,1
98519,0
98520,1
98521,0
98527,0
98528,1
98529,1
98533,0
98534,0
98535,1
98536,1
98537,1
98538,0
98539,1
98541,0
98542,1
98543,0
98544,1
98546,1
98553,1
98555,0
98559,0
98562,1
98564,1
98571,1
98575,0
98583,1
98585,1
98589,0
98590,1
98592,0
98593,0
98594,0
98595,0
98597,0
98600,0
98602,0
98604,0
98607,1
98608,1
98609,1
98617,0
98619,1
98623,0
98625,1
98628,0
98631,0
98634,0
98636,0
98637,0
98638,1
98639,1
98640,0
98643,0
98644,1
98646,0
98651,1
98654,1
98655,1
98657,0
98658,0
98659,1
98660,0
98661,1
98666,1
98669,1
98670,1
98673,0
98674,0
98675,1
98676,0
98679,0
98682,1
98684,1
98689,0
98693,1
98697,1
98699,0
98705,0
98706,0
98707,0
98708,0
98710,1
98711,1
98712,0
98713,0
98714,1
98716,0
98719,0
98721,1
98725,0
98727,1
98731,0
98732,0
98736,1
98737,1
98739,0
98740,1
98741,0
98743,0
98744,1
98747,1
98749,1
98752,1
98755,0
98756,0
98757,0
98761,0
98763,0
98764,0
98766,1
98768,1
98770,1
98780,1
98783,0
98784,0
98785,1
98786,0
98787,1
98795,0
98801,1
98804,0
98805,1
98806,1
98808,0
98811,1
98812,0
98814,0
98816,1
98817,1
98820,1
98822,0
98823,0
98827,1
98828,0
98829,1
98831,1
98833,0
98835,1
98839,0
98840,0
98841,1
98842,1
98843,1
98846,0
98850,0
98851,0
98854,0
98859,1
98860,0
98862,0
98865,0
98869,0
98871,0
98873,1
98874,1
98875,0
98876,1
98879,0
98882,0
98884,0
98886,0
98887,1
98888,0
98890,0
98892,0
98902,1
98905,1
98907,0
98908,1
98909,1
98916,0
98919,0
98920,0
98925,1
98928,0
98932,0
98933,1
98936,1
98938,1
98946,1
98950,0
98952,0
98953,0
98956,1
98959,0
98969,1
98970,0
98971,0
98972,1
98973,1
98974,1
98982,1
98983,1
98986,1
98989,0
98991,1
98993,1
98994,1
98995,0
98997,1
98998,0
98999,1
99004,1
99006,1
99008,1
99010,1
99011,1
99012,1
99017,0
99020,0
99024,0
99025,0
99033,1
99034,1
99038,1
99041,1
99042,1
99043,1
99045,0
99046,0
99047,0
99048,1
99049,0
99052,0
99054,0
99055,1
99056,0
99057,1
99062,0
99063,1
99066,1
99071,0
99072,0
99073,1
99075,0
99078,0
99079,0
99082,1
99084,0
99086,1
99090,0
99091,1
99092,1
99093,0
99096,1
99097,0
99099,0
99102,1
99104,0
99105,1
99106,1
99109,0
99111,1
99114,0
99115,0
99117,0
99121,1
99124,0
99125,0
99127,1
99128,0
99129,1
99130,0
99138,1
99144,0
99146,1
99148,1
99151,1
99157,0
99158,1
99161,1
99162,0
99167,1
99172,1
99174,1
99179,1
99183,0
99186,1
99187,0
99192,1
99195,1
99199,0
99201,1
99202,1
99203,0
99206,1
99213,1
99216,1
99217,0
99218,0
99220,0
99221,1
99228,0
99229,1
99230,0
99231,1
99233,0
99234,0
99235,0
99236,0
99239,0
99240,0
99245,1
99246,1
99247,1
99251,0
99252,0
99255,1
99259,0
99260,0
99262,0
99268,0
99269,0
99270,0
99272,1
99275,1
99277,1
99282,1
99285,0
99287,1
99289,0
99293,1
99295,1
99297,0
99298,0
99299,0
99301,1
99303,0
99307,0
99309,1
99310,1
99314,0
99319,0
99320,0
99323,0
99325,1
99327,1
99328,1
99329,1
99332,1
99333,0
99335,0
99337,1
99340,0
99341,0
99345,1
99346,0
99357,0
99359,0
99360,0
99361,0
99365,1
99368,1
99371,0
99373,0
99375,1
99376,0
99378,0
99380,1
99383,0
99384,0
99387,0
99388,1
99391,1
99392,0
99397,0
99399,0
99400,0
99402,1
99403,1
99404,0
99406,0
99413,0
99415,1
99416,1
99423,0
99424,1
99430,0
99431,0
99433,0
99448,1
99451,0
99453,0
99455,1
99456,0
99460,0
99463,1
99464,1
99467,0
99469,1
99470,1
99473,0
99477,1
99481,0
99482,0
99485,0
99486,1
99487,0
99491,1
99494,1
99496,1
99498,1
99501,0
99508,0
99517,0
99519,1
99521,0
99522,0
99523,1
99525,0
99528,0
99529,1
99533,1
99534,0
99535,1
99536,0
99537,0
99541,1
99543,0
99545,1
99546,0
99549,0
99550,0
99552,1
99556,1
99559,0
99564,0
99566,0
99567,1
99571,1
99572,0
99574,0
99576,0
99585,0
99586,1
99588,1
99589,0
99595,1
99597,1
99598,0
99599,0
99602,1
99603,1
99606,1
99608,0
99612,0
99618,1
99619,1
99621,1
99623,0
99626,0
99631,0
99633,0
99634,1
99637,1
99642,0
99647,0
99648,0
99649,1
99653,0
99654,0
99656,1
99658,0
99659,0
99663,0
99664,0
99666,0
99669,0
99670,0
99671,0
99672,1
99673,0
99678,0
99681,0
99687,1
99688,1
99690,0
99692,1
99693,0
99702,0
99703,0
99704,0
99711,0
99712,0
99713,0
99715,0
99722,1
99725,0
99726,0
99731,0
99733,0
99735,0
99739,0
99742,1
99743,0
99745,1
99750,1
99753,1
99754,0
99755,1
99756,1
99757,0
99761,0
99770,0
99771,0
99774,0
99776,0
99777,0
99779,0
99782,0
99783,1
99784,0
99786,1
99787,1
99789,0
99791,0
99792,0
99793,0
99794,0
99799,1
99801,0
99803,1
99805,0
99811,0
99812,0
99815,0
99816,0
99817,1
99818,0
99821,0
99822,1
99825,0
99828,0
99829,1
99830,0
99835,1
99837,0
99839,1
99841,0
99844,1
99845,0
99851,0
99855,1
99856,0
99865,0
99866,1
99869,1
99873,1
99877,0
99879,0
99880,1
99881,1
99887,1
99889,0
99890,0
99891,0
99892,0
99896,0
99898,0
99902,1
99906,1
99909,1
99910,0
99911,0
99913,0
99915,1
99917,0
99920,1
99926,0
99930,0
99931,1
99932,0
99933,0
99935,1
99941,0
99946,0
99947,0
99950,0
99956,1
99963,0
99964,0
99965,0
99967,1
99968,0
99969,0
99971,1
99972,1
99973,0
99976,1
99980,0
99981,0
99984,1
99986,0
99987,0
99990,0
99993,0
99996,0
99997,0
100000,0
100001,0
100002,0
100006,0
100007,1
100010,1
100011,0
100012,0
100018,1
100019,1
100022,1
100023,1
100027,1
100029,0
100035,0
100041,0
100044,1
100048,0
100055,0
100056,1
100057,0
100060,0
100062,0
100063,0
100064,0
100066,0
100068,0
100072,0
100074,1
100075,0
100077,1
100081,0
100082,0
100083,0
100085,1
100087,1
100088,0
100094,0
100097,0
100098,1
100101,1
100102,1
100104,1
100106,1
100110,0
100111,0
100112,0
100113,1
100114,0
100116,0
100117,0
100118,0
100120,0
100125,0
100126,0
100128,1
100132,0
100135,0
100136,0
100138,1
100142,0
100144,0
100145,0
100146,0
100147,0
100150,1
100153,1
100157,0
100158,0
100161,0
100163,1
100170,1
100177,1
100184,1
100185,0
100186,1
100192,1
100193,1
100195,0
100197,0
100198,0
100199,0
100204,1
100205,0
100213,1
100215,0
100216,0
100218,1
100223,1
100229,1
100231,0
100232,0
100234,0
100238,0
100239,0
100240,0
100242,1
100243,0
100246,0
100250,0
100252,0
100253,0
100254,0
100266,0
100273,0
100274,1
100280,0
100281,0
100283,0
100286,1
100288,1
100289,1
100290,0
100291,0
100293,1
100294,0
100299,0
100300,0
100301,1
100302,1
100304,1
100305,0
100308,0
100309,0
100313,0
100316,0
100320,0
100322,0
100323,0
100324,0
100331,1
100335,0
100336,0
100340,1
100341,0
100346,0
100348,0
100350,1
100351,1
100354,0
100356,0
100358,0
100363,0
100366,1
100370,1
100374,1
100375,0
100376,1
100378,0
100380,1
100382,1
100384,0
100388,0
100389,0
100390,1
100391,1
100395,0
100400,1
100403,1
100404,1
100412,0
100417,0
100418,0
100421,1
100422,0
100427,0
100432,1
100437,0
100439,0
100440,1
100441,1
100443,1
100445,1
100446,1
100447,0
100448,0
100450,1
100453,1
100454,0
100455,0
100459,0
100462,0
100464,0
100465,1
100467,0
100468,1
100471,0
100472,1
100473,0
100474,1
100476,0
100477,0
100478,1
100479,0
100480,0
100482,1
100484,0
100487,1
100491,0
100494,1
100499,1
100500,1
100502,0
100504,0
100507,0
100509,1
100511,1
100517,0
100521,1
100524,0
100525,0
100526,0
100527,1
100533,1
100534,0
100536,0
100537,1
100539,0
100541,0
100543,1
100544,1
100547,1
100551,0
100553,0
100554,1
100555,0
100558,1
100562,1
100569,0
100570,1
100571,1
100572,0
100573,1
100575,1
100578,0
100579,0
100581,1
100583,1
100585,0
100586,1
100588,0
100595,1
100596,1
100597,1
100601,0
100602,0
100604,1
100614,1
100616,1
100617,0
100619,0
100622,0
100623,1
100627,1
100629,0
100632,0
100633,0
100634,0
100636,0
100637,0
100639,1
100644,0
100645,0
100647,0
100650,0
100651,0
100652,0
100654,0
100656,0
100659,1
100662,0
100676,1
100680,0
100683,1
100687,1
100693,1
100696,1
100704,0
100705,1
100706,0
100708,0
100712,0
100713,0
100717,0
100720,1
100723,0
100724,1
100727,1
100731,0
100734,1
100737,1
100738,0
100739,1
100741,1
100743,1
100744,0
100746,0
100748,1
100749,1
100755,0
100757,1
100759,0
100761,0
100762,0
100763,0
100767,0
100768,1
100769,1
100774,0
100779,1
100781,1
100784,0
100786,1
100794,1
100795,0
100798,1
100800,0
100803,1
100805,0
100806,0
100811,0
100812,0
100814,0
100817,1
100818,0
100820,0
100823,0
100825,0
100826,1
100843,0
100844,0
100847,0
100848,1
100849,1
100852,0
100855,0
100857,0
100860,1
100862,1
100863,1
100865,0
100866,1
100870,1
100873,0
100874,1
100879,0
100882,0
100887,0
100895,0
100896,1
100899,1
100901,0
100902,1
100905,0
100909,1
100916,0
100918,1
100919,0
100922,1
100925,1
100926,1
100927,0
100929,0
100932,1
100935,0
100936,0
100938,1
100942,0
100945,1
100946,0
100947,0
100948,0
100950,0
100951,0
100952,0
100957,1
100958,1
100959,0
100961,1
100962,1
100963,0
100965,0
100969,0
100973,1
100974,1
100978,0
100979,1
100980,0
100981,1
100982,0
100983,1
100984,0
100985,1
100987,0
100989,0
100990,1
100995,1
100999,1
101001,0
101002,0
101004,0
101005,0
101010,1
101015,1
101017,1
101018,0
101020,1
101024,1
101029,0
101034,0
101035,1
101038,1
101040,1
101042,1
101043,1
101049,0
101050,1
101052,0
101053,0
101055,1
101056,1
101060,1
101064,0
101069,1
101071,1
101075,1
101076,0
101078,0
101080,0
101084,1
101085,1
101088,0
101090,1
101092,0
101093,0
101098,0
101099,0
101101,0
101102,0
101103,0
101106,1
101110,0
101111,1
101112,1
101115,0
101116,0
101117,0
101123,1
101128,1
101133,1
101135,0
101138,1
101145,0
101146,1
101148,1
101150,1
101154,1
101156,1
101157,0
101158,1
101160,1
101162,0
101166,1
101170,1
101177,0
101179,0
101181,0
101186,1
101188,1
101189,0
101191,1
101200,1
101206,0
101208,0
101209,1
101219,0
101221,1
101223,0
101229,1
101231,1
101233,1
101238,0
101239,0
101240,0
101242,0
101244,0
101245,0
101247,1
101255,0
101259,0
101261,1
101262,0
101264,1
101265,0
101266,1
101273,0
101274,0
101275,0
101277,1
101280,0
101281,0
101282,1
101289,1
101290,0
101293,0
101294,0
101298,0
101300,0
101301,1
101302,0
101303,1
101305,1
101308,1
101309,1
101311,1
101312,1
101314,0
101319,1
101321,0
101323,0
101324,0
101327,0
101330,1
101332,1
101333,0
101335,0
101336,0
101339,1
101342,1
101343,1
101344,0
101348,1
101350,0
101357,0
101360,0
101367,1
101368,0
101371,0
101373,0
101374,1
101375,1
101376,1
101378,0
101379,0
101380,1
101381,0
101382,0
101386,0
101390,0
101392,0
101393,0
101395,0
101399,0
101400,1
101404,1
101407,0
101413,0
101414,0
101415,0
101418,1
101421,1
101429,0
101430,1
101431,0
101433,0
101436,0
101437,1
101446,0
101447,0
101448,0
101450,1
101452,1
101453,0
101455,1
101458,0
101459,0
101463,1
101467,0
101468,0
101474,0
101475,0
101479,1
101484,0
101487,0
101488,0
101490,0
101491,0
101499,0
101501,1
101503,1
101505,1
101510,0
101511,1
101516,0
101519,1
101520,1
101524,0
101529,1
101534,0
101536,0
101539,1
101542,1
101547,0
101556,0
101560,0
101563,0
101564,1
101565,1
101568,0
101570,0
101571,1
101573,1
101574,0
101575,0
101576,1
101578,1
101583,0
101588,0
101589,0
101590,0
101591,1
101593,1
101594,1
101596,1
101598,1
101605,1
101608,0
101609,0
101613,1
101616,0
101620,1
101622,1
101623,0
101624,0
101625,1
101628,1
101629,0
101633,0
101634,0
101636,1
101638,1
101639,0
101642,0
101643,1
101645,1
101647,0
101649,0
101650,0
101652,0
101653,1
101654,0
101655,1
101656,0
101657,1
101664,0
101666,0
101669,1
101670,1
101673,0
101675,0
101677,0
101679,0
101680,0
101682,0
101684,0
101685,0
101688,1
101689,1
101693,0
101696,0
101700,0
101701,0
101704,1
101705,0
101712,1
101713,1
101714,1
101716,1
101717,1
101723,0
101727,0
101730,1
101732,1
101733,1
101739,1
101740,1
101745,1
101752,0
101753,0
101754,1
101755,1
101756,1
101757,1
101759,1
101762,1
101763,0
101764,0
101765,0
101773,0
101775,0
101777,0
101779,0
101781,0
101787,0
101790,1
101795,1
101796,0
101797,0
101798,0
101800,0
101801,0
101802,1
101804,0
101809,0
101810,0
101811,0
101812,1
101818,0
101819,0
101820,0
101822,1
101823,1
101825,0
101832,1
101834,0
101837,1
101838,0
101843,0
101844,1
101845,1
101847,0
101851,0
101857,0
101858,1
101861,1
101862,0
101864,0
101865,0
101866,1
101867,1
101869,0
101871,1
101879,0
101887,0
101888,0
101890,1
101894,1
101895,0
101897,1
101899,0
101900,1
101903,0
101906,0
101912,0
101917,0
101924,0
101925,1
101927,1
101928,0
101930,1
101932,0
101933,0
101936,0
101937,0
101938,0
101939,0
101940,0
101943,1
101944,0
101946,0
101951,0
101953,1
101958,0
101959,0
101960,0
101963,0
101964,0
101966,0
101969,1
101970,0
101971,0
101972,0
101973,0
101974,0
101975,0
101977,1
101979,0
101980,0
101984,1
101985,0
101989,0
101990,0
101992,1
101994,1
101995,0
101996,1
101999,0
102005,0
102007,1
102012,1
102014,1
102015,0
102018,0
102019,1
102020,1
102021,1
102022,1
102023,0
102024,0
102027,1
102028,1
102030,0
102036,0
102039,1
102041,0
102042,0
102045,0
102046,0
102048,0
102049,1
102050,1
102054,1
102057,0
102059,0
102066,1
102067,1
102068,0
102070,0
102072,1
102075,1
102082,1
102085,0
102088,1
102089,0
102090,0
102091,0
102094,0
102097,0
102104,0
102105,1
102106,1
102107,1
102108,1
102109,1
102111,0
102112,0
102113,1
102114,0
102115,0
102117,0
102123,1
102124,0
102127,1
102128,1
102130,0
102131,0
102133,1
102134,0
102137,0
102145,1
102147,1
102152,0
102153,0
102157,0
102159,0
102161,0
102162,0
102167,0
102169,1
102177,0
102182,1
102184,0
102185,0
102189,0
102190,1
102194,1
102195,0
102198,0
102204,1
102205,1
102206,1
102209,1
102215,0
102216,1
102217,1
102218,0
102219,0
102220,1
102222,1
102223,0
102224,0
102225,0
102226,1
102227,0
102228,1
102230,0
102235,0
102236,0
102237,0
102240,0
102242,0
102245,0
102247,1
102257,0
102259,1
102264,1
102266,1
102276,0
102277,0
102278,0
102279,1
102282,0
102285,0
102288,1
102292,0
102293,1
102294,0
102295,0
102296,0
102298,1
102304,0
102312,0
102314,0
102317,0
102319,1
102322,0
102325,1
102326,0
102330,1
102331,1
102333,0
102335,0
102336,1
102338,0
102344,1
102348,1
102350,0
102351,0
102352,0
102357,0
102371,0
102372,1
102375,1
102377,0
102382,1
102386,1
102387,0
102392,1
102393,1
102394,1
102396,0
102398,0
102400,0
102403,1
102412,0
102415,1
102416,0
102418,0
102420,0
102423,1
102424,1
102425,0
102428,1
102435,1
102437,0
102439,1
102447,0
102448,1
102450,1
102454,1
102455,1
102458,0
102459,0
102461,1
102467,1
102471,0
102472,1
102474,1
102476,1
102479,0
102484,0
102487,1
102489,1
102495,0
102496,1
102499,1
102503,1
102508,1
102510,1
102515,1
102516,0
102517,0
102518,0
102523,0
102524,0
102529,0
102531,0
102533,0
102535,1
102536,0
102540,1
102543,1
102547,0
102550,0
102551,0
102553,1
102554,0
102555,1
102556,1
102557,0
102560,0
102567,1
102569,1
102571,0
102573,0
102576,1
102578,1
102580,0
102582,1
102583,1
102585,0
102587,0
102590,1
102592,0
102605,1
102608,1
102611,0
102614,0
102615,0
102616,1
102619,1
102624,1
102625,1
102626,1
102629,0
102630,0
102633,0
102634,1
102635,0
102637,0
102639,0
102642,1
102645,1
102652,0
102657,1
102659,0
102666,1
102667,0
102668,1
102672,0
102675,1
102676,0
102678,1
102679,1
102680,1
102681,1
102682,0
102683,1
102686,0
102687,1
102689,0
102690,0
102694,1
102696,0
102697,1
102698,1
102701,0
102702,0
102704,1
102706,1
102709,0
102712,0
102717,0
102719,1
102720,1
102724,1
102726,0
102729,0
102730,0
102732,0
102733,1
102736,1
102739,1
102740,1
102743,0
102744,1
102747,1
102748,0
102751,1
102752,0
102754,0
102755,1
102757,1
102761,0
102764,0
102765,0
102767,1
102770,0
102774,1
102775,0
102776,1
102779,1
102781,1
102783,1
102784,0
102785,0
102787,0
102788,0
102792,0
102793,0
102794,1
102797,0
102799,1
102801,1
102804,1
102808,1
102811,0
102821,1
102822,0
102823,1
102827,0
102831,0
102833,1
102834,1
102835,1
102836,0
102838,0
102840,0
102841,0
102844,0
102845,0
102850,0
102851,1
102852,1
102853,1
102855,1
102856,1
102859,0
102863,1
102864,0
102868,1
102873,0
102874,1
102875,1
102879,0
102880,1
102881,0
102883,0
102885,1
102887,1
102888,1
102894,0
102895,0
102896,1
102898,0
102900,1
102901,0
102902,0
102909,0
102913,0
102916,0
102921,1
102924,0
102926,0
102929,0
102930,0
102933,1
102939,1
102940,1
102942,0
102944,1
102946,0
102954,0
102956,0
102960,1
102961,1
102962,1
102964,0
102965,1
102966,1
102970,0
102971,0
102974,1
102985,0
102987,0
102991,0
102998,0
103001,1
103002,1
103006,0
103007,0
103009,1
103012,0
103014,0
103018,0
103019,1
103020,0
103021,0
103024,1
103027,0
103028,0
103030,0
103032,0
103033,1
103034,1
103036,0
103040,1
103041,0
103042,0
103045,1
103046,0
103053,0
103054,1
103056,0
103058,0
103060,0
103061,0
103063,1
103067,0
103068,0
103070,0
103073,0
103074,0
103075,1
103076,0
103078,1
103081,0
103083,0
103085,0
103098,0
103099,0
103102,0
103104,0
103105,0
103110,0
103114,1
103116,0
103118,0
103120,0
103122,0
103124,1
103127,1
103129,1
103132,1
103133,0
103134,0
103135,0
103136,0
103139,1
103144,1
103145,1
103146,0
103147,0
103149,0
103150,1
103151,1
103153,0
103155,1
103156,0
103158,1
103159,0
103160,1
103161,0
103166,0
103169,0
103172,1
103173,0
103176,1
103178,1
103179,0
103181,0
103190,0
103191,0
103192,1
103194,1
103197,1
103201,1
103204,0
103206,1
103211,0
103214,1
103216,0
103223,1
103224,1
103225,0
103227,0
103228,0
103229,0
103232,1
103237,0
103240,0
103242,0
103243,1
103247,0
103249,0
103252,1
103253,0
103254,1
103256,1
103259,0
103260,1
103261,0
103262,1
103263,0
103265,0
103270,1
103272,1
103276,1
103278,0
103280,0
103281,0
103282,1
103283,1
103284,1
103289,0
103297,1
103299,1
103301,1
103302,0
103304,0
103308,1
103310,1
103311,0
103312,1
103320,0
103321,0
103323,1
103326,0
103336,0
103337,1
103338,0
103340,1
103341,1
103345,1
103346,0
103347,1
103350,1
103353,0
103354,1
103355,0
103358,0
103365,0
103370,0
103371,0
103374,1
103377,0
103385,0
103387,1
103391,1
103392,0
103393,0
103394,0
103396,1
103402,0
103405,1
103408,1
103409,0
103411,0
103413,0
103415,0
103416,0
103417,0
103418,0
103421,1
103422,0
103425,0
103432,1
103433,1
103434,1
103438,0
103440,0
103444,0
103451,0
103452,0
103453,0
103455,1
103462,0
103463,1
103468,0
103470,0
103472,0
103473,0
103476,0
103478,1
103479,0
103482,0
103485,0
103486,1
103490,1
103491,0
103495,0
103496,0
103498,0
103500,0
103501,1
103502,1
103504,1
103506,1
103508,0
103509,0
103514,1
103515,1
103516,1
103526,0
103527,0
103530,0
103534,1
103538,0
103539,0
103540,1
103544,1
103545,0
103547,1
103549,0
103552,1
103556,0
103557,0
103559,1
103563,0
103565,0
103572,1
103578,0
103579,1
103582,0
103583,1
103586,1
103587,0
103590,0
103591,1
103592,0
103597,1
103598,1
103599,1
103600,0
103601,0
103602,1
103604,1
103610,0
103611,0
103613,1
103615,1
103619,1
103620,0
103623,1
103625,1
103626,0
103627,1
103630,1
103631,0
103632,1
103634,1
103639,1
103642,0
103643,0
103645,0
103649,1
103650,0
103655,0
103660,0
103662,0
103663,0
103667,1
103670,1
103674,1
103676,0
103679,1
103680,0
103681,1
103686,1
103691,0
103692,1
103695,1
103697,1
103699,0
103700,1
103703,1
103705,1
103707,1
103708,0
103712,1
103713,0
103720,1
103723,1
103724,1
103727,1
103728,1
103731,1
103732,1
103734,0
103736,1
103740,0
103741,0
103745,1
103747,0
103750,0
103751,0
103752,0
103753,1
103754,0
103757,0
103759,0
103764,0
103766,1
103767,1
103768,1
103769,0
103772,1
103773,1
103774,1
103778,0
103781,0
103782,1
103783,1
103787,1
103793,1
103794,0
103798,0
103799,0
103801,0
103804,0
103807,0
103808,0
103811,1
103812,1
103814,0
103815,0
103816,0
103819,1
103820,1
103821,1
103822,1
103825,0
103826,0
103828,0
103829,0
103832,0
103833,1
103834,0
103839,1
103840,0
103841,1
103844,1
103846,1
103847,1
103849,1
103851,1
103853,0
103854,0
103862,1
103865,0
103866,0
103869,0
103871,0
103873,1
103878,0
103886,0
103887,0
103889,0
103892,0
103895,1
103896,0
103897,1
103899,0
103900,1
103901,1
103903,1
103911,1
103916,1
103917,0
103918,1
103919,0
103922,1
103924,0
103925,1
103926,0
103933,1
103935,1
103936,1
103937,1
103938,1
103942,1
103944,0
103945,0
103946,0
103947,0
103949,0
103950,0
103952,1
103954,1
103955,1
103960,0
103963,1
103965,0
103968,1
103970,1
103979,1
103980,0
103986,1
103990,0
103991,1
103993,0
103994,1
103996,1
103997,0
103999,0
104005,0
104007,1
104009,1
104010,1
104011,1
104013,0
104014,0
104015,0
104016,1
104017,0
104019,1
104021,0
104022,0
104025,0
104027,1
104031,1
104036,1
104037,1
104050,1
104055,0
104056,1
104059,1
104060,1
104062,0
104066,0
104069,1
104070,0
104071,1
104074,1
104075,0
104080,0
104082,1
104087,0
104095,0
104097,0
104098,0
104099,1
104103,1
104107,0
104108,0
104110,0
104113,0
104115,1
104116,1
104120,1
104121,1
104123,0
104124,1
104126,1
104136,0
104138,1
104139,1
104140,1
104143,1
104148,0
104153,0
104154,1
104159,1
104160,0
104163,0
104168,1
104169,0
104171,0
104174,0
104185,1
104192,0
104195,1
104198,0
104199,1
104206,0
104207,0
104209,1
104210,0
104211,0
104214,1
104215,0
104217,1
104218,1
104220,1
104223,1
104225,1
104232,1
104236,1
104237,0
104238,1
104239,0
104242,1
104244,1
104246,1
104252,1
104256,0
104260,0
104266,0
104271,1
104272,1
104273,0
104275,1
104276,0
104277,1
104284,0
104285,0
104286,0
104288,0
104291,0
104293,0
104297,0
104299,0
104301,0
104305,0
104306,1
104309,1
104311,0
104321,0
104322,0
104324,1
104325,0
104328,0
104329,0
104337,1
104338,0
104340,1
104342,1
104345,0
104351,0
104353,1
104355,1
104366,1
104368,1
104369,0
104370,1
104375,0
104376,1
104378,0
104383,1
104384,1
104387,0
104388,0
104391,1
104394,1
104398,0
104399,0
104405,0
104408,1
104411,1
104417,1
104419,0
104421,1
104423,0
104424,1
104426,0
104429,0
104430,0
104431,0
104433,1
104437,0
104445,1
104446,1
104448,0
104452,0
104454,1
104460,0
104461,1
104462,0
104466,1
104468,1
104470,0
104471,1
104473,0
104474,0
104476,0
104477,1
104478,1
104479,0
104480,0
104481,1
104482,0
104483,0
104485,1
104489,0
104490,1
104491,0
104493,0
104494,0
104496,1
104498,0
104503,0
104507,1
104510,1
104511,1
104512,1
104517,1
104520,1
104524,1
104526,1
104534,1
104536,0
104541,0
104544,1
104545,1
104547,0
104552,0
104557,0
104558,1
104560,0
104562,0
104567,1
104568,1
104571,0
104572,1
104573,0
104574,0
104575,0
104576,0
104577,1
104578,0
104579,1
104585,0
104586,1
104587,0
104592,0
104593,0
104594,1
104596,0
104602,0
104604,0
104606,0
104607,0
104608,0
104609,1
104610,0
104611,1
104614,0
104615,1
104619,1
104623,1
104629,0
104630,0
104633,0
104635,0
104636,0
104637,0
104640,1
104643,1
104644,1
104648,1
104649,1
104650,0
104655,0
104656,0
104657,1
104658,0
104659,0
104660,0
104662,0
104665,1
104666,0
104668,0
104669,1
104673,0
104675,1
104677,0
104678,0
104683,0
104684,0
104691,0
104692,0
104695,1
104698,1
104699,0
104703,1
104706,1
104707,1
104710,1
104713,1
104714,0
104721,1
104722,1
104725,0
104726,0
104727,1
104728,1
104733,0
104737,1
104741,0
104743,0
104744,0
104749,0
104751,1
104753,0
104756,0
104759,0
104762,0
104763,1
104766,0
104774,0
104779,1
104783,0
104786,1
104790,1
104792,1
104793,1
104794,1
104797,0
104798,0
104803,0
104810,0
104811,0
104812,1
104813,1
104815,1
104816,0
104817,1
104818,1
104819,1
104823,1
104828,0
104829,0
104831,1
104832,0
104834,0
104837,1
104838,0
104839,0
104841,1
104842,0
104845,1
104846,0
104849,0
104851,1
104856,1
104860,0
104861,1
104866,1
104867,1
104869,1
104870,0
104872,0
104873,0
104875,0
104876,0
104878,0
104879,0
104880,0
104881,1
104883,1
104884,1
104886,0
104890,1
104892,1
104896,1
104905,1
104909,0
104911,1
104913,0
104914,0
104916,0
104917,0
104920,0
104921,1
104923,0
104925,1
104928,1
104930,1
104931,0
104933,1
104935,1
104937,1
104938,1
104939,0
104941,1
104942,0
104943,0
104948,0
104949,0
104951,0
104955,1
104956,1
104961,0
104962,0
104963,1
104964,0
104965,0
104966,1
104970,0
104975,0
104977,0
104984,0
104988,0
104989,0
104990,0
104992,1
104993,1
104998,1
105001,1
105002,0
105009,1
105010,1
105012,0
105013,1
105014,1
105020,1
105021,0
105022,0
105023,0
105029,0
105031,0
105032,0
105040,1
105045,0
105047,0
105048,1
105049,1
105050,1
105053,0
105057,1
105063,1
105065,1
105074,1
105075,1
105077,0
105079,1
105081,0
105082,0
105083,0
105087,1
105089,1
105090,1
105092,0
105096,0
105097,0
105098,0
105101,0
105102,1
105106,1
105110,1
105111,0
105115,1
105117,1
105118,1
105120,1
105121,1
105124,0
105126,0
105127,1
105129,1
105138,0
105140,1
105145,0
105147,1
105151,1
105152,0
105153,1
105155,0
105156,0
105158,0
105161,1
105163,0
105164,1
105165,0
105167,1
105169,1
105171,0
105172,0
105176,1
105179,0
105181,0
105182,1
105184,0
105187,1
105188,1
105190,0
105191,1
105192,1
105193,0
105194,1
105195,0
105196,0
105197,0
105198,0
105204,1
105205,1
105207,0
105208,0
105211,0
105214,1
105216,1
105217,1
105219,1
105223,0
105224,1
105225,0
105226,0
105227,1
105228,1
105229,0
105234,0
105237,0
105239,1
105240,1
105247,1
105251,0
105252,1
105254,1
105257,0
105260,0
105265,0
105266,0
105267,0
105268,1
105270,1
105273,1
105275,1
105276,1
105280,0
105285,0
105287,0
105288,1
105290,0
105291,1
105292,0
105294,1
105295,0
105299,1
105303,0
105309,1
105311,1
105315,0
105316,1
105317,0
105319,0
105325,1
105327,0
105328,1
105331,0
105332,0
105334,1
105335,0
105337,0
105345,1
105349,0
105352,0
105353,1
105354,1
105364,0
105368,1
105371,1
105374,1
105377,1
105378,0
105381,1
105387,0
105389,1
105391,0
105392,1
105396,0
105397,0
105398,1
105399,1
105400,1
105401,1
105404,0
105407,1
105408,1
105409,0
105410,1
105412,0
105415,1
105419,0
105424,0
105425,0
105430,1
105431,1
105433,1
105437,0
105439,0
105440,0
105442,0
105443,0
105446,1
105447,1
105452,0
105454,0
105458,1
105462,1
105464,0
105468,0
105470,0
105474,0
105477,0
105478,1
105482,1
105483,0
105484,0
105487,1
105488,1
105494,1
105495,1
105496,0
105497,1
105499,0
105500,1
105501,0
105502,0
105503,1
105505,0
105506,1
105509,1
105511,0
105512,1
105514,0
105515,0
105516,1
105517,1
105519,0
105521,0
105524,1
105526,0
105527,0
105528,0
105529,1
105531,0
105536,0
105540,1
105541,1
105544,0
105545,1
105549,0
105551,1
105553,0
105554,0
105556,0
105563,0
105564,0
105565,1
105567,1
105569,1
105574,1
105575,0
105577,0
105581,0
105583,0
105584,1
105586,1
105587,1
105588,0
105589,1
105595,0
105599,1
105603,1
105604,0
105607,0
105609,1
105610,0
105617,0
105618,0
105622,1
105624,1
105626,1
105627,0
105630,1
105634,1
105636,1
105638,1
105640,1
105641,1
105644,0
105647,0
105649,1
105656,0
105659,0
105663,1
105664,1
105665,1
105671,0
105672,0
105673,1
105675,1
105677,1
105691,1
105693,0
105695,1
105702,0
105703,1
105704,1
105705,0
105706,0
105708,1
105710,1
105712,0
105713,0
105720,1
105721,1
105722,1
105724,1
105726,1
105728,0
105729,0
105730,0
105733,1
105734,0
105736,0
105737,1
105738,1
105741,1
105744,1
105752,0
105754,0
105760,1
105761,1
105762,1
105763,0
105769,0
105774,0
105775,0
105776,1
105782,0
105784,1
105788,0
105790,0
105791,0
105793,0
105794,1
105797,1
105805,1
105806,0
105807,0
105809,0
105810,0
105813,1
105818,0
105819,0
105822,0
105825,0
105829,0
105833,1
105835,0
105837,1
105839,1
105842,1
105843,0
105845,0
105847,0
105848,0
105849,0
105850,1
105854,0
105857,1
105859,0
105862,0
105863,1
105864,1
105867,1
105869,1
105871,0
105872,1
105875,0
105876,1
105877,1
105878,0
105879,0
105882,1
105883,1
105884,0
105886,0
105887,1
105891,0
105893,1
105894,0
105895,0
105897,0
105900,0
105903,0
105905,1
105908,0
105909,0
105910,0
105913,0
105914,1
105915,1
105918,0
105919,1
105921,0
105924,0
105925,0
105927,1
105930,0
105931,1
105935,0
105937,1
105940,1
105943,0
105946,0
105948,0
105949,0
105954,1
105955,1
105957,1
105958,0
105959,0
105964,0
105965,0
105970,1
105971,0
105975,1
105978,0
105979,1
105980,0
105982,1
105983,0
105987,1
105990,0
105993,1
105995,0
105997,0
106001,0
106003,1
106004,1
106007,1
106009,0
106024,0
106028,0
106029,0
106030,1
106031,1
106034,0
106035,1
106039,0
106040,0
106044,1
106051,1
106054,0
106055,0
106056,0
106058,0
106059,1
106061,0
106071,1
106073,0
106075,0
106076,0
106080,1
106083,1
106084,0
106086,1
106090,1
106099,0
106104,1
106108,1
106111,1
106113,0
106115,1
106116,0
106117,1
106123,1
106126,1
106127,1
106128,0
106132,0
106137,0
106146,0
106147,0
106151,0
106152,1
106157,1
106168,0
106172,0
106173,1
106174,0
106176,0
106178,0
106182,0
106191,0
106194,0
106196,0
106198,0
106199,1
106204,0
106208,1
106211,1
106225,0
106227,1
106228,0
106232,0
106235,1
106238,1
106239,0
106240,1
106241,1
106244,1
106247,0
106251,0
106255,0
106256,0
106260,0
106261,1
106263,0
106267,0
106270,0
106271,0
106273,1
106277,0
106280,0
106283,1
106285,1
106288,1
106289,0
106293,0
106295,1
106297,0
106299,1
106302,0
106303,1
106304,0
106305,0
106306,1
106307,1
106309,1
106317,0
106324,1
106325,0
106326,1
106329,1
106331,1
106332,1
106333,1
106338,1
106339,0
106341,0
106348,1
106354,1
106355,1
106356,0
106357,1
106360,1
106365,1
106367,1
106368,0
106371,0
106376,1
106382,0
106383,1
106385,1
106389,0
106392,0
106398,1
106401,0
106403,1
106404,0
106405,1
106409,0
106411,1
106412,0
106416,0
106417,1
106418,0
106420,0
106429,1
106438,1
106443,0
106447,0
106448,0
106449,1
106450,1
106452,0
106454,0
106455,1
106459,1
106460,0
106461,1
106462,0
106466,1
106468,1
106469,0
106470,0
106471,1
106472,0
106473,0
106474,1
106475,0
106480,0
106483,0
106495,0
106496,0
106500,0
106503,1
106506,1
106507,1
106508,1
106509,1
106513,1
106514,1
106519,0
106526,1
106529,0
106530,0
106531,0
106532,1
106536,1
106537,1
106538,1
106539,1
106542,0
106543,0
106544,0
106554,1
106556,0
106557,0
106558,0
106562,1
106564,1
106566,0
106569,0
106570,0
106571,1
106574,1
106575,1
106577,1
106579,0
106582,0
106590,0
106593,1
106596,1
106602,1
106603,0
106605,0
106608,0
106609,1
106610,1
106611,0
106614,0
106616,1
106617,1
106618,1
106619,0
106621,1
106622,0
106624,0
106638,1
106642,1
106643,0
106652,0
106653,1
106654,1
106655,0
106656,1
106658,1
106659,0
106661,1
106664,1
106665,1
106670,1
106679,0
106680,1
106682,1
106683,1
106684,1
106688,1
106689,1
106691,1
106692,1
106693,1
106695,1
106699,1
106700,0
106704,0
106708,0
106710,0
106713,1
106714,0
106716,0
106720,0
106721,0
106722,1
106735,1
106736,1
106740,1
106742,0
106743,1
106745,0
106747,0
106748,1
106750,1
106751,0
106752,1
106754,1
106755,1
106757,0
106759,0
106762,1
106763,1
106767,1
106770,0
106772,1
106774,1
106777,1
106778,1
106779,0
106780,0
106786,1
106787,1
106790,1
106794,1
106795,0
106796,1
106800,1
106801,1
106806,0
106808,0
106810,1
106812,0
106815,0
106816,0
106818,1
106819,0
106820,0
106822,0
106827,1
106828,1
106829,1
106830,0
106835,1
106836,0
106839,0
106841,1
106843,1
106844,0
106846,1
106847,1
106849,0
106850,0
106852,0
106854,1
106856,1
106859,0
106864,0
106867,0
106868,0
106873,1
106874,0
106876,0
106877,0
106879,0
106884,0
106885,0
106887,0
106888,1
106891,1
106893,1
106899,1
106906,0
106907,0
106908,0
106910,1
106911,0
106912,0
106913,1
106915,0
106920,0
106921,1
106924,0
106925,1
106926,0
106930,1
106932,0
106933,0
106938,0
106939,1
106940,0
106941,1
106942,0
106943,1
106951,0
106952,0
106955,0
106957,1
106958,0
106960,0
106963,1
106965,1
106969,0
106974,0
106978,0
106980,0
106981,0
106983,0
106984,1
106987,1
106989,1
106990,0
106991,1
106992,0
106993,1
106994,0
106995,1
106996,1
106997,0
107002,1
107003,1
107008,0
107009,0
107015,1
107019,1
107023,1
107025,1
107026,1
107032,0
107037,0
107040,1
107043,0
107044,1
107045,0
107047,1
107048,1
107053,0
107058,1
107067,0
107070,1
107074,1
107077,1
107079,1
107080,1
107081,1
107083,0
107085,1
107089,1
107090,1
107092,0
107096,0
107097,0
107098,0
107099,1
107101,0
107103,1
107105,0
107107,1
107108,0
107109,1
107110,0
107115,1
107116,1
107117,1
107118,1
107121,0
107129,1
107132,0
107134,0
107135,1
107138,1
107139,0
107140,1
107141,0
107146,0
107152,1
107154,0
107155,1
107158,1
107160,0
107164,1
107165,0
107166,1
107169,0
107171,1
107174,1
107175,0
107177,1
107179,0
107184,0
107186,1
107187,1
107189,1
107190,0
107192,1
107193,0
107194,0
107195,0
107203,1
107205,1
107206,0
107207,1
107216,0
107223,1
107224,0
107230,1
107231,0
107232,0
107234,1
107240,1
107244,0
107248,1
107251,1
107252,1
107254,0
107255,0
107264,0
107265,0
107267,0
107271,0
107272,1
107273,0
107276,1
107280,1
107283,1
107284,0
107287,1
107289,0
107292,0
107293,1
107294,0
107295,0
107299,0
107302,1
107303,0
107306,1
107314,1
107315,0
107317,0
107319,1
107321,0
107324,1
107325,0
107327,1
107333,1
107334,1
107335,0
107343,1
107345,0
107346,1
107347,1
107351,0
107352,1
107353,1
107355,0
107361,1
107367,1
107368,1
107369,1
107370,0
107372,1
107373,1
107374,1
107376,1
107379,1
107386,0
107388,0
107391,1
107392,0
107393,1
107396,0
107397,0
107400,1
107405,0
107406,0
107409,0
107413,1
107416,1
107417,1
107422,1
107423,1
107432,0
107433,1
107436,1
107438,1
107441,1
107445,0
107446,0
107449,0
107453,0
107454,1
107456,0
107460,0
107461,0
107462,1
107465,0
107468,1
107469,0
107470,0
107472,1
107473,0
107478,1
107479,1
107480,0
107481,1
107483,1
107487,0
107488,1
107490,0
107492,1
107495,0
107499,1
107503,1
107504,0
107507,0
107508,1
107510,0
107511,0
107512,0
107518,1
107519,0
107520,1
107531,1
107536,1
107537,1
107540,1
107542,1
107543,1
107544,0
107547,1
107551,1
107554,1
107557,1
107558,0
107565,1
107567,0
107573,1
107577,0
107579,1
107581,0
107583,1
107584,1
107586,0
107588,1
107593,1
107597,0
107605,0
107607,0
107608,0
107609,0
107610,0
107613,0
107615,1
107619,0
107623,0
107625,1
107630,1
107632,1
107637,0
107640,0
107642,1
107643,0
107644,0
107645,1
107646,0
107649,0
107650,1
107651,1
107655,0
107659,0
107663,0
107665,1
107666,0
107669,0
107671,0
107678,1
107683,1
107686,1
107687,1
107688,1
107690,0
107697,1
107700,0
107702,1
107703,0
107707,0
107708,1
107713,0
107714,0
107716,1
107721,0
107723,1
107726,1
107731,1
107732,1
107733,0
107734,0
107737,0
107738,0
107741,0
107745,1
107746,1
107749,1
107752,0
107763,0
107764,1
107767,0
107768,1
107769,1
107773,1
107774,1
107775,0
107777,0
107778,1
107781,1
107782,1
107788,0
107796,1
107798,1
107799,0
107803,1
107806,1
107809,0
107813,1
107815,1
107819,0
107822,0
107823,1
107826,0
107828,1
107830,0
107831,1
107832,1
107834,1
107835,1
107837,0
107839,0
107840,0
107843,0
107844,1
107851,1
107859,0
107860,0
107861,1
107868,1
107875,0
107878,0
107879,1
107880,1
107881,1
107883,1
107884,0
107885,1
107886,1
107888,0
107889,0
107890,0
107891,0
107894,1
107896,1
107898,1
107900,1
107901,1
107904,0
107906,0
107909,1
107918,1
107920,1
107921,1
107922,0
107925,0
107930,0
107931,0
107934,0
107936,1
107945,1
107946,1
107947,1
107949,0
107951,0
107952,1
107954,1
107956,0
107958,0
107959,0
107961,1
107962,1
107971,0
107975,0
107980,1
107985,1
107986,1
107988,0
107991,1
107992,0
107993,1
107996,0
107997,0
107999,0
108000,0
108002,0
108003,0
108004,0
108006,0
108007,1
108010,1
108011,0
108013,1
108014,0
108015,1
108019,0
108021,0
108022,0
108029,1
108030,1
108032,1
108036,0
108040,0
108041,1
108047,0
108049,1
108053,0
108054,0
108056,1
108058,1
108059,0
108063,1
108064,1
108066,0
108077,0
108080,1
108081,0
108084,1
108087,1
108089,1
108090,1
108091,0
108092,1
108093,0
108095,1
108096,0
108097,1
108100,0
108106,0
108107,0
108109,1
108113,0
108116,1
108119,1
108121,0
108127,0
108136,1
108138,1
108143,1
108146,0
108149,1
108150,1
108153,1
108159,0
108162,0
108163,1
108164,0
108165,0
108169,0
108170,0
108171,0
108172,1
108175,0
108176,0
108180,1
108181,1
108184,0
108186,0
108194,1
108200,0
108201,1
108203,0
108204,0
108210,0
108211,0
108213,0
108215,1
108219,1
108223,0
108228,0
108231,1
108238,1
108241,0
108242,1
108245,1
108246,1
108247,1
108248,1
108250,0
108251,1
108254,1
108255,0
108256,0
108257,1
108258,0
108260,0
108261,0
108262,1
108263,1
108265,1
108267,1
108268,1
108271,0
108272,0
108275,1
108277,0
108278,0
108286,1
108291,0
108293,1
108299,0
108300,1
108301,0
108307,0
108308,1
108314,0
108329,1
108332,1
108334,1
108335,0
108336,1
108339,0
108340,0
108342,0
108345,1
108347,1
108352,0
108354,0
108357,1
108360,1
108363,1
108365,1
108367,1
108372,1
108375,0
108376,1
108378,0
108379,1
108382,0
108386,1
108389,0
108394,1
108396,1
108398,0
108401,1
108403,0
108405,0
108407,1
108408,0
108409,1
108410,1
108411,0
108412,0
108414,0
108415,1
108417,0
108424,0
108425,0
108436,1
108440,1
108448,0
108449,0
108451,0
108455,1
108466,0
108470,0
108471,1
108474,0
108478,0
108481,1
108482,0
108485,1
108488,0
108489,1
108494,0
108496,0
108497,0
108502,0
108504,1
108506,0
108507,0
108514,0
108523,1
108525,1
108528,1
108529,0
108534,0
108537,0
108540,1
108542,1
108543,0
108544,1
108547,0
108551,1
108552,0
108558,0
108559,1
108562,0
108563,0
108565,1
108566,0
108568,0
108570,1
108571,0
108577,0
108578,0
108580,1
108585,0
108591,1
108592,1
108593,1
108595,1
108596,0
108597,1
108602,0
108610,1
108611,0
108619,0
108621,1
108623,0
108628,1
108630,1
108638,1
108639,1
108641,0
108642,0
108644,0
108645,0
108646,0
108647,0
108648,1
108652,0
108656,1
108657,1
108660,0
108661,0
108663,1
108665,1
108666,0
108668,0
108671,0
108672,0
108674,1
108676,0
108679,1
108680,0
108685,0
108686,0
108687,1
108688,0
108690,0
108691,0
108692,1
108693,0
108694,1
108695,0
108701,0
108702,0
108703,1
108706,0
108707,0
108712,0
108713,0
108716,0
108720,0
108721,0
108722,1
108724,1
108726,0
108727,0
108728,0
108730,1
108731,0
108739,1
108740,0
108741,0
108744,0
108746,1
108747,1
108751,0
108752,1
108756,0
108758,0
108759,0
108762,0
108763,0
108765,1
108768,1
108769,0
108772,1
108774,1
108776,1
108777,0
108779,0
108780,0
108782,1
108783,1
108785,0
108786,0
108787,1
108789,0
108792,0
108796,0
108797,0
108798,0
108799,0
108801,0
108805,0
108808,0
108809,0
108815,0
108817,1
108818,1
108819,1
108820,1
108821,0
108823,0
108826,0
108829,0
108830,0
108832,1
108834,1
108835,0
108847,1
108849,0
108854,1
108855,1
108868,0
108869,0
108876,0
108877,1
108886,0
108889,0
108893,0
108896,0
108901,0
108903,0
108907,1
108911,1
108916,1
108917,0
108919,0
108921,0
108923,1
108924,0
108927,1
108931,1
108932,0
108935,0
108936,0
108937,0
108944,0
108945,1
108946,1
108949,0
108950,0
108951,1
108955,0
108956,1
108957,1
108969,0
108971,0
108973,1
108976,1
108977,1
108980,0
108981,1
108983,1
108984,0
108987,0
108990,1
108991,0
108992,0
108997,1
109000,0
109002,0
109008,1
109011,1
109012,0
109015,1
109018,0
109021,0
109022,0
109023,0
109028,1
109031,1
109035,1
109036,0
109038,1
109040,0
109041,0
109042,0
109043,1
109045,0
109047,0
109050,0
109051,0
109053,1
109059,0
109060,1
109061,0
109064,0
109068,1
109070,0
109071,0
109074,1
109076,1
109078,0
109082,0
109083,1
109085,0
109088,0
109090,1
109094,0
109095,1
109096,0
109098,0
109099,0
109100,0
109101,1
109102,1
109108,1
109109,0
109112,1
109113,0
109116,1
109117,0
109118,1
109122,0
109127,0
109132,1
109134,0
109137,0
109138,0
109142,1
109146,1
109148,0
109149,1
109151,0
109155,1
109156,0
109157,1
109161,0
109163,0
109164,1
109165,1
109166,1
109167,1
109168,1
109170,0
109175,0
109178,1
109180,0
109182,0
109183,0
109185,0
109186,0
109188,1
109191,0
109197,0
109198,0
109201,1
109203,0
109205,0
109206,0
109207,0
109209,0
109215,0
109217,0
109218,0
109221,1
109222,0
109224,0
109226,0
109228,0
109230,0
109232,1
109233,0
109234,0
109236,0
109237,0
109240,1
109241,0
109244,1
109249,0
109251,0
109253,0
109256,0
109257,0
109258,1
109260,0
109261,0
109262,0
109264,0
109265,1
109266,0
109275,0
109276,1
109280,0
109281,1
109285,1
109286,1
109294,1
109297,1
109303,0
109304,0
109305,0
109311,0
109314,0
109315,0
109316,0
109319,0
109321,0
109323,0
109324,0
109327,0
109328,0
109331,1
109333,1
109334,1
109335,0
109337,0
109346,0
109348,1
109349,0
109352,0
109354,0
109355,1
109356,1
109358,1
109360,1
109363,1
109368,0
109369,0
109371,0
109373,1
109374,0
109375,1
109376,1
109377,0
109379,0
109382,1
109385,0
109386,1
109394,0
109395,0
109397,0
109398,1
109400,0
109403,0
109407,0
109408,0
109409,0
109413,0
109419,1
109421,0
109425,0
109430,0
109437,0
109439,0
109440,0
109442,0
109447,0
109454,1
109457,1
109461,0
109463,0
109464,0
109465,0
109466,0
109467,0
109468,1
109470,0
109471,0
109472,1
109474,0
109475,0
109477,0
109479,1
109480,0
109481,0
109484,1
109488,0
109489,1
109495,0
109496,0
109497,1
109500,1
109501,0
109507,1
109509,1
109510,0
109511,0
109512,1
109514,1
109515,1
109516,1
109519,1
109520,0
109521,0
109522,0
109523,1
109526,0
109538,0
109539,0
109540,0
109541,1
109544,1
109547,1
109551,0
109552,0
109554,1
109555,0
109556,1
109557,0
109558,0
109559,0
109560,1
109566,0
109569,1
109575,1
109577,1
109578,0
109579,0
109581,1
109585,1
109589,0
109591,1
109594,0
109595,0
109596,1
109597,0
109603,0
109609,0
109610,0
109611,0
109613,0
109615,1
109616,1
109618,0
109620,0
109621,1
109623,1
109632,1
109633,0
109638,1
109640,0
109641,1
109642,1
109645,1
109646,1
109648,1
109650,1
109651,0
109652,0
109654,1
109657,0
109661,0
109663,0
109668,0
109673,0
109674,1
109675,1
109676,1
109678,0
109680,0
109683,1
109684,0
109685,0
109686,0
109688,0
109689,1
109690,1
109696,0
109697,0
109698,1
109703,0
109708,0
109709,0
109710,0
109715,0
109716,0
109717,0
109723,1
109724,1
109726,1
109729,0
109730,0
109735,0
109736,0
109737,1
109740,0
109741,0
109742,0
109747,0
109748,1
109753,0
109754,1
109761,1
109762,0
109766,0
109769,0
109770,1
109772,0
109773,1
109776,0
109779,1
109783,1
109787,1
109792,0
109806,0
109807,1
109809,1
109811,1
109814,0
109817,0
109818,0
109820,1
109823,1
109828,0
109831,1
109839,0
109840,0
109844,1
109847,0
109854,0
109857,0
109858,0
109865,1
109868,0
109873,0
109876,0
109877,0
109878,0
109879,1
109883,0
109884,0
109886,0
109887,0
109889,0
109894,1
109895,0
109897,0
109900,0
109905,0
109909,0
109914,1
109915,1
109916,0
109917,1
109919,1
109920,1
109921,1
109922,0
109925,1
109928,1
109930,1
109932,0
109940,0
109945,1
109946,1
109949,0
109953,0
109954,1
109958,1
109959,1
109961,1
109962,1
109967,0
109969,1
109970,0
109971,0
109974,0
109975,0
109976,0
109982,1
109983,1
109985,1
109995,0
109996,1
109998,1
109999,0
110003,1
110008,0
110009,0
110011,0
110012,1
110013,1
110016,0
110018,1
110019,1
110020,0
110022,1
110023,1
110024,1
110025,1
110026,0
110027,0
110028,0
110029,0
110031,0
110032,1
110035,0
110036,0
110038,1
110040,1
110042,0
110043,0
110047,0
110048,0
110051,0
110056,1
110057,0
110061,1
110065,1
110066,0
110068,1
110071,0
110075,1
110077,1
110080,0
110082,1
110083,0
110085,1
110087,0
110089,1
110091,1
110094,0
110095,1
110096,0
110102,1
110106,1
110109,0
110111,0
110113,1
110114,0
110115,0
110116,0
110117,0
110118,1
110121,0
110122,0
110124,0
110133,0
110140,0
110150,0
110151,1
110154,0
110157,1
110159,1
110161,0
110163,0
110166,0
110170,1
110172,1
110173,1
110175,1
110176,0
110177,0
110179,0
110181,0
110186,0
110187,0
110192,0
110193,0
110195,1
110200,0
110202,1
110204,1
110205,1
110206,0
110208,0
110210,0
110219,0
110220,1
110222,1
110223,1
110225,0
110228,0
110230,0
110231,1
110238,0
110242,1
110244,0
110247,1
110248,0
110252,0
110253,0
110254,0
110255,1
110256,1
110263,1
110270,0
110275,0
110278,0
110279,1
110281,0
110282,1
110284,0
110285,0
110289,1
110291,1
110294,1
110297,1
110299,0
110301,1
110302,1
110311,0
110312,0
110314,0
110316,0
110317,0
110320,0
110321,0
110322,0
110323,0
110324,1
110325,0
110327,0
110333,0
110337,1
110340,1
110341,1
110349,1
110350,0
110353,0
110358,0
110364,0
110365,1
110366,1
110367,0
110370,0
110372,0
110373,0
110382,0
110384,0
110385,1
110386,0
110387,1
110388,0
110390,0
110391,1
110396,1
110400,1
110401,0
110402,0
110407,0
110408,0
110410,1
110412,0
110413,1
110417,1
110419,1
110421,1
110423,0
110426,1
110431,0
110433,0
110435,0
110438,1
110440,0
110444,1
110450,1
110451,0
110454,1
110457,0
110460,0
110461,1
110464,1
110465,1
110467,1
110468,1
110469,0
110470,1
110474,0
110476,1
110477,0
110478,0
110480,1
110482,1
110483,0
110485,0
110487,1
110495,1
110498,0
110502,0
110507,0
110509,1
110510,0
110514,1
110517,0
110518,1
110519,0
110528,1
110536,0
110537,0
110541,1
110542,1
110548,0
110550,0
110551,0
110553,0
110554,0
110555,1
110559,0
110564,0
110565,1
110567,0
110570,0
110576,1
110582,0
110583,0
110588,0
110589,0
110594,1
110597,1
110601,0
110603,0
110604,0
110607,0
110612,1
110614,0
110619,1
110621,0
110622,1
110623,0
110625,0
110626,0
110628,0
110631,0
110632,1
110634,0
110637,1
110639,1
110641,1
110642,1
110651,0
110652,0
110654,0
110656,0
110658,0
110660,0
110661,1
110662,0
110667,1
110668,0
110673,1
110675,1
110676,1
110678,1
110680,0
110681,0
110683,0
110686,1
110688,1
110695,1
110697,0
110698,0
110701,0
110703,1
110706,1
110709,1
110712,1
110715,0
110716,1
110720,0
110725,1
110726,1
110727,1
110734,1
110736,0
110738,1
110739,1
110742,1
110744,0
110745,0
110746,0
110749,0
110754,1
110757,0
110758,1
110760,1
110762,0
110764,1
110766,0
110767,1
110770,0
110771,1
110776,0
110778,0
110780,1
110784,0
110785,0
110786,1
110791,0
110792,0
110794,0
110802,1
110804,0
110808,0
110810,1
110812,1
110814,0
110816,0
110817,0
110818,0
110822,1
110825,1
110828,0
110833,0
110838,1
110842,0
110845,1
110847,0
110849,0
110851,1
110852,1
110853,1
110868,1
110870,0
110874,0
110875,0
110876,1
110879,1
110882,0
110883,1
110893,0
110894,0
110895,0
110896,1
110898,0
110899,0
110900,1
110901,1
110906,1
110913,1
110918,0
110920,0
110930,1
110933,0
110934,1
110938,0
110939,0
110940,1
110941,0
110943,0
110944,0
110945,1
110946,1
110950,0
110955,1
110957,0
110959,0
110960,1
110963,1
110965,0
110971,1
110972,0
110978,0
110982,0
110984,1
110985,1
110988,1
110989,0
110995,1
110996,0
110997,0
110999,0
111000,0
111004,1
111008,1
111010,1
111012,0
111013,0
111014,0
111015,0
111018,0
111019,0
111022,0
111023,1
111025,0
111027,1
111028,1
111030,0
111031,1
111032,1
111033,1
111035,1
111036,1
111040,1
111041,0
111055,0
111059,0
111061,1
111063,1
111064,0
111067,1
111073,0
111075,0
111078,0
111086,0
111091,1
111092,0
111094,1
111097,0
111103,1
111108,0
111110,1
111111,1
111113,1
111123,1
111125,0
111127,0
111128,1
111131,0
111132,1
111133,0
111134,0
111136,1
111137,0
111138,0
111139,1
111145,1
111148,1
111149,0
111153,0
111155,0
111156,1
111160,1
111161,0
111162,0
111169,0
111171,0
111172,0
111174,1
111175,0
111176,0
111177,1
111178,1
111183,0
111184,1
111185,0
111188,1
111192,0
111193,0
111195,0
111202,0
111207,0
111208,0
111210,1
111212,1
111214,1
111217,0
111223,0
111224,0
111225,0
111227,0
111229,0
111231,0
111233,1
111234,0
111236,0
111237,0
111242,1
111247,0
111248,1
111250,1
111252,1
111254,1
111255,0
111259,0
111260,1
111264,1
111266,0
111276,1
111277,1
111278,1
111282,1
111284,0
111286,1
111287,0
111288,0
111289,1
111292,1
111294,0
111297,0
111298,0
111299,0
111300,1
111301,1
111309,1
111310,1
111317,0
111324,0
111325,1
111326,0
111331,0
111333,1
111334,0
111338,1
111341,0
111344,0
111346,1
111351,1
111352,1
111353,0
111354,1
111356,0
111357,0
111358,1
111359,1
111360,0
111361,0
111362,1
111365,1
111366,0
111367,1
111370,0
111373,0
111374,0
111379,1
111380,1
111383,1
111387,0
111392,0
111394,1
111400,0
111401,0
111403,1
111405,0
111406,1
111410,1
111412,0
111414,0
111415,1
111417,0
111418,1
111428,0
111432,0
111433,0
111435,0
111441,1
111445,1
111448,0
111453,1
111456,0
111458,1
111463,0
111466,0
111467,0
111469,0
111472,1
111480,1
111482,0
111483,0
111484,1
111487,1
111488,0
111489,1
111492,0
111503,0
111506,0
111513,0
111517,0
111518,0
111520,1
111522,1
111523,0
111531,1
111534,1
111535,0
111536,0
111538,0
111540,1
111543,0
111544,0
111548,1
111552,1
111559,0
111560,1
111563,1
111570,1
111578,0
111580,0
111587,0
111588,0
111589,0
111591,1
111592,1
111595,1
111596,1
111600,0
111601,1
111606,0
111608,0
111610,0
111611,0
111614,1
111615,1
111621,1
111626,1
111627,0
111629,1
111634,1
111635,0
111636,0
111637,1
111639,1
111640,1
111644,0
111645,1
111647,0
111653,1
111656,0
111658,0
111660,1
111663,0
111666,0
111679,0
111680,1
111681,1
111683,0
111686,1
111688,1
111689,0
111693,0
111698,1
111701,1
111703,1
111704,1
111705,0
111707,0
111711,1
111712,0
111717,1
111722,0
111723,1
111724,0
111725,1
111726,0
111730,0
111733,0
111736,1
111737,0
111741,1
111745,1
111746,0
111747,0
111750,1
111751,0
111753,1
111755,0
111756,1
111758,1
111759,0
111761,1
111762,0
111763,0
111768,0
111769,1
111771,0
111774,0
111777,1
111778,0
111781,1
111782,1
111788,0
111789,0
111791,0
111792,0
111793,1
111795,1
111800,0
111801,0
111808,1
111809,0
111811,1
111812,0
111814,0
111815,0
111817,1
111819,1
111820,0
111821,1
111824,0
111826,1
111832,1
111833,1
111837,0
111838,1
111840,1
111841,0
111842,1
111851,0
111852,0
111858,0
111861,0
111863,0
111864,1
111867,1
111868,0
111870,0
111872,1
111873,1
111880,0
111881,1
111884,1
111886,1
111887,0
111890,0
111891,1
111892,1
111893,0
111896,1
111900,0
111903,0
111905,0
111907,0
111910,1
111912,0
111913,1
111914,0
111915,0
111916,1
111918,1
111922,0
111924,0
111925,0
111926,1
111927,1
111929,1
111932,1
111935,1
111937,0
111940,1
111941,0
111942,0
111945,0
111946,1
111947,1
111948,0
111949,0
111951,0
111953,0
111955,0
111956,1
111962,0
111967,0
111970,0
111976,0
111979,1
111981,0
111982,0
111988,1
111989,0
111990,1
111991,0
111992,0
111998,0
112001,1
112004,1
112011,0
112012,1
112013,1
112018,1
112019,0
112021,1
112022,1
112023,0
112025,0
112027,0
112031,1
112032,1
112034,1
112035,1
112040,1
112041,0
112045,1
112048,0
112049,0
112050,0
112053,1
112055,1
112063,0
112067,0
112068,0
112069,0
112073,1
112075,1
112076,0
112083,1
112086,1
112087,1
112088,0
112092,0
112093,1
112095,0
112097,1
112102,1
112104,0
112106,0
112107,0
112116,0
112118,0
112122,0
112124,0
112129,1
112130,0
112137,1
112138,1
112142,0
112147,0
112148,0
112151,0
112156,0
112162,0
112163,0
112166,0
112167,0
112171,0
112177,0
112178,0
112179,1
112181,0
112186,1
112187,1
112188,0
112189,0
112190,0
112191,0
112192,1
112193,0
112194,0
112195,1
112198,1
112201,0
112204,0
112206,0
112208,1
112215,1
112216,1
112218,1
112223,0
112225,0
112226,1
112227,1
112230,1
112241,1
112243,0
112244,1
112249,0
112253,0
112254,1
112259,1
112261,1
112266,0
112269,0
112272,1
112276,0
112278,0
112279,0
112287,1
112293,0
112295,1
112296,1
112297,1
112301,1
112304,0
112306,1
112308,1
112310,0
112312,1
112313,1
112314,1
112322,0
112328,0
112329,1
112330,1
112336,1
112340,0
112343,1
112349,1
112351,0
112353,0
112354,0
112356,1
112360,0
112361,1
112363,0
112366,0
112367,0
112371,0
112373,0
112374,0
112375,0
112376,0
112377,0
112378,1
112379,0
112381,1
112384,1
112385,1
112386,0
112388,1
112390,1
112392,1
112394,0
112397,1
112398,1
112406,1
112407,1
112408,1
112412,0
112415,1
112417,1
112419,1
112426,0
112428,0
112430,0
112431,0
112434,1
112435,0
112443,0
112444,0
112447,1
112448,1
112449,1
112452,1
112453,0
112456,0
112457,0
112458,1
112460,0
112461,1
112463,1
112464,0
112466,0
112471,0
112477,1
112479,1
112481,0
112483,1
112485,1
112491,1
112493,0
112494,1
112498,0
112500,0
112501,0
112503,1
112507,1
112517,0
112519,1
112521,1
112527,0
112529,1
112534,1
112535,0
112537,0
112541,1
112543,0
112547,1
112552,0
112554,1
112555,1
112557,1
112558,0
112559,1
112561,1
112563,1
112565,1
112569,1
112573,1
112574,0
112576,1
112578,0
112579,0
112583,1
112586,1
112587,1
112588,0
112590,0
112591,1
112592,0
112594,1
112598,0
112608,0
112609,1
112611,1
112617,0
112623,0
112628,1
112629,1
112632,0
112634,1
112635,0
112636,0
112637,1
112638,1
112640,1
112641,0
112643,0
112652,1
112654,0
112657,1
112663,0
112664,1
112665,1
112666,0
112667,0
112670,1
112671,1
112673,1
112675,0
112678,1
112681,1
112682,0
112688,1
112690,1
112691,0
112693,0
112694,0
112695,1
112697,1
112706,1
112707,1
112711,0
112714,0
112716,0
112718,1
112719,0
112721,1
112724,1
112725,1
112726,1
112728,1
112731,0
112732,0
112733,0
112736,1
112742,1
112743,0
112744,1
112747,1
112750,0
112751,0
112755,0
112756,1
112757,1
112758,1
112760,1
112761,0
112762,1
112763,0
112764,0
112768,0
112769,0
112775,0
112782,1
112784,0
112789,0
112792,1
112793,1
112795,1
112797,1
112799,0
112800,0
112801,1
112803,0
112804,1
112807,1
112812,1
112816,0
112818,1
112827,1
112834,0
112838,1
112839,0
112846,0
112854,1
112856,0
112860,1
112861,0
112865,0
112870,0
112871,1
112873,1
112874,1
112880,1
112881,0
112884,1
112886,1
112887,0
112893,0
112896,1
112901,1
112902,1
112904,0
112906,1
112907,0
112908,0
112910,1
112915,0
112916,0
112919,1
112922,1
112924,1
112929,1
112932,1
112933,1
112937,0
112938,0
112940,0
112941,1
112947,1
112951,1
112952,1
112957,0
112959,1
112962,1
112965,1
112970,0
112971,1
112973,1
112975,1
112982,0
112984,1
112988,0
112989,1
112994,1
112996,0
112997,1
113002,1
113004,0
113006,0
113007,0
113010,0
113011,1
113012,0
113013,0
113020,1
113022,1
113026,1
113028,1
113029,1
113030,0
113032,0
113033,1
113036,1
113040,0
113043,1
113044,0
113045,0
113047,0
113053,1
113054,0
113056,0
113058,1
113059,0
113061,0
113063,0
113068,0
113071,1
113073,1
113074,1
113076,0
113080,1
113085,0
113086,0
113087,1
113091,1
113094,1
113095,0
113101,0
113108,1
113109,1
113110,0
113111,1
113113,0
113114,1
113115,0
113122,0
113123,0
113124,1
113126,1
113128,0
113129,0
113131,1
113135,1
113137,0
113138,0
113144,0
113145,1
113146,0
113153,1
113156,1
113158,0
113160,1
113161,1
113162,0
113163,1
113164,1
113173,1
113177,0
113178,1
113179,1
113181,1
113183,1
113184,0
113188,0
113189,1
113192,0
113193,0
113195,0
113197,1
113198,1
113200,0
113202,1
113209,1
113212,0
113214,1
113217,1
113219,1
113220,1
113223,0
113224,0
113231,1
113232,0
113237,1
113239,0
113240,0
113241,1
113242,1
113243,0
113245,1
113246,1
113248,1
113249,0
113255,1
113257,1
113260,0
113263,0
113265,1
113270,0
113273,0
113279,1
113291,0
113292,0
113295,1
113296,1
113299,0
113302,0
113307,1
113309,0
113310,0
113312,1
113313,0
113314,0
113319,1
113321,0
113325,1
113327,1
113328,0
113330,1
113332,0
113333,1
113335,1
113336,1
113338,0
113339,1
113343,1
113347,1
113349,0
113352,0
113353,1
113357,0
113358,1
113359,0
113361,0
113368,0
113369,0
113370,1
113371,1
113375,1
113379,0
113382,0
113383,0
113387,0
113389,0
113390,0
113391,1
113392,0
113395,0
113397,0
113401,1
113403,1
113406,1
113410,0
113412,0
113416,1
113418,0
113419,0
113424,1
113427,1
113432,0
113433,0
113434,1
113436,0
113437,0
113439,0
113440,0
113441,0
113442,1
113449,0
113458,0
113462,0
113464,0
113466,0
113467,0
113468,0
113469,0
113475,1
113480,1
113486,1
113488,0
113490,1
113491,0
113492,0
113495,1
113499,0
113504,0
113505,0
113508,0
113509,0
113514,1
113518,0
113519,0
113521,0
113529,1
113530,1
113531,0
113533,1
113536,0
113537,1
113538,1
113541,1
113547,0
113554,1
113556,0
113557,1
113562,0
113563,1
113564,1
113566,1
113567,0
113575,0
113577,0
113578,0
113581,0
113582,1
113584,1
113586,1
113587,0
113589,0
113591,1
113595,1
113603,0
113604,0
113605,1
113610,1
113611,0
113613,1
113616,1
113628,0
113630,1
113634,0
113635,1
113637,0
113645,0
113647,1
113649,1
113650,1
113651,0
113652,1
113653,1
113654,1
113657,1
113658,1
113662,1
113666,1
113667,0
113673,0
113683,1
113684,0
113689,0
113693,0
113698,1
113701,1
113702,0
113709,0
113711,0
113712,0
113721,0
113722,1
113723,1
113731,1
113732,0
113734,1
113735,1
113737,0
113738,0
113741,0
113743,0
113744,0
113745,0
113746,1
113747,0
113750,0
113751,1
113755,0
113757,1
113758,1
113761,1
113763,1
113764,1
113770,0
113777,0
113779,0
113781,1
113782,0
113792,0
113793,1
113794,1
113797,0
113798,1
113802,1
113807,1
113808,1
113809,0
113810,1
113816,1
113819,1
113824,0
113826,1
113827,1
113828,0
113830,0
113837,1
113838,0
113839,1
113844,0
113850,1
113853,1
113854,1
113860,1
113863,1
113865,1
113868,0
113872,1
113874,1
113876,0
113882,1
113883,0
113885,0
113888,1
113891,1
113892,0
113894,0
113896,1
113897,1
113906,1
113907,0
113908,0
113910,1
113911,1
113917,1
113919,1
113920,1
113922,1
113926,0
113927,1
113928,0
113931,0
113932,0
113933,1
113939,0
113943,1
113949,1
113950,1
113953,0
113954,1
113955,0
113959,0
113961,1
113962,0
113963,1
113970,0
113975,1
113982,0
113991,0
113992,1
113994,1
113995,1
113996,0
113998,0
114001,1
114002,1
114003,0
114005,0
114007,0
114017,1
114019,0
114021,1
114025,1
114026,0
114027,0
114032,1
114035,0
114037,0
114038,1
114042,0
114043,0
114044,0
114045,0
114048,0
114053,0
114055,0
114059,0
114061,1
114063,0
114066,0
114070,0
114073,1
114078,0
114079,0
114080,0
114081,0
114082,0
114083,0
114084,1
114086,0
114088,0
114090,1
114091,1
114094,1
114098,1
114103,1
114104,0
114105,0
114106,0
114108,0
114109,0
114112,1
114114,0
114115,0
114117,1
114122,1
114124,0
114125,0
114131,0
114133,0
114135,0
114139,1
114140,1
114141,1
114142,0
114143,1
114144,0
114151,0
114153,0
114159,1
114160,1
114162,1
114167,1
114170,0
114172,0
114178,0
114181,0
114182,1
114188,1
114189,0
114191,1
114193,1
114195,1
114196,1
114201,0
114202,0
114203,1
114204,0
114210,0
114214,0
114215,0
114226,1
114227,1
114228,0
114229,0
114236,1
114238,1
114239,0
114240,0
114241,0
114244,1
114246,0
114249,0
114250,0
114251,0
114252,0
114259,1
114264,1
114268,0
114283,1
114284,0
114286,0
114287,0
114289,0
114291,1
114294,1
114295,1
114296,1
114298,0
114300,1
114301,0
114304,0
114305,1
114309,1
114313,1
114314,0
114318,1
114327,0
114329,1
114330,0
114332,0
114333,1
114336,0
114337,0
114339,0
114340,0
114341,0
114343,1
114348,0
114350,0
114354,1
114356,1
114364,1
114365,1
114366,0
114367,1
114368,0
114369,1
114371,1
114373,0
114374,1
114375,0
114376,1
114377,0
114379,1
114382,0
114384,1
114385,0
114387,0
114390,0
114391,1
114392,0
114393,1
114403,1
114405,0
114406,0
114407,1
114408,1
114409,1
114412,1
114418,0
114421,1
114425,1
114433,0
114434,0
114436,0
114441,1
114443,1
114445,1
114446,0
114447,0
114449,1
114454,0
114458,0
114459,0
114461,0
114468,0
114469,1
114472,1
114473,0
114475,0
114482,0
114483,1
114484,1
114488,1
114489,1
114491,0
114492,1
114496,1
114497,1
114501,0
114503,0
114506,0
114508,0
114512,0
114513,1
114514,1
114518,0
114519,1
114521,1
114525,0
114532,0
114536,0
114537,1
114538,0
114542,1
114543,0
114544,1
114545,1
114550,1
114551,1
114552,0
114553,1
114560,1
114563,1
114567,0
114569,1
114572,0
114576,0
114578,0
114580,1
114582,1
114583,0
114585,0
114587,0
114591,1
114592,0
114593,0
114595,0
114597,1
114601,1
114608,1
114609,0
114612,0
114614,1
114622,1
114623,1
114626,0
114628,0
114630,1
114639,0
114640,1
114641,0
114642,1
114643,1
114645,1
114647,1
114648,0
114649,1
114651,0
114655,1
114657,0
114659,1
114663,1
114675,1
114679,0
114681,0
114684,0
114688,0
114689,1
114690,1
114691,0
114693,1
114696,0
114701,1
114702,1
114703,0
114705,1
114706,0
114707,0
114709,0
114710,0
114711,1
114712,0
114713,0
114715,0
114719,0
114726,0
114727,0
114734,1
114736,1
114739,0
114743,1
114745,0
114746,1
114751,0
114752,1
114756,0
114758,0
114760,1
114764,0
114765,0
114770,1
114775,1
114776,0
114779,0
114782,0
114787,1
114793,1
114797,1
114800,0
114803,0
114807,1
114809,1
114811,0
114812,1
114815,1
114821,1
114822,0
114823,0
114824,1
114827,1
114829,0
114831,1
114832,0
114836,0
114837,1
114838,0
114845,1
114850,0
114852,1
114861,0
114862,1
114863,1
114864,1
114868,0
114871,0
114873,1
114875,0
114877,0
114878,0
114879,1
114880,1
114882,1
114883,1
114885,1
114887,0
114892,0
114894,1
114895,0
114898,0
114902,1
114903,1
114906,0
114910,1
114918,0
114924,1
114927,1
114929,0
114930,1
114931,1
114933,1
114938,0
114940,1
114942,1
114943,0
114945,0
114946,1
114947,1
114949,1
114951,0
114957,1
114971,0
114975,0
114978,0
114989,1
114992,0
115001,0
115003,0
115006,0
115007,0
115008,1
115012,1
115020,1
115025,1
115026,1
115028,1
115029,0
115030,1
115031,1
115035,0
115036,0
115039,0
115049,0
115053,0
115054,1
115056,1
115058,0
115061,0
115064,1
115065,1
115066,1
115069,0
115072,0
115073,0
115078,1
115080,0
115082,0
115084,0
115086,1
115087,0
115089,0
115090,0
115092,0
115093,0
115095,1
115097,1
115099,0
115102,1
115103,0
115104,0
115108,0
115112,0
115114,0
115120,1
115121,0
115126,1
115128,0
115129,0
115137,0
115138,0
115139,0
115142,0
115145,0
115147,0
115150,0
115153,0
115156,0
115159,1
115163,1
115164,1
115165,1
115167,1
115174,0
115175,1
115178,1
115180,1
115181,0
115187,0
115190,0
115193,0
115195,0
115196,0
115197,0
115198,0
115205,1
115209,0
115210,1
115211,0
115212,1
115215,1
115221,1
115223,0
115232,1
115235,0
115237,1
115238,0
115244,0
115245,1
115256,1
115257,1
115258,1
115261,0
115262,0
115263,1
115264,1
115266,1
115269,1
115270,0
115272,0
115274,0
115275,0
115276,0
115281,1
115284,0
115288,1
115290,0
115292,0
115296,1
115297,1
115298,1
115299,0
115302,0
115303,1
115307,0
115308,0
115309,1
115312,0
115314,1
115316,0
115317,1
115318,0
115319,0
115322,0
115324,0
115329,0
115331,0
115332,1
115339,0
115346,0
115348,1
115349,1
115358,1
115359,1
115360,0
115362,0
115364,1
115365,0
115368,0
115379,1
115381,0
115385,1
115389,1
115391,1
115393,0
115396,0
115397,1
115398,1
115404,1
115405,0
115406,1
115409,0
115412,1
115413,1
115414,1
115415,1
115416,1
115420,0
115423,0
115425,1
115429,0
115430,0
115431,1
115436,0
115437,1
115439,0
115440,1
115441,1
115446,0
115447,1
115450,1
115451,1
115453,0
115460,0
115466,0
115471,0
115474,0
115478,1
115479,0
115485,1
115486,1
115489,1
115494,0
115496,0
115497,1
115501,0
115503,1
115512,1
115515,0
115516,1
115518,0
115521,0
115527,1
115528,0
115529,1
115533,1
115535,1
115538,0
115541,1
115543,1
115544,1
115547,1
115549,0
115551,0
115553,0
115557,1
115558,1
115560,1
115561,0
115562,1
115563,0
115564,0
115565,0
115571,0
115572,1
115576,1
115577,0
115578,0
115584,0
115585,0
115587,1
115588,0
115589,0
115590,1
115596,1
115598,1
115600,1
115602,0
115608,0
115609,1
115610,0
115614,0
115619,1
115620,0
115621,0
115622,0
115629,0
115631,1
115635,1
115636,1
115638,0
115639,1
115640,1
115643,1
115645,1
115647,0
115653,1
115655,0
115658,0
115659,0
115660,0
115661,1
115672,1
115673,1
115680,0
115683,1
115684,1
115686,1
115688,1
115694,0
115699,0
115706,0
115708,0
115709,0
115710,0
115711,0
115713,1
115717,1
115720,0
115721,1
115722,1
115727,0
115733,0
115740,0
115747,0
115750,0
115753,1
115754,1
115755,1
115756,1
115758,0
115764,0
115767,0
115768,1
115769,1
115774,1
115775,1
115776,1
115777,1
115779,0
115780,1
115782,1
115783,0
115784,0
115785,1
115787,0
115793,0
115794,0
115795,0
115797,0
115798,1
115800,1
115801,0
115802,0
115803,1
115804,1
115806,1
115807,1
115810,0
115813,1
115814,0
115815,0
115817,0
115827,1
115828,1
115835,0
115836,0
115837,1
115840,0
115841,0
115844,0
115845,1
115850,0
115851,0
115852,0
115858,0
115861,1
115865,0
115866,1
115870,1
115875,0
115876,1
115877,0
115879,0
115880,0
115882,0
115887,1
115888,0
115890,0
115891,0
115893,0
115896,0
115899,1
115906,1
115907,0
115909,1
115912,0
115916,0
115917,1
115921,1
115923,0
115924,1
115925,0
115929,0
115934,0
115940,1
115945,0
115947,1
115949,1
115950,0
115952,0
115953,0
115954,1
115965,0
115967,1
115968,0
115969,0
115973,1
115974,1
115982,0
115984,1
115987,0
115988,0
115991,1
115992,0
115994,0
115996,0
115998,0
116003,1
116005,0
116006,0
116007,0
116021,1
116024,1
116027,1
116030,0
116035,0
116037,1
116039,0
116042,0
116045,0
116050,0
116052,1
116053,1
116058,0
116060,0
116061,1
116062,0
116064,0
116068,0
116074,1
116076,1
116079,1
116081,0
116082,1
116083,0
116084,1
116085,1
116089,0
116095,0
116096,1
116098,1
116099,0
116106,1
116108,1
116113,0
116115,0
116116,0
116120,0
116125,0
116127,1
116130,1
116133,0
116134,0
116142,0
116144,0
116148,0
116154,1
116157,0
116162,0
116163,0
116165,0
116166,0
116168,0
116172,1
116174,0
116177,0
116180,0
116182,1
116184,1
116185,1
116186,0
116187,1
116188,1
116189,0
116191,0
116192,1
116194,0
116197,0
116199,1
116205,1
116206,0
116208,0
116209,0
116210,0
116211,1
116212,0
116214,0
116215,1
116218,1
116219,0
116225,0
116226,1
116230,1
116231,1
116233,0
116234,0
116238,1
116240,0
116245,1
116246,0
116248,0
116250,0
116252,1
116253,0
116254,0
116255,0
116257,1
116258,1
116262,0
116263,1
116264,0
116267,1
116269,0
116271,1
116274,0
116276,0
116279,0
116281,0
116284,0
116286,0
116291,0
116295,0
116302,1
116305,0
116306,0
116309,0
116310,0
116312,1
116314,1
116319,1
116320,0
116327,0
116328,1
116333,0
116335,1
116338,1
116342,1
116343,0
116345,1
116348,0
116352,1
116353,1
116356,1
116357,1
116361,1
116362,1
116363,1
116364,0
116365,1
116366,0
116367,0
116368,0
116370,1
116374,1
116380,0
116383,0
116385,1
116386,0
116388,1
116389,0
116390,0
116397,0
116398,1
116404,1
116405,1
116406,1
116407,0
116409,0
116410,0
116411,1
116412,0
116414,0
116415,0
116416,0
116417,0
116421,0
116422,0
116428,1
116431,1
116432,1
116436,0
116439,1
116440,0
116441,0
116442,0
116444,0
116448,1
116449,0
116450,1
116453,1
116454,1
116455,0
116457,0
116459,0
116460,0
116465,1
116466,0
116467,0
116471,0
116475,0
116477,1
116480,1
116481,0
116483,0
116488,1
116489,0
116491,1
116494,0
116496,1
116501,1
116502,1
116504,0
116505,1
116510,1
116513,0
116515,1
116520,0
116522,0
116526,0
116527,0
116529,0
116530,1
116532,0
116533,1
116534,1
116535,1
116537,1
116538,1
116546,1
116550,1
116555,0
116556,1
116560,0
116569,1
116571,1
116572,1
116574,1
116575,0
116577,0
116578,1
116583,1
116584,0
116590,1
116591,1
116593,1
116594,0
116596,0
116600,1
116610,0
116612,1
116616,0
116617,0
116622,0
116623,1
116627,1
116628,0
116629,0
116630,1
116632,1
116633,1
116639,1
116645,1
116648,1
116656,0
116657,0
116658,1
116659,0
116660,1
116667,0
116668,0
116669,1
116672,0
116673,0
116680,1
116684,0
116687,1
116688,1
116693,0
116696,1
116698,1
116701,0
116704,0
116708,0
116709,1
116710,1
116711,1
116713,1
116714,0
116716,1
116723,1
116725,0
116726,1
116727,0
116731,1
116732,1
116735,0
116736,0
116739,0
116741,0
116742,0
116748,0
116749,1
116751,0
116755,1
116757,0
116760,1
116762,1
116765,1
116767,0
116768,0
116769,1
116770,1
116771,1
116777,1
116778,1
116780,0
116781,0
116782,1
116786,1
116788,1
116790,1
116798,0
116799,0
116800,0
116802,0
116809,1
116810,1
116815,1
116818,1
116821,1
116822,1
116823,0
116826,0
116828,0
116829,0
116830,1
116832,0
116833,0
116837,1
116840,0
116842,1
116843,0
116845,0
116846,0
116849,0
116850,0
116853,0
116854,0
116857,0
116859,0
116860,0
116861,0
116863,0
116870,0
116871,0
116872,1
116876,0
116877,0
116879,0
116881,0
116882,1
116883,0
116885,0
116887,1
116888,1
116894,0
116895,1
116896,0
116897,0
116898,0
116899,0
116901,0
116904,0
116908,1
116910,0
116912,1
116914,1
116916,0
116918,1
116929,1
116935,0
116941,0
116943,0
116945,0
116946,1
116951,0
116954,0
116956,1
116958,0
116959,0
116960,0
116965,0
116968,0
116975,1
116977,1
116978,0
116981,1
116982,1
116984,1
116988,0
116990,1
116991,1
116994,1
116996,0
116999,0
117002,0
117004,1
117005,1
117007,0
117008,0
117016,0
117020,1
117021,1
117024,1
117027,0
117029,0
117035,0
117037,0
117040,0
117042,0
117044,1
117046,1
117050,0
117054,0
117056,0
117063,1
117064,1
117066,0
117069,1
117070,0
117075,1
117077,0
117080,0
117087,0
117089,0
117098,0
117101,0
117104,0
117108,1
117111,1
117112,1
117113,0
117115,1
117122,0
117127,0
117131,1
117132,0
117134,1
117137,1
117144,0
117148,1
117149,1
117153,1
117155,0
117158,1
117161,0
117163,0
117164,0
117165,0
117167,1
117171,0
117172,0
117175,1
117177,1
117181,0
117182,1
117183,0
117189,0
117192,0
117194,1
117196,0
117202,0
117204,0
117209,1
117213,1
117214,0
117217,0
117218,0
117219,1
117220,1
117225,1
117226,0
117228,0
117232,1
117233,1
117236,0
117240,1
117253,0
117255,0
117256,0
117258,1
117259,1
117261,0
117266,1
117270,1
117275,0
117278,1
117281,0
117283,1
117284,0
117285,1
117286,0
117287,0
117288,1
117292,1
117293,1
117294,1
117297,0
117299,1
117300,0
117304,1
117306,0
117307,1
117309,1
117310,1
117312,1
117315,1
117318,0
117319,1
117327,0
117330,0
117331,1
117332,1
117333,0
117335,0
117340,1
117343,0
117347,0
117348,0
117349,0
117350,0
117351,0
117352,1
117353,0
117354,0
117355,1
117358,0
117359,0
117363,1
117364,0
117368,1
117376,1
117380,0
117381,0
117386,0
117389,0
117391,1
117394,0
117396,0
117398,0
117401,0
117406,0
117408,1
117409,1
117412,0
117413,0
117416,1
117418,1
117420,0
117422,1
117423,1
117424,0
117426,1
117427,1
117432,0
117435,0
117438,0
117442,0
117445,1
117448,0
117449,1
117450,0
117451,1
117452,1
117454,0
117455,1
117460,0
117461,0
117463,0
117464,0
117465,0
117467,1
117468,1
117471,0
117475,0
117477,0
117479,1
117480,0
117485,1
117487,0
117488,1
117489,0
117490,1
117491,1
117494,0
117496,1
117497,1
117504,1
117508,0
117510,0
117520,1
117521,0
117522,1
117526,1
117530,0
117534,0
117536,1
117547,0
117550,1
117551,1
117553,1
117559,1
117560,0
117563,0
117564,0
117569,1
117570,1
117572,0
117573,0
117574,0
117575,1
117576,0
117578,0
117579,1
117580,0
117581,0
117585,0
117586,0
117593,0
117595,0
117596,0
117597,0
117599,1
117600,1
117601,0
117603,0
117606,0
117607,0
117610,1
117611,0
117612,0
117618,0
117619,1
117621,1
117622,1
117626,1
117629,0
117630,0
117635,1
117637,0
117638,1
117640,0
117641,0
117647,0
117648,1
117651,1
117656,0
117659,0
117660,1
117664,0
117668,0
117670,0
117671,1
117674,1
117678,0
117682,0
117683,0
117686,1
117693,0
117696,0
117698,0
117699,1
117701,1
117702,1
117705,0
117707,1
117710,1
117714,1
117716,0
117717,1
117718,0
117721,0
117725,1
117726,1
117730,0
117734,0
117735,0
117736,0
117738,0
117740,1
117743,0
117745,0
117746,0
117753,0
117754,0
117756,0
117757,1
117759,0
117762,0
117763,1
117764,0
117773,0
117775,1
117780,0
117785,0
117787,0
117788,1
117794,0
117796,0
117802,1
117807,0
117809,1
117812,0
117814,0
117816,1
117825,1
117830,0
117833,1
117834,0
117836,1
117843,0
117846,1
117847,1
117854,0
117859,1
117861,1
117862,1
117863,1
117864,0
117865,1
117868,1
117871,1
117874,0
117875,0
117879,0
117880,0
117882,0
117884,1
117892,0
117898,1
117901,0
117902,1
117903,1
117904,1
117905,1
117906,1
117909,1
117910,1
117911,0
117922,0
117927,1
117929,0
117930,0
117933,0
117938,0
117939,0
117942,1
117943,0
117947,1
117948,0
117950,0
117953,0
117954,1
117957,0
117958,1
117962,0
117965,1
117968,1
117974,1
117977,1
117978,1
117979,1
117980,1
117981,1
117989,1
117990,0
117991,1
117993,1
117998,1
118003,1
118007,0
118008,1
118009,1
118012,0
118015,0
118016,1
118017,1
118020,1
118022,0
118023,1
118025,1
118028,0
118029,0
118030,1
118031,1
118033,0
118037,1
118041,1
118049,0
118050,0
118052,0
118054,1
118055,0
118057,1
118059,1
118062,1
118063,0
118067,1
118068,1
118074,1
118078,1
118081,0
118082,1
118083,1
118085,1
118087,0
118088,1
118091,0
118100,0
118104,0
118107,1
118108,0
118109,0
118114,0
118116,0
118117,0
118118,0
118119,0
118120,1
118121,0
118125,0
118130,1
118134,0
118135,0
118137,0
118138,1
118139,1
118141,0
118149,1
118150,0
118151,0
118152,1
118154,1
118155,0
118157,1
118159,1
118163,1
118164,0
118167,1
118170,1
118172,1
118174,0
118179,0
118188,0
118189,1
118191,1
118194,1
118195,0
118196,0
118197,0
118199,0
118200,1
118201,0
118202,1
118205,1
118206,0
118209,0
118210,0
118213,1
118215,1
118219,0
118221,1
118231,0
118235,1
118243,0
118245,1
118247,1
118250,1
118253,0
118254,0
118255,0
118257,1
118258,0
118261,1
118263,1
118265,1
118266,0
118269,1
118271,0
118272,0
118275,0
118276,0
118278,1
118280,1
118281,0
118282,1
118285,1
118286,1
118287,0
118288,1
118289,0
118290,1
118292,0
118293,1
118296,1
118299,0
118306,0
118307,1
118308,0
118309,0
118312,0
118314,1
118321,0
118322,1
118323,1
118329,0
118330,1
118332,1
118335,0
118346,0
118347,1
118348,1
118351,0
118352,0
118353,1
118357,1
118360,1
118361,1
118362,0
118364,0
118365,0
118367,0
118368,0
118374,1
118375,1
118378,1
118380,0
118381,1
118383,0
118386,1
118391,0
118395,1
118403,0
118405,0
118407,1
118408,0
118410,0
118411,1
118416,1
118417,1
118419,0
118422,1
118425,1
118426,0
118430,1
118431,1
118432,1
118434,1
118435,0
118436,0
118437,1
118438,1
118440,1
118445,1
118446,1
118447,0
118449,1
118451,1
118452,1
118453,0
118454,1
118455,0
118457,0
118458,0
118459,0
118461,0
118462,1
118467,0
118476,0
118478,1
118484,1
118486,1
118487,0
118496,0
118498,0
118500,0
118503,1
118507,0
118508,1
118511,0
118519,0
118521,0
118522,1
118524,1
118528,1
118530,0
118531,0
118533,1
118540,0
118544,0
118545,1
118546,0
118547,0
118551,1
118552,0
118553,0
118554,0
118559,1
118562,1
118563,1
118566,1
118570,1
118574,1
118575,0
118576,1
118582,1
118585,1
118588,1
118590,1
118592,1
118593,1
118594,0
118596,1
118606,1
118607,0
118609,0
118610,0
118612,0
118616,0
118619,1
118620,1
118625,1
118628,1
118634,1
118636,0
118637,1
118638,0
118640,1
118641,1
118643,0
118647,1
118653,0
118654,1
118661,0
118669,1
118673,0
118674,0
118675,1
118676,1
118681,0
118685,1
118686,0
118688,1
118690,0
118697,1
118699,0
118700,0
118705,1
118706,1
118707,0
118708,1
118709,0
118710,0
118711,1
118715,1
118716,1
118723,0
118725,1
118728,0
118731,0
118735,1
118741,1
118754,1
118755,1
118761,1
118764,0
118765,0
118766,1
118767,0
118769,1
118774,1
118775,0
118776,1
118777,1
118782,1
118786,1
118788,1
118789,0
118793,0
118801,1
118807,0
118808,0
118811,1
118814,1
118817,1
118819,1
118820,0
118822,1
118825,1
118826,1
118829,1
118834,0
118835,1
118840,0
118843,1
118844,0
118849,1
118850,1
118851,1
118852,0
118863,0
118864,1
118868,1
118869,0
118871,1
118872,1
118873,0
118874,0
118879,0
118890,0
118891,0
118892,1
118899,1
118903,0
118908,1
118911,0
118915,0
118916,0
118919,0
118921,0
118922,0
118923,1
118924,0
118927,1
118928,1
118929,1
118930,0
118932,1
118933,1
118934,1
118938,1
118941,1
118949,0
118950,1
118951,1
118954,1
118959,1
118962,1
118964,0
118965,1
118966,1
118968,1
118969,1
118970,1
118975,0
118977,1
118978,1
118979,0
118980,0
118981,1
118982,0
118986,1
118988,0
118989,1
118990,1
118991,0
118992,0
118993,1
118994,1
118996,0
118999,0
119001,1
119004,1
119012,1
119013,0
119015,1
119016,0
119020,1
119022,0
119024,0
119027,0
119031,0
119032,1
119033,0
119037,1
119040,0
119047,0
119049,0
119054,1
119062,0
119063,0
119065,0
119067,0
119069,0
119071,0
119073,0
119077,1
119079,1
119084,0
119085,0
119090,0
119095,0
119096,1
119102,1
119104,0
119107,0
119109,0
119114,0
119118,0
119120,1
119124,1
119128,1
119130,0
119131,1
119132,1
119133,0
119136,0
119138,1
119140,0
119141,0
119142,0
119144,1
119149,1
119150,0
119151,1
119153,0
119156,0
119159,1
119165,1
119171,0
119172,0
119173,1
119179,0
119181,0
119184,0
119185,0
119186,0
119187,1
119190,1
119191,1
119195,1
119197,0
119202,1
119205,1
119211,0
119212,1
119213,0
119215,1
119216,0
119218,1
119219,0
119220,0
119222,0
119223,1
119224,1
119225,1
119227,0
119229,1
119230,1
119233,0
119235,0
119237,1
119240,0
119241,0
119248,1
119252,1
119254,1
119258,1
119259,1
119260,1
119261,0
119262,0
119269,0
119270,1
119272,1
119274,1
119278,1
119279,0
119286,0
119287,1
119289,1
119290,0
119291,0
119296,0
119298,1
119304,0
119306,1
119308,0
119311,0
119313,0
119315,1
119316,0
119320,0
119323,1
119324,0
119332,0
119333,0
119335,1
119337,1
119339,0
119342,0
119344,1
119346,0
119347,1
119352,0
119354,0
119355,1
119357,1
119360,0
119362,0
119365,0
119366,1
119367,0
119368,0
119369,1
119370,0
119372,1
119373,0
119384,1
119386,1
119387,1
119389,0
119390,1
119393,0
119396,1
119397,1
119400,0
119401,0
119402,0
119403,0
119404,1
119405,1
119407,0
119416,0
119418,0
119419,1
119421,0
119424,0
119425,1
119426,1
119427,0
119429,1
119430,1
119431,0
119432,0
119433,1
119434,0
119442,0
119443,0
119445,1
119448,0
119449,1
119450,0
119451,0
119452,1
119453,0
119454,0
119455,0
119458,0
119460,1
119463,1
119464,0
119466,1
119467,0
119471,1
119472,1
119476,1
119477,1
119480,0
119482,1
119483,0
119484,1
119486,1
119488,1
119493,1
119495,0
119496,1
119498,0
119499,1
119501,0
119502,0
119503,1
119507,0
119508,0
119512,0
119516,0
119522,0
119528,0
119529,1
119531,1
119534,0
119535,1
119538,1
119541,1
119542,0
119543,0
119544,1
119551,0
119553,1
119554,1
119555,0
119558,0
119564,0
119579,0
119582,0
119583,1
119584,1
119588,1
119592,0
119593,1
119594,1
119597,0
119599,1
119600,1
119603,0
119607,1
119613,1
119614,0
119615,0
119624,0
119628,0
119629,1
119630,1
119635,1
119636,0
119641,0
119644,1
119652,1
119653,1
119655,1
119656,1
119657,1
119659,0
119663,1
119666,0
119669,1
119670,1
119671,0
119672,0
119673,1
119675,0
119676,0
119678,1
119680,1
119681,1
119689,1
119693,0
119695,1
119698,1
119699,0
119700,1
119706,0
119707,0
119711,0
119712,0
119714,1
119716,1
119717,1
119720,1
119721,0
119722,0
119725,1
119727,0
119730,0
119732,1
119733,0
119735,1
119736,1
119737,0
119740,0
119741,1
119742,1
119743,1
119746,1
119749,0
119755,0
119756,0
119758,1
119760,0
119763,1
119766,1
119767,0
119768,1
119769,0
119770,0
119771,1
119774,1
119776,1
119777,0
119779,1
119780,0
119781,1
119782,0
119787,1
119789,1
119793,1
119795,0
119796,1
119799,0
119802,1
119804,1
119807,1
119809,0
119810,1
119812,0
119813,1
119814,1
119817,0
119821,0
119827,1
119828,1
119830,1
119831,1
119833,1
119834,0
119838,0
119841,1
119845,1
119846,0
119847,0
119851,1
119853,1
119856,0
119858,1
119861,0
119862,0
119865,1
119866,0
119867,1
119870,0
119877,0
119878,0
119881,1
119882,1
119883,1
119885,1
119887,0
119888,1
119890,1
119892,0
119894,1
119902,1
119903,1
119905,0
119906,1
119910,0
119912,1
119914,0
119915,0
119922,0
119924,1
119929,0
119931,1
119932,1
119945,0
119949,1
119952,1
119954,1
119955,1
119958,1
119959,0
119961,1
119963,1
119966,1
119967,0
119968,1
119970,0
119973,1
119976,0
119983,1
119984,0
119986,1
119987,1
119988,0
119990,0
119991,1
119992,0
120002,1
120005,0
120006,0
120010,0
120011,0
120012,1
120014,1
120015,0
120018,1
120021,1
120022,1
120027,0
120028,0
120029,1
120032,1
120035,1
120039,1
120040,1
120045,1
120046,1
120057,0
120058,1
120061,0
120071,1
120073,1
120074,0
120076,1
120078,1
120082,0
120084,1
120086,1
120088,1
120089,0
120090,0
120093,1
120094,0
120096,0
120099,1
120100,1
120101,0
120102,0
120106,1
120107,1
120108,1
120111,0
120113,1
120114,1
120117,0
120120,0
120123,0
120124,0
120128,0
120131,1
120132,1
120135,0
120138,1
120142,1
120143,0
120145,1
120147,0
120148,1
120153,0
120154,0
120157,0
120158,0
120160,0
120163,1
120171,1
120176,0
120177,0
120178,1
120190,1
120191,0
120192,1
120193,0
120202,0
120210,0
120211,1
120213,0
120217,0
120219,1
120221,1
120222,1
120225,0
120228,0
120231,1
120232,1
120233,1
120235,1
120240,1
120241,1
120245,1
120248,1
120249,1
120251,1
120256,0
120260,0
120261,0
120262,1
120263,1
120268,0
120269,0
120272,0
120279,0
120282,0
120284,1
120287,1
120289,0
120295,1
120296,1
120298,0
120300,0
120301,0
120303,1
120306,1
120311,1
120313,0
120314,1
120317,0
120318,0
120319,1
120322,1
120326,0
120328,0
120331,1
120335,1
120344,1
120345,0
120346,0
120348,1
120350,0
120351,0
120353,1
120356,0
120358,1
120359,0
120360,0
120361,0
120363,1
120368,1
120369,0
120370,1
120373,1
120374,0
120375,0
120379,0
120381,0
120383,0
120384,0
120386,1
120387,0
120388,0
120390,1
120394,1
120395,0
120400,0
120406,0
120410,1
120412,1
120416,1
120419,1
120429,0
120433,1
120434,1
120438,0
120442,1
120443,0
120446,1
120449,1
120452,1
120454,1
120456,1
120460,0
120461,1
120462,0
120474,0
120479,0
120485,0
120493,0
120494,0
120500,1
120501,0
120502,1
120504,1
120506,0
120511,0
120512,0
120513,1
120514,0
120515,0
120516,0
120519,1
120521,1
120524,1
120526,0
120528,1
120529,0
120530,1
120531,0
120532,0
120533,1
120538,0
120539,0
120542,0
120544,0
120547,0
120551,0
120556,0
120557,0
120559,1
120566,1
120568,0
120576,0
120581,1
120583,0
120592,0
120594,0
120595,0
120601,1
120603,0
120604,0
120608,1
120610,1
120613,0
120616,0
120618,0
120620,0
120623,1
120625,1
120626,0
120627,0
120628,0
120635,1
120637,0
120638,0
120640,0
120644,1
120645,0
120646,0
120650,0
120655,0
120657,0
120659,0
120661,0
120665,0
120666,0
120668,1
120669,0
120670,1
120674,0
120675,1
120677,0
120681,0
120682,1
120684,0
120686,1
120689,0
120690,1
120691,0
120692,1
120695,0
120698,0
120699,0
120708,1
120714,0
120716,0
120717,1
120720,0
120724,1
120728,0
120729,0
120730,0
120731,0
120732,0
120733,0
120738,0
120739,0
120740,0
120741,0
120742,0
120745,0
120747,1
120752,0
120755,0
120761,1
120763,0
120770,1
120771,1
120775,1
120776,0
120778,0
120784,0
120786,0
120789,1
120791,0
120796,0
120801,0
120802,1
120807,0
120810,0
120812,1
120814,0
120818,0
120819,0
120823,0
120824,0
120825,0
120827,0
120828,1
120829,0
120830,0
120836,0
120837,0
120840,0
120841,0
120842,0
120845,0
120852,0
120853,0
120854,0
120860,0
120865,0
120866,0
120868,1
120870,1
120871,0
120872,0
120874,0
120875,1
120879,1
120880,0
120882,1
120887,1
120889,1
120895,0
120896,0
120899,0
120901,0
120903,1
120907,0
120909,0
120915,0
120920,0
120923,0
120924,1
120926,0
120927,1
120928,0
120933,0
120939,1
120940,0
120941,0
120942,0
120943,0
120944,1
120945,1
120950,0
120952,0
120955,1
120962,0
120968,0
120969,0
120970,0
120973,0
120975,0
120976,0
120978,1
120979,0
120982,0
120984,1
120985,0
120990,0
120992,1
120993,1
120994,1
120995,0
120996,1
120999,0
121000,1
121006,1
121007,0
121008,1
121009,1
121011,1
121012,1
121016,1
121019,1
121020,0
121022,0
121024,1
121030,1
121031,1
121038,1
121040,0
121041,1
121044,0
121048,1
121055,1
121056,0
121057,0
121060,0
121063,0
121067,1
121079,0
121092,0
121094,0
121096,1
121097,0
121100,1
121101,0
121108,1
121111,1
121113,1
121114,0
121116,0
121121,0
121122,1
121125,0
121129,1
121130,0
121131,0
121132,1
121133,1
121135,1
121140,0
121146,1
121147,1
121148,0
121152,1
121153,0
121154,1
121158,0
121161,1
121162,1
121164,0
121165,1
121166,0
121167,0
121168,1
121172,0
121177,1
121178,0
121186,0
121194,0
121196,1
121201,0
121202,0
121203,1
121207,0
121208,0
121211,1
121220,0
121221,0
121222,0
121223,1
121224,0
121226,1
121229,1
121235,1
121239,0
121241,1
121246,0
121247,0
121250,0
121252,0
121255,0
121263,0
121265,1
121266,1
121270,1
121271,0
121272,1
121274,1
121275,1
121276,0
121277,1
121278,0
121281,0
121283,1
121287,0
121288,0
121289,1
121291,1
121299,1
121306,1
121307,0
121310,1
121311,0
121312,0
121313,0
121314,0
121318,1
121322,1
121323,0
121325,1
121330,0
121331,0
121332,0
121333,1
121335,1
121339,1
121340,1
121341,0
121342,1
121344,1
121346,1
121347,0
121351,1
121353,0
121354,1
121357,1
121360,0
121361,0
121363,0
121365,1
121366,1
121369,0
121371,0
121372,1
121373,1
121375,1
121386,1
121392,1
121394,1
121397,1
121398,0
121400,0
121403,1
121410,1
121411,0
121415,1
121419,0
121427,0
121433,0
121435,0
121436,0
121444,0
121451,0
121456,0
121458,1
121460,0
121462,0
121463,1
121464,0
121465,1
121472,0
121473,0
121478,0
121483,0
121484,1
121485,0
121486,0
121487,0
121488,1
121492,0
121493,0
121498,0
121499,0
121500,1
121501,0
121502,1
121509,0
121515,0
121516,1
121518,1
121520,1
121521,1
121526,0
121528,0
121532,1
121538,0
121539,1
121542,1
121544,0
121546,0
121548,0
121553,0
121554,1
121555,1
121558,0
121560,0
121561,0
121563,0
121565,0
121566,1
121567,1
121568,0
121569,1
121571,0
121574,0
121576,1
121577,1
121588,1
121590,0
121599,0
121601,0
121602,1
121603,1
121604,0
121605,1
121610,0
121615,0
121616,1
121623,1
121624,1
121625,1
121627,0
121632,0
121635,0
121638,0
121639,0
121640,0
121641,1
121644,1
121653,1
121654,0
121656,1
121660,1
121662,0
121663,0
121669,1
121670,0
121671,1
121672,0
121684,1
121686,0
121689,0
121693,0
121694,1
121696,1
121701,1
121703,1
121705,1
121712,0
121713,0
121716,0
121718,0
121720,0
121730,0
121731,0
121734,0
121735,0
121741,0
121743,0
121746,0
121749,0
121750,1
121752,0
121753,1
121754,1
121755,1
121756,0
121757,0
121762,1
121766,1
121767,0
121769,0
121770,1
121771,0
121774,0
121776,0
121778,1
121779,0
121780,0
121781,1
121784,1
121787,1
121792,1
121793,1
121794,1
121796,0
121798,0
121799,0
121801,0
121802,1
121805,1
121806,1
121813,0
121814,0
121816,0
121819,0
121821,1
121822,0
121823,1
121825,1
121827,0
121828,1
121835,0
121838,0
121839,1
121840,0
121841,1
121843,0
121847,1
121849,0
121850,0
121851,0
121861,1
121862,0
121869,0
121872,0
121874,0
121876,1
121877,1
121878,1
121882,0
121883,0
121884,1
121890,1
121893,1
121901,1
121906,0
121907,1
121908,0
121910,1
121911,1
121912,0
121915,0
121916,0
121917,1
121919,1
121924,0
121925,0
121926,0
121927,0
121930,0
121931,0
121933,0
121934,0
121935,1
121937,1
121942,1
121945,1
121947,0
121949,0
121952,0
121953,1
121958,0
121964,1
121967,1
121973,1
121975,0
121976,0
121982,1
121983,0
121984,0
121993,0
121998,0
121999,0
122000,0
122001,0
122002,0
122009,1
122011,0
122012,1
122016,0
122018,0
122020,0
122022,0
122023,0
122024,0
122027,0
122029,0
122037,0
122040,0
122042,1
122043,1
122044,1
122045,1
122049,0
122056,1
122057,1
122058,0
122061,0
122062,1
122065,0
122066,0
122067,1
122068,0
122071,1
122072,1
122074,1
122077,0
122081,0
122086,0
122089,0
122093,0
122097,1
122101,0
122105,0
122109,0
122111,1
122115,0
122117,0
122119,1
122121,1
122125,1
122129,0
122135,1
122137,1
122140,0
122141,0
122142,0
122145,0
122149,0
122151,1
122154,0
122157,0
122160,1
122163,1
122164,0
122168,0
122174,1
122175,0
122184,0
122185,1
122186,1
122187,0
122189,0
122194,1
122195,1
122196,1
122197,0
122198,0
122199,1
122200,0
122206,1
122209,1
122211,0
122214,0
122216,1
122217,0
122218,0
122220,0
122223,0
122224,0
122226,0
122231,0
122233,0
122237,1
122238,0
122239,1
122240,1
122241,0
122242,1
122243,0
122249,0
122250,1
122251,1
122252,1
122253,0
122255,0
122258,0
122265,0
122267,0
122268,1
122270,0
122274,1
122277,0
122280,0
122281,0
122282,0
122283,1
122287,1
122290,1
122291,0
122292,1
122294,1
122295,0
122297,1
122305,0
122306,0
122312,1
122314,0
122315,1
122316,0
122319,1
122320,0
122324,1
122330,1
122331,1
122336,1
122337,0
122338,0
122340,0
122343,0
122347,0
122349,1
122356,0
122357,1
122359,0
122361,0
122364,0
122365,1
122368,0
122369,0
122374,0
122376,0
122378,1
122379,1
122380,1
122385,0
122389,0
122392,1
122396,0
122398,1
122401,0
122402,1
122404,0
122406,0
122407,0
122409,0
122410,0
122411,0
122412,1
122413,1
122415,0
122416,0
122417,0
122419,0
122421,1
122430,0
122433,1
122437,1
122438,0
122442,1
122443,0
122444,0
122446,0
122447,1
122448,0
122449,0
122451,1
122455,1
122459,1
122462,0
122463,1
122465,0
122475,0
122477,0
122480,1
122484,0
122486,1
122494,0
122495,0
122497,1
122500,0
122503,1
122504,1
122507,0
122509,0
122510,0
122512,0
122515,0
122516,1
122517,0
122519,0
122523,0
122524,0
122526,1
122529,0
122530,0
122532,0
122533,1
122534,0
122539,0
122541,0
122542,0
122545,1
122549,0
122554,0
122559,1
122560,0
122562,1
122568,0
122569,0
122572,0
122573,0
122575,1
122580,0
122583,0
122587,0
122589,0
122593,0
122594,1
122598,0
122599,1
122600,1
122602,0
122604,0
122609,1
122611,0
122612,0
122613,0
122616,0
122626,0
122628,0
122630,0
122634,0
122635,0
122637,0
122640,1
122642,0
122645,0
122648,1
122649,1
122652,0
122660,0
122661,0
122662,0
122665,1
122666,0
122668,0
122671,0
122672,0
122673,0
122674,1
122676,1
122677,1
122679,0
122680,1
122681,0
122682,0
122683,0
122684,0
122685,1
122687,1
122688,1
122691,0
122692,1
122693,0
122698,1
122701,0
122706,0
122707,1
122713,0
122714,0
122716,1
122718,0
122720,0
122723,1
122726,1
122730,0
122732,1
122733,0
122737,1
122740,0
122743,0
122744,1
122756,1
122759,0
122761,0
122765,1
122766,1
122771,0
122773,1
122785,1
122787,0
122789,0
122790,0
122795,1
122796,0
122797,0
122800,1
122801,0
122802,0
122804,0
122808,1
122812,0
122816,0
122818,0
122819,0
122820,1
122823,0
122824,0
122826,1
122827,0
122829,0
122832,1
122839,1
122840,0
122842,0
122843,0
122845,0
122846,0
122847,0
122849,0
122850,1
122851,1
122855,1
122857,0
122858,0
122859,0
122860,0
122862,1
122867,0
122872,0
122874,0
122881,0
122882,0
122883,1
122886,0
122888,1
122890,0
122902,1
122903,0
122905,0
122909,0
122911,1
122912,1
122913,0
122915,1
122917,0
122921,0
122923,0
122925,0
122927,0
122928,0
122933,1
122934,1
122936,0
122942,0
122944,1
122948,1
122954,0
122955,0
122956,0
122958,1
122959,1
122962,0
122966,0
122968,1
122969,1
122973,1
122975,0
122979,0
122980,1
122981,1
122983,0
122984,0
122987,0
122988,0
122990,1
122992,0
122995,1
122996,1
123000,1
123001,1
123005,0
123006,0
123009,1
123020,0
123021,0
123022,0
123023,1
123028,1
123030,1
123033,1
123035,1
123037,1
123038,1
123040,1
123041,1
123043,0
123045,0
123046,1
123048,1
123049,1
123052,1
123054,0
123063,1
123064,1
123065,1
123068,1
123071,0
123075,0
123076,0
123078,1
123079,0
123081,0
123082,1
123084,1
123086,1
123093,1
123095,0
123097,0
123101,0
123102,0
123104,0
123107,1
123108,1
123110,0
123113,0
123114,0
123122,0
123126,0
123127,0
123128,0
123131,0
123133,0
123136,1
123137,0
123139,1
123140,1
123143,1
123146,1
123147,0
123149,1
123151,0
123154,0
123155,1
123157,0
123160,0
123163,0
123167,0
123168,0
123170,0
123172,0
123176,0
123184,0
123185,0
123187,1
123189,0
123190,0
123192,1
123193,0
123194,0
123195,0
123198,0
123201,0
123202,0
123203,0
123210,0
123213,0
123215,0
123216,0
123221,0
123224,0
123234,0
123239,1
123243,0
123245,0
123247,1
123248,0
123250,1
123252,0
123253,1
123254,0
123255,0
123256,0
123268,1
123273,0
123274,0
123275,0
123276,0
123285,1
123288,1
123289,0
123290,0
123293,0
123294,1
123298,0
123307,0
123308,0
123309,0
123311,1
123312,0
123314,0
123320,0
123322,0
123323,0
123325,0
123327,1
123328,0
123334,1
123335,0
123336,1
123340,0
123342,0
123343,0
123344,0
123345,0
123346,1
123354,1
123356,1
123357,0
123363,0
123364,0
123369,0
123370,0
123373,1
123379,1
123380,1
123381,0
123382,1
123383,1
123387,1
123390,0
123391,0
123398,0
123399,1
123405,0
123406,0
123407,0
123408,0
123412,0
123414,0
123419,0
123420,1
123423,0
123425,0
123427,0
123429,0
123432,1
123434,1
123435,0
123437,0
123438,1
123439,1
123440,1
123443,1
123444,0
123445,0
123448,1
123449,1
123450,1
123451,0
123452,1
123453,1
123456,1
123457,0
123460,0
123464,1
123468,1
123469,1
123470,0
123473,0
123479,0
123480,1
123481,0
123486,1
123489,0
123490,0
123491,0
123492,0
123496,0
123497,1
123499,0
123501,0
123503,1
123510,0
123512,0
123515,0
123518,0
123519,1
123523,1
123528,0
123532,1
123534,1
123538,0
123549,0
123553,0
123556,0
123558,0
123559,0
123562,1
123563,1
123564,0
123566,0
123569,0
123570,0
123571,0
123572,0
123574,0
123577,0
123579,0
123580,1
123582,1
123587,0
123589,0
123590,0
123596,0
123597,1
123598,0
123600,0
123604,0
123606,0
123607,1
123610,0
123612,0
123613,1
123616,1
123619,0
123622,0
123623,0
123624,0
123628,0
123629,0
123630,0
123631,0
123632,0
123633,0
123640,1
123641,1
123647,0
123649,1
123651,0
123652,0
123654,1
123658,1
123659,1
123662,1
123669,0
123670,0
123673,0
123674,0
123676,0
123678,0
123679,1
123682,1
123686,1
123689,1
123693,0
123694,0
123696,0
123698,0
123699,0
123702,0
123707,0
123709,0
123710,1
123713,1
123715,0
123719,1
123720,0
123721,1
123724,1
123725,0
123726,0
123730,1
123731,1
123733,0
123734,1
123741,1
123742,0
123744,1
123745,0
123747,0
123748,0
123749,1
123750,1
123751,1
123753,0
123755,0
123761,0
123762,0
123763,0
123765,0
123766,0
123767,0
123768,1
123772,1
123773,1
123776,0
123779,1
123782,0
123783,0
123787,0
123788,0
123790,1
123793,0
123796,1
123798,0
123799,1
123801,0
123802,1
123803,0
123804,1
123805,1
123806,1
123807,1
123808,1
123810,1
123811,0
123812,1
123813,0
123814,1
123818,0
123819,1
123824,1
123826,1
123829,0
123830,0
123832,1
123834,1
123837,1
123838,1
123839,0
123843,1
123844,0
123845,0
123854,0
123855,0
123865,0
123869,0
123870,0
123872,0
123876,0
123877,1
123880,0
123881,0
123883,0
123884,1
123885,1
123889,1
123893,0
123894,0
123895,0
123896,0
123897,0
123898,0
123899,0
123900,0
123902,0
123904,1
123906,1
123910,0
123912,1
123913,0
123916,1
123927,1
123928,0
123929,0
123934,0
123935,0
123937,0
123942,0
123952,0
123954,1
123957,0
123958,0
123961,0
123962,0
123963,1
123966,1
123970,1
123972,1
123975,1
123977,0
123980,0
123981,1
123982,1
123983,1
123984,1
123985,0
123986,0
123990,1
123991,0
123992,0
123993,0
123996,0
123997,0
123998,0
124000,0
124003,1
124013,0
124017,0
124019,1
124020,0
124021,0
124022,0
124023,1
124024,1
124025,1
124028,1
124029,1
124031,1
124034,1
124035,0
124037,1
124038,1
124039,1
124040,1
124042,1
124043,0
124045,0
124050,1
124055,0
124057,0
124059,0
124060,1
124061,1
124067,0
124068,0
124069,0
124070,0
124071,0
124072,1
124074,1
124075,1
124080,1
124081,1
124083,0
124088,0
124090,0
124091,1
124093,1
124094,1
124097,0
124098,0
124101,0
124104,1
124105,0
124107,0
124108,1
124110,0
124111,1
124115,0
124117,1
124122,0
124123,1
124126,0
124127,1
124131,0
124132,0
124133,1
124134,0
124135,1
124138,0
124139,1
124142,1
124146,1
124149,1
124151,0
124153,0
124155,1
124156,0
124157,0
124160,0
124166,0
124167,0
124171,1
124172,0
124173,1
124174,1
124178,1
124180,1
124181,1
124184,1
124187,1
124188,0
124189,0
124194,0
124197,0
124198,0
124200,0
124201,1
124206,0
124207,0
124209,1
124210,0
124211,0
124213,1
124215,1
124225,1
124226,1
124229,0
124230,0
124231,0
124233,1
124235,0
124242,0
124244,1
124245,0
124247,1
124254,0
124256,1
124257,0
124259,1
124260,0
124261,0
124264,0
124266,0
124267,1
124269,0
124270,1
124273,0
124274,0
124278,1
124279,1
124284,0
124286,1
124290,1
124294,1
124296,0
124297,0
124298,1
124299,1
124300,1
124305,1
124307,0
124310,0
124312,0
124314,1
124317,1
124318,0
124323,0
124324,0
124326,0
124331,1
124332,1
124333,1
124336,0
124337,0
124338,0
124341,1
124342,0
124343,0
124344,1
124346,1
124347,1
124350,0
124352,0
124353,0
124354,1
124356,0
124357,0
124358,1
124359,0
124361,0
124363,1
124367,0
124373,0
124374,1
124375,1
124376,0
124383,0
124389,1
124390,1
124392,0
124397,0
124399,1
124401,1
124402,0
124406,0
124407,0
124408,1
124409,1
124412,1
124413,0
124416,0
124417,1
124422,0
124426,0
124430,1
124431,0
124434,1
124435,1
124442,1
124443,0
124445,1
124447,0
124452,1
124457,1
124462,1
124463,0
124470,0
124472,1
124478,0
124480,1
124481,0
124482,1
124485,0
124487,1
124488,0
124493,0
124496,0
124499,0
124505,0
124511,1
124514,0
124515,1
124516,0
124520,0
124521,1
124522,0
124523,1
124524,0
124525,0
124528,0
124530,1
124533,0
124534,1
124536,0
124537,0
124538,1
124541,0
124545,1
124548,0
124549,0
124550,1
124552,1
124553,0
124554,1
124559,1
124560,0
124561,0
124569,1
124570,0
124571,0
124574,1
124582,1
124583,1
124585,0
124587,1
124588,0
124589,1
124593,0
124594,0
124596,1
124598,0
124601,1
124603,1
124605,0
124607,0
124610,1
124611,1
124614,1
124620,0
124621,1
124622,0
124624,1
124625,0
124626,0
124627,0
124628,0
124638,1
124639,0
124644,1
124645,0
124647,1
124648,1
124653,1
124655,0
124656,1
124658,0
124669,0
124671,0
124674,0
124676,1
124678,1
124680,0
124682,0
124684,1
124689,1
124693,1
124699,1
124702,0
124703,1
124707,1
124713,0
124714,0
124717,1
124720,1
124725,1
124728,0
124729,1
124730,0
124731,1
124732,0
124735,0
124739,0
124751,1
124753,1
124755,0
124756,0
124759,0
124760,1
124761,1
124763,0
124764,1
124765,1
124767,1
124768,0
124770,0
124776,0
124782,0
124787,0
124789,0
124790,1
124791,0
124793,1
124795,0
124798,0
124808,0
124809,0
124814,0
124815,0
124821,0
124823,1
124825,1
124826,1
124830,0
124831,1
124833,0
124834,0
124844,0
124846,1
124849,0
124850,0
124851,1
124857,0
124859,0
124860,0
124862,1
124863,1
124865,0
124867,0
124868,1
124869,0
124870,0
124872,1
124873,1
124877,1
124883,0
124884,0
124885,1
124889,1
124893,0
124894,0
124895,0
124896,0
124897,0
124903,1
124906,1
124907,1
124909,0
124910,0
124911,1
124914,0
124917,0
124921,1
124923,0
124926,0
124929,1
124930,0
124931,0
124932,1
124933,0
124935,0
124936,0
124937,0
124944,1
124946,0
124947,1
124951,1
124956,1
124957,1
124960,1
124962,1
124964,0
124965,1
124972,1
124975,0
124980,0
124981,1
124983,1
125001,1
125002,1
125004,0
125005,1
125006,1
125008,1
125011,0
125012,1
125021,0
125023,1
125024,1
125025,1
125026,1
125032,1
125033,0
125036,0
125041,0
125044,1
125046,1
125049,0
125050,1
125051,1
125057,1
125058,1
125059,1
125060,0
125061,0
125062,1
125064,0
125067,0
125069,1
125070,0
125071,1
125078,0
125082,1
125083,1
125084,0
125087,1
125088,1
125089,0
125091,1
125092,1
125094,0
125095,0
125096,0
125097,1
125098,0
125105,1
125109,0
125110,0
125114,1
125116,0
125120,0
125121,0
125122,1
125128,1
125129,0
125130,0
125132,0
125133,1
125134,0
125135,1
125137,0
125139,0
125140,1
125143,1
125144,1
125145,0
125147,1
125148,0
125149,0
125151,0
125153,0
125154,1
125155,1
125158,1
125161,1
125164,0
125165,0
125166,1
125167,0
125171,1
125172,0
125176,0
125179,1
125183,0
125184,1
125185,1
125195,1
125196,1
125197,0
125198,0
125200,0
125202,1
125208,0
125209,1
125210,0
125211,1
125212,0
125213,0
125216,0
125218,0
125219,0
125227,0
125228,0
125230,1
125231,0
125232,1
125233,0
125236,0
125238,1
125240,0
125241,0
125243,0
125244,1
125248,0
125250,1
125254,0
125255,0
125257,1
125262,1
125263,1
125266,1
125270,0
125273,1
125276,1
125278,1
125280,0
125281,1
125284,0
125286,0
125287,0
125288,0
125289,1
125290,0
125291,1
125293,0
125294,0
125299,0
125302,0
125303,0
125306,1
125307,0
125310,0
125311,1
125313,1
125315,1
125317,0
125321,1
125324,1
125325,0
125326,0
125332,0
125334,1
125335,0
125338,0
125339,0
125341,0
125342,0
125348,1
125350,0
125352,1
125353,0
125354,0
125359,0
125362,1
125368,1
125370,0
125371,0
125376,0
125379,0
125381,0
125382,0
125383,1
125394,1
125396,1
125397,0
125402,0
125406,0
125408,0
125409,1
125415,1
125416,0
125417,1
125419,1
125420,1
125422,1
125423,1
125425,0
125427,1
125429,1
125430,0
125431,0
125432,0
125435,1
125437,0
125443,0
125444,0
125445,1
125447,1
125449,0
125450,1
125454,0
125455,1
125456,0
125458,1
125459,1
125460,1
125461,0
125465,1
125472,0
125474,1
125475,0
125478,1
125481,0
125484,0
125485,0
125487,0
125490,1
125492,1
125495,0
125499,0
125500,1
125502,0
125504,0
125505,1
125506,0
125509,0
125511,0
125513,0
125516,0
125517,1
125519,0
125520,1
125524,0
125531,1
125532,1
125534,0
125535,0
125536,1
125538,1
125540,1
125541,1
125543,0
125544,1
125545,1
125552,0
125553,0
125554,1
125555,0
125557,1
125563,1
125564,1
125567,0
125568,0
125570,0
125571,0
125573,0
125574,0
125575,1
125576,1
125579,0
125580,0
125584,0
125587,1
125588,1
125592,1
125597,0
125600,1
125601,0
125603,1
125605,0
125606,0
125610,1
125612,1
125618,0
125626,1
125627,1
125629,1
125630,0
125633,0
125635,0
125637,0
125638,1
125640,0
125641,0
125643,1
125645,0
125647,0
125651,0
125652,1
125653,1
125654,1
125656,0
125658,0
125659,1
125667,1
125669,1
125673,1
125675,1
125677,1
125681,0
125682,1
125685,1
125687,1
125689,1
125693,1
125702,0
125704,1
125707,0
125714,1
125715,1
125717,1
125718,0
125719,1
125721,1
125722,0
125727,0
125728,1
125732,0
125736,0
125739,0
125740,0
125742,0
125744,1
125745,0
125746,0
125748,0
125749,0
125752,0
125758,1
125759,0
125760,0
125762,1
125765,0
125767,1
125773,0
125776,0
125779,1
125781,1
125782,1
125783,1
125784,0
125789,0
125790,1
125791,1
125793,0
125794,0
125795,0
125797,0
125799,0
125801,1
125803,1
125806,0
125810,0
125811,1
125813,0
125814,0
125819,0
125822,0
125823,0
125832,0
125834,0
125835,0
125836,0
125837,0
125840,0
125841,0
125843,1
125844,0
125846,0
125847,0
125850,0
125853,0
125856,0
125857,0
125858,1
125859,1
125860,0
125863,0
125865,1
125866,0
125870,1
125876,0
125877,0
125882,0
125884,0
125888,0
125889,0
125890,1
125892,0
125893,1
125894,1
125895,0
125896,0
125897,0
125900,0
125907,1
125908,0
125910,0
125911,0
125915,0
125920,0
125923,0
125934,1
125940,1
125943,1
125944,0
125946,1
125950,1
125951,0
125952,0
125958,0
125963,1
125964,0
125965,1
125967,1
125968,0
125969,1
125970,1
125971,0
125973,0
125975,1
125978,1
125982,1
125988,1
125991,1
125998,0
125999,0
126001,0
126004,0
126005,1
126011,0
126012,0
126014,0
126016,0
126017,0
126018,1
126020,0
126022,0
126025,0
126027,0
126029,1
126031,1
126033,1
126038,0
126042,0
126043,0
126046,0
126048,0
126049,0
126050,0
126051,0
126062,1
126064,0
126065,1
126069,0
126070,0
126072,1
126077,1
126079,1
126080,1
126090,1
126096,0
126097,1
126099,0
126100,0
126103,0
126104,1
126108,0
126111,1
126117,0
126118,0
126119,1
126121,0
126122,0
126126,0
126127,0
126130,1
126132,1
126133,1
126135,0
126137,0
126140,1
126141,1
126142,0
126144,1
126145,0
126148,1
126151,1
126155,0
126156,0
126157,0
126160,0
126161,0
126162,0
126166,1
126168,0
126172,1
126175,0
126176,1
126177,1
126178,1
126180,0
126181,1
126182,1
126187,1
126188,0
126190,0
126191,0
126195,0
126197,0
126198,0
126199,1
126206,1
126207,0
126208,1
126211,0
126222,0
126224,1
126225,1
126227,0
126231,0
126233,1
126234,0
126237,0
126238,1
126239,1
126243,0
126249,1
126250,1
126251,1
126257,0
126258,1
126259,0
126260,1
126261,1
126263,1
126266,1
126271,1
126273,1
126274,1
126275,0
126282,0
126284,0
126285,0
126291,0
126298,1
126301,1
126305,0
126307,1
126311,1
126312,1
126313,0
126316,1
126318,1
126321,1
126325,0
126326,0
126333,0
126335,0
126336,1
126337,0
126338,1
126339,1
126340,0
126343,0
126346,1
126347,0
126349,0
126350,0
126353,1
126354,0
126355,1
126357,1
126358,1
126359,0
126363,1
126365,0
126373,0
126377,1
126379,0
126381,0
126383,0
126385,0
126386,0
126388,1
126389,1
126391,1
126393,1
126394,0
126395,0
126397,0
126400,1
126404,1
126405,0
126409,1
126411,0
126412,1
126414,0
126419,1
126425,1
126427,0
126435,0
126437,0
126438,0
126442,0
126450,1
126453,0
126455,0
126458,1
126460,1
126462,0
126463,1
126464,1
126465,1
126466,0
126467,0
126469,0
126470,0
126471,0
126473,0
126475,1
126476,1
126478,0
126479,0
126487,0
126489,1
126490,1
126495,0
126497,1
126498,1
126500,1
126501,0
126502,1
126503,1
126504,0
126509,0
126510,1
126512,0
126515,1
126516,1
126523,1
126527,1
126528,1
126529,1
126530,1
126531,1
126535,0
126538,1
126540,1
126541,0
126542,1
126543,0
126545,0
126550,1
126551,0
126552,0
126554,0
126555,1
126558,0
126561,0
126562,1
126563,1
126568,0
126569,0
126571,1
126572,0
126573,0
126575,0
126576,1
126579,1
126582,0
126585,1
126593,0
126594,1
126597,1
126598,0
126599,0
126602,0
126608,1
126613,0
126614,1
126615,0
126616,0
126620,0
126621,0
126622,1
126624,0
126625,0
126626,1
126628,1
126630,0
126632,1
126633,1
126634,0
126636,0
126642,0
126646,1
126648,1
126651,0
126652,0
126653,0
126658,0
126662,0
126664,1
126665,0
126667,0
126668,0
126669,0
126674,0
126680,0
126682,0
126685,0
126687,1
126688,0
126689,1
126690,1
126693,0
126695,0
126698,1
126704,0
126707,1
126708,1
126709,1
126711,0
126715,1
126716,0
126717,1
126720,0
126721,0
126723,0
126724,0
126733,0
126734,0
126735,0
126736,1
126738,1
126739,1
126742,1
126743,1
126746,0
126749,0
126752,1
126758,0
126761,0
126762,0
126765,1
126768,1
126775,1
126776,1
126786,0
126792,1
126794,1
126796,0
126798,0
126800,1
126804,0
126805,1
126806,0
126807,0
126808,0
126809,0
126810,0
126811,0
126813,1
126814,1
126820,0
126821,1
126822,0
126824,1
126826,1
126830,1
126832,1
126836,0
126837,0
126838,0
126842,1
126843,0
126844,0
126846,0
126855,0
126857,0
126859,0
126863,0
126864,1
126866,0
126868,0
126869,1
126872,1
126873,1
126874,0
126878,1
126879,1
126880,0
126883,1
126884,1
126885,0
126886,0
126887,0
126888,1
126889,1
126892,1
126898,1
126899,1
126901,1
126903,1
126911,0
126912,0
126913,0
126915,1
126916,0
126917,0
126922,0
126926,1
126930,1
126932,1
126934,0
126935,1
126936,0
126937,0
126943,0
126945,0
126946,0
126948,0
126950,1
126954,0
126956,1
126958,0
126960,0
126961,1
126965,1
126967,1
126971,1
126979,1
126980,1
126985,1
126988,0
126994,0
126995,0
126998,1
127002,1
127003,0
127006,0
127008,0
127015,0
127016,0
127017,1
127018,0
127020,0
127021,0
127022,0
127025,1
127031,0
127032,0
127034,0
127035,0
127037,1
127040,1
127042,1
127043,1
127052,1
127055,1
127056,1
127057,1
127058,1
127063,0
127064,0
127065,0
127066,0
127067,1
127068,0
127071,1
127072,0
127073,1
127074,1
127075,1
127076,0
127079,0
127081,1
127085,0
127086,1
127088,1
127089,0
127091,0
127092,1
127093,1
127094,0
127097,0
127099,0
127102,0
127104,0
127108,0
127110,0
127112,1
127117,1
127119,0
127121,1
127122,0
127124,1
127125,1
127127,0
127130,0
127131,1
127133,0
127135,0
127137,1
127139,0
127143,0
127146,1
127147,0
127148,0
127154,0
127162,1
127167,0
127169,0
127173,1
127174,0
127175,1
127177,0
127178,1
127180,1
127181,0
127182,0
127183,0
127184,0
127185,1
127189,0
127191,1
127194,0
127195,1
127197,0
127200,1
127201,0
127202,0
127209,0
127211,1
127213,0
127214,0
127215,0
127220,1
127222,0
127223,1
127225,0
127226,0
127232,0
127236,1
127239,1
127240,1
127241,0
127250,0
127255,0
127257,0
127261,0
127264,1
127266,0
127269,1
127275,1
127280,0
127287,1
127298,0
127300,1
127301,1
127302,1
127304,0
127307,1
127310,0
127314,0
127315,0
127317,0
127318,1
127320,0
127321,0
127328,0
127330,0
127331,0
127332,0
127333,0
127335,0
127338,0
127340,0
127341,0
127346,0
127348,1
127349,0
127356,1
127358,0
127368,1
127369,1
127370,0
127372,0
127378,0
127388,0
127393,1
127396,0
127402,0
127406,0
127407,1
127408,0
127411,1
127414,0
127418,0
127420,0
127421,0
127422,1
127423,1
127424,1
127425,0
127429,0
127433,0
127434,0
127447,1
127452,1
127453,0
127454,0
127456,1
127457,0
127459,0
127460,1
127461,0
127463,1
127464,0
127466,1
127467,0
127471,0
127472,1
127473,1
127474,0
127478,1
127480,0
127483,1
127485,0
127486,1
127488,1
127490,0
127494,0
127495,0
127498,0
127499,1
127502,1
127510,0
127511,1
127514,1
127518,0
127519,0
127524,0
127525,0
127527,0
127530,1
127532,0
127535,0
127540,1
127542,0
127545,0
127546,0
127547,1
127550,0
127551,0
127553,0
127555,1
127558,0
127559,1
127563,0
127565,0
127568,1
127572,0
127576,1
127577,0
127578,0
127579,0
127582,0
127587,1
127590,1
127593,1
127594,1
127595,0
127597,1
127598,0
127604,1
127609,1
127610,1
127611,0
127612,1
127615,1
127616,0
127619,0
127620,0
127624,0
127625,1
127627,0
127628,0
127633,1
127638,1
127639,1
127641,1
127644,1
127648,1
127650,1
127653,0
127659,1
127661,0
127667,0
127669,0
127670,0
127674,0
127675,0
127677,0
127678,1
127680,0
127682,1
127684,0
127686,0
127688,0
127689,0
127691,1
127693,0
127696,1
127699,1
127700,0
127706,0
127708,0
127709,0
127710,1
127711,0
127712,0
127715,0
127716,1
127717,0
127721,0
127724,1
127725,0
127729,0
127731,0
127735,1
127739,1
127742,1
127744,0
127748,1
127757,1
127758,1
127760,0
127761,0
127764,0
127771,0
127772,1
127777,1
127780,1
127782,0
127788,0
127795,0
127798,0
127800,1
127801,0
127802,1
127803,1
127805,1
127807,0
127808,0
127809,0
127811,0
127815,1
127816,0
127820,0
127821,0
127823,0
127824,1
127825,0
127827,0
127831,0
127834,1
127836,0
127839,0
127840,1
127843,0
127848,0
127850,0
127856,1
127859,0
127864,0
127866,1
127868,0
127869,1
127880,1
127889,0
127891,0
127894,0
127897,0
127907,1
127909,1
127911,1
127912,0
127914,0
127916,1
127920,0
127921,1
127922,1
127925,1
127929,1
127930,0
127932,0
127935,0
127936,1
127938,0
127940,0
127941,1
127944,1
127951,0
127955,1
127956,0
127957,0
127958,1
127963,1
127967,0
127969,1
127976,0
127978,1
127980,1
127981,0
127983,0
127984,1
127985,0
127987,0
127988,1
127990,1
127991,0
127995,1
127997,0
127999,1
128000,0
128003,0
128004,1
128005,1
128006,0
128018,0
128020,0
128025,0
128030,1
128031,0
128033,0
128036,1
128042,0
128044,1
128049,1
128051,0
128053,1
128054,0
128056,0
128058,0
128061,1
128064,1
128066,1
128068,1
128073,0
128074,0
128075,0
128076,0
128078,0
128080,0
128082,1
128083,1
128084,0
128087,0
128089,0
128092,1
128095,0
128096,0
128097,0
128105,0
128107,0
128110,1
128120,1
128122,0
128126,1
128130,1
128132,0
128136,0
128137,0
128138,0
128140,0
128141,1
128142,1
128143,0
128145,1
128147,0
128148,1
128149,0
128150,1
128152,0
128154,0
128155,0
128156,0
128158,0
128159,0
128162,1
128165,0
128170,0
128172,1
128173,0
128174,1
128177,0
128181,1
128183,0
128185,0
128191,0
128192,0
128196,1
128201,1
128206,1
128209,1
128211,0
128218,0
128223,1
128227,0
128231,0
128234,0
128236,1
128237,1
128238,1
128244,0
128247,0
128250,0
128253,0
128257,1
128260,1
128262,0
128266,1
128267,0
128268,1
128269,1
128277,0
128278,0
128281,0
128282,0
128283,1
128289,1
128294,1
128295,0
128298,0
128299,0
128300,0
128301,1
128304,1
128305,0
128309,1
128311,0
128313,0
128324,1
128325,0
128328,1
128329,0
128332,0
128334,0
128337,0
128338,0
128339,1
128342,1
128343,0
128349,0
128352,0
128353,1
128355,1
128356,0
128359,1
128361,1
128363,0
128366,1
128368,0
128369,0
128370,0
128372,1
128378,0
128379,0
128380,0
128381,0
128386,0
128387,0
128394,0
128397,0
128398,0
128399,0
128400,1
128401,1
128407,1
128408,0
128413,0
128416,0
128418,1
128420,1
128422,0
128425,0
128427,0
128429,1
128430,1
128433,0
128434,0
128436,0
128443,0
128444,0
128445,0
128446,1
128448,0
128450,1
128457,0
128458,1
128460,1
128462,0
128463,0
128464,0
128466,0
128468,0
128469,0
128471,1
128472,0
128475,0
128476,0
128477,0
128478,1
128486,1
128487,0
128492,0
128494,1
128496,0
128498,1
128499,1
128504,0
128505,0
128506,1
128507,0
128508,1
128509,0
128513,1
128517,0
128519,1
128520,1
128521,1
128528,0
128531,0
128538,0
128540,0
128541,1
128542,1
128543,0
128544,0
128545,0
128547,0
128551,0
128552,1
128553,1
128554,1
128556,0
128557,0
128558,0
128559,0
128564,0
128565,1
128567,1
128570,1
128571,0
128574,1
128576,0
128578,1
128580,0
128583,0
128586,0
128589,0
128594,0
128595,1
128596,0
128602,1
128603,0
128606,0
128609,1
128611,1
128612,0
128613,0
128614,0
128621,0
128625,1
128629,1
128634,0
128636,1
128637,0
128639,1
128640,1
128645,0
128649,0
128651,0
128652,1
128654,1
128657,0
128658,0
128659,0
128666,0
128671,1
128676,1
128678,0
128679,0
128681,1
128685,1
128686,1
128694,1
128699,0
128700,1
128702,1
128703,1
128705,0
128710,0
128712,0
128714,0
128718,0
128723,0
128725,0
128727,0
128728,0
128730,1
128731,0
128732,1
128733,0
128736,0
128737,0
128739,0
128742,1
128748,0
128751,0
128752,1
128754,1
128761,0
128764,1
128767,0
128768,0
128769,0
128771,0
128772,0
128785,1
128787,1
128788,0
128794,0
128795,0
128796,0
128797,1
128800,1
128801,1
128802,0
128805,0
128806,0
128807,0
128809,0
128810,1
128813,1
128814,1
128815,0
128821,0
128823,0
128826,0
128829,0
128831,1
128832,1
128839,0
128844,1
128846,0
128850,0
128853,0
128854,0
128857,0
128860,1
128861,1
128862,0
128864,0
128867,1
128870,1
128875,0
128876,0
128877,0
128878,0
128879,0
128880,0
128881,1
128886,1
128888,0
128889,1
128899,0
128905,1
128910,1
128912,1
128913,1
128919,0
128920,1
128923,1
128925,0
128928,0
128931,1
128937,0
128938,1
128939,1
128940,0
128941,0
128942,0
128944,0
128945,1
128951,0
128956,0
128958,0
128962,0
128964,0
128966,0
128967,0
128968,0
128970,0
128972,0
128973,0
128975,1
128978,0
128979,0
128984,0
128985,1
128986,0
128987,0
129009,0
129011,1
129012,0
129014,1
129015,1
129018,0
129022,1
129023,1
129024,1
129029,1
129030,1
129031,1
129032,1
129033,0
129037,0
129041,0
129043,1
129047,0
129048,1
129049,1
129050,0
129052,0
129054,0
129056,0
129057,0
129061,0
129062,1
129065,0
129066,1
129068,0
129069,0
129074,1
129075,1
129076,0
129077,0
129078,1
129079,1
129080,1
129081,1
129084,1
129085,1
129088,0
129091,0
129092,0
129095,0
129096,1
129102,1
129103,0
129104,1
129105,0
129107,1
129109,1
129112,1
129119,0
129122,0
129123,0
129125,1
129127,0
129129,0
129133,0
129135,0
129138,0
129140,1
129144,1
129145,1
129148,1
129153,0
129154,1
129155,1
129158,1
129162,0
129163,0
129167,1
129168,0
129169,1
129170,1
129172,1
129173,1
129175,1
129176,1
129180,1
129183,1
129190,1
129191,0
129196,0
129197,1
129198,1
129201,1
129202,1
129203,1
129205,0
129206,0
129207,0
129209,1
129210,1
129211,1
129215,1
129216,0
129217,0
129218,0
129220,0
129221,0
129223,0
129225,0
129228,0
129229,0
129232,0
129233,1
129239,0
129240,1
129242,0
129243,1
129245,0
129246,0
129248,1
129250,0
129252,0
129254,0
129258,1
129261,0
129271,1
129272,1
129273,1
129275,1
129284,0
129288,1
129291,0
129292,0
129297,0
129299,0
129300,0
129304,0
129306,1
129308,0
129310,0
129311,0
129314,1
129319,0
129322,0
129323,0
129324,0
129325,0
129327,0
129328,0
129329,0
129331,0
129332,1
129333,0
129334,0
129335,1
129337,0
129345,0
129346,1
129347,0
129349,0
129352,0
129354,1
129355,1
129360,0
129364,0
129368,0
129369,1
129371,0
129373,0
129374,1
129376,1
129379,1
129380,1
129389,0
129391,0
129393,0
129394,0
129401,0
129407,1
129408,1
129413,0
129417,1
129424,1
129426,1
129427,0
129433,1
129435,1
129437,1
129439,0
129440,1
129443,1
129449,1
129450,0
129451,0
129452,0
129453,0
129455,0
129456,0
129458,1
129460,0
129461,1
129466,0
129467,1
129468,0
129477,1
129479,1
129480,0
129481,0
129484,0
129486,1
129487,1
129488,0
129490,0
129492,0
129494,0
129500,1
129501,1
129502,1
129503,0
129504,0
129506,0
129510,1
129511,0
129512,1
129514,1
129517,0
129519,0
129525,1
129526,1
129531,0
129534,0
129536,0
129539,0
129541,1
129546,1
129549,0
129554,1
129555,1
129556,1
129557,0
129559,0
129564,1
129566,0
129569,0
129572,0
129576,1
129586,0
129588,1
129591,0
129594,1
129596,1
129600,0
129604,1
129606,0
129607,1
129608,0
129609,1
129610,0
129611,0
129613,1
129614,1
129617,0
129622,1
129624,0
129625,0
129627,0
129631,0
129635,0
129636,0
129640,0
129642,1
129643,1
129652,0
129657,0
129659,0
129660,0
129663,1
129669,0
129673,0
129675,1
129676,1
129677,0
129678,0
129679,1
129681,1
129682,1
129684,0
129685,1
129688,0
129689,0
129690,0
129692,0
129699,1
129700,1
129701,1
129702,1
129703,1
129704,1
129709,1
129712,0
129714,0
129715,0
129716,0
129717,1
129718,0
129720,0
129722,1
129725,1
129728,0
129731,1
129732,0
129734,0
129735,1
129736,1
129737,0
129743,0
129745,1
129750,0
129756,0
129758,0
129759,0
129762,0
129766,0
129768,1
129774,0
129776,0
129778,0
129781,1
129784,1
129791,0
129793,1
129794,1
129797,1
129799,0
129801,1
129803,1
129805,1
129806,1
129807,0
129810,0
129811,1
129814,0
129816,0
129818,1
129821,1
129823,1
129825,1
129827,0
129828,0
129831,1
129834,0
129835,1
129839,0
129845,0
129846,0
129849,0
129851,1
129852,1
129864,0
129865,1
129868,0
129873,0
129874,1
129875,0
129880,1
129882,1
129886,0
129888,1
129892,1
129894,0
129895,0
129900,1
129904,0
129907,1
129908,1
129909,0
129910,0
129912,1
129914,1
129915,0
129917,0
129918,0
129919,1
129923,0
129925,1
129926,0
129928,0
129929,0
129932,0
129933,0
129943,1
129945,1
129946,1
129947,1
129948,1
129950,1
129951,1
129953,0
129954,0
129955,1
129956,1
129957,0
129959,0
129962,0
129963,1
129964,1
129968,0
129969,1
129972,0
129977,0
129985,0
129989,0
129992,0
129996,0
130011,0
130013,1
130015,1
130017,0
130019,0
130023,1
130024,0
130025,0
130026,0
130028,0
130040,0
130041,0
130042,1
130045,1
130047,1
130048,1
130051,1
130052,1
130057,1
130059,1
130065,0
130069,0
130070,0
130071,1
130073,0
130075,0
130077,1
130078,1
130083,1
130087,0
130089,1
130093,0
130094,1
130098,0
130099,1
130101,1
130103,0
130106,0
130107,0
130112,0
130117,1
130121,0
130125,1
130126,0
130129,0
130130,1
130132,0
130134,0
130137,0
130138,0
130140,1
130141,1
130142,0
130143,0
130144,1
130145,0
130149,1
130151,0
130153,0
130154,1
130155,1
130156,0
130157,0
130161,1
130163,1
130164,0
130165,0
130167,1
130169,0
130170,1
130171,1
130172,0
130173,0
130174,0
130176,1
130177,1
130178,0
130179,0
130181,1
130190,0
130192,1
130194,0
130195,1
130197,1
130199,1
130202,1
130206,1
130209,0
130212,0
130214,1
130215,0
130217,0
130220,1
130223,0
130225,0
130226,0
130227,0
130230,0
130231,0
130234,0
130237,1
130240,0
130241,0
130245,0
130246,0
130249,0
130253,0
130255,0
130257,0
130260,0
130263,0
130265,0
130266,1
130271,1
130272,0
130274,1
130275,0
130278,0
130279,1
130280,0
130281,0
130287,0
130288,0
130293,0
130301,1
130303,1
130304,1
130307,0
130315,1
130317,0
130320,0
130321,1
130323,0
130324,1
130325,0
130326,0
130327,0
130328,1
130329,0
130334,1
130335,0
130336,0
130337,0
130338,0
130343,1
130345,0
130349,1
130351,0
130352,0
130355,0
130357,0
130358,0
130360,1
130362,1
130364,0
130368,0
130369,1
130370,0
130372,0
130378,0
130379,1
130383,0
130384,0
130385,0
130387,1
130388,1
130394,1
130396,1
130398,0
130401,1
130403,0
130404,0
130406,1
130407,1
130408,0
130412,1
130413,0
130415,1
130419,1
130423,0
130424,0
130426,0
130429,1
130431,0
130436,1
130437,0
130442,0
130448,0
130452,0
130454,1
130456,0
130460,0
130463,1
130465,1
130467,1
130468,1
130469,1
130476,0
130477,0
130478,1
130485,0
130486,1
130490,0
130491,0
130494,1
130495,0
130496,1
130498,0
130500,1
130503,1
130504,0
130505,1
130506,0
130510,1
130511,1
130515,0
130522,1
130524,0
130527,0
130531,1
130533,1
130536,1
130538,1
130539,0
130542,0
130543,0
130544,1
130546,0
130547,1
130557,1
130558,0
130559,0
130560,1
130569,0
130572,0
130575,0
130576,0
130578,0
130584,0
130586,1
130589,0
130593,0
130594,0
130595,1
130601,0
130603,1
130604,1
130607,0
130609,1
130610,0
130618,1
130620,1
130621,1
130625,1
130626,0
130627,1
130629,0
130630,0
130634,0
130636,0
130641,1
130643,1
130644,1
130645,0
130648,0
130649,0
130651,0
130652,1
130654,0
130656,0
130659,0
130660,0
130661,1
130664,0
130666,1
130672,1
130675,0
130676,1
130679,0
130681,0
130686,0
130688,0
130689,0
130690,0
130693,0
130696,0
130697,1
130703,1
130704,1
130707,0
130708,0
130709,1
130716,0
130719,1
130722,0
130723,0
130727,1
130728,0
130729,0
130731,0
130732,0
130733,0
130734,0
130738,1
130739,0
130741,0
130744,0
130745,0
130749,0
130751,0
130753,0
130754,0
130756,0
130759,0
130766,0
130769,0
130771,1
130773,1
130776,0
130780,1
130783,0
130784,1
130785,0
130788,1
130789,0
130790,1
130793,1
130797,0
130798,1
130799,0
130800,0
130803,0
130804,1
130805,0
130806,1
130807,0
130811,0
130812,0
130817,0
130825,0
130832,1
130834,1
130835,1
130836,1
130839,1
130841,1
130850,0
130857,0
130858,0
130859,0
130868,0
130870,0
130876,0
130878,1
130881,0
130884,0
130886,0
130891,1
130895,0
130898,0
130900,1
130903,1
130904,1
130908,1
130911,0
130912,1
130915,1
130917,0
130918,0
130919,0
130921,0
130922,0
130926,1
130930,0
130931,0
130932,0
130934,1
130936,1
130941,0
130944,0
130946,1
130948,1
130950,1
130952,0
130956,0
130958,0
130965,1
130969,1
130970,1
130973,1
130975,0
130977,0
130980,1
130983,0
130985,1
130988,0
130991,0
130992,0
130995,0
130996,0
130997,0
131000,0
131002,1
131007,0
131008,0
131011,0
131019,0
131021,0
131031,0
131032,1
131035,1
131043,1
131044,0
131045,1
131046,0
131047,0
131056,0
131060,1
131063,1
131065,0
131067,1
131069,1
131071,0
131073,1
131076,1
131081,0
131083,1
131085,1
131086,0
131087,0
131089,0
131090,0
131095,1
131108,0
131109,1
131110,1
131113,0
131118,0
131119,0
131120,1
131121,0
131122,1
131123,1
131127,0
131130,1
131131,0
131135,1
131137,0
131141,1
131142,1
131143,1
131145,1
131146,0
131147,0
131150,0
131158,1
131161,1
131166,1
131167,1
131169,1
131170,1
131173,0
131175,0
131176,1
131178,1
131179,0
131181,0
131183,1
131184,1
131190,0
131193,1
131202,1
131206,0
131210,0
131213,0
131214,0
131216,0
131217,1
131218,1
131224,1
131225,0
131226,0
131228,1
131229,1
131232,1
131234,0
131239,0
131240,0
131242,1
131245,0
131246,0
131252,0
131254,1
131255,1
131257,0
131259,0
131260,1
131261,0
131262,0
131264,1
131268,1
131270,1
131271,0
131273,0
131276,0
131277,1
131279,0
131283,0
131287,0
131292,1
131294,1
131299,1
131301,0
131302,0
131303,1
131307,1
131314,0
131317,1
131319,1
131320,1
131322,1
131325,0
131328,0
131332,1
131339,0
131341,0
131342,1
131343,0
131345,1
131350,1
131352,0
131360,1
131361,1
131362,0
131364,0
131365,0
131366,0
131367,1
131368,0
131372,0
131373,1
131378,1
131381,0
131388,0
131392,0
131393,1
131394,0
131396,1
131397,0
131398,1
131402,0
131411,0
131412,0
131418,0
131420,0
131421,0
131427,1
131428,1
131431,0
131433,0
131435,1
131436,0
131437,0
131445,0
131446,1
131456,1
131463,1
131466,0
131467,1
131468,1
131470,0
131471,0
131473,0
131479,1
131481,0
131483,1
131486,0
131491,1
131492,0
131493,1
131494,1
131495,0
131496,0
131497,1
131500,1
131502,0
131504,1
131509,0
131513,1
131516,0
131517,1
131519,1
131520,0
131526,0
131527,1
131528,1
131529,0
131532,0
131534,1
131538,1
131539,0
131543,0
131545,1
131547,0
131548,1
131561,1
131562,1
131564,0
131568,1
131573,0
131575,0
131577,1
131578,0
131579,0
131580,1
131581,0
131586,1
131587,0
131588,0
131590,0
131591,0
131594,0
131596,1
131597,1
131598,1
131600,1
131603,1
131604,0
131605,0
131608,0
131610,0
131612,0
131613,0
131614,1
131618,1
131623,1
131625,1
131627,0
131629,0
131631,0
131634,1
131637,0
131638,0
131639,0
131641,0
131649,1
131652,0
131655,0
131667,1
131668,1
131669,0
131672,0
131674,0
131676,0
131677,1
131679,1
131681,1
131684,0
131688,0
131689,1
131692,1
131693,1
131695,0
131697,0
131701,0
131702,1
131703,1
131704,1
131705,0
131710,1
131719,1
131720,1
131722,0
131725,0
131726,0
131729,0
131736,1
131737,1
131742,0
131746,0
131747,0
131750,0
131754,1
131755,1
131758,1
131761,0
131762,0
131763,1
131771,1
131772,0
131773,1
131775,1
131780,1
131782,0
131783,1
131785,0
131789,1
131790,1
131791,0
131792,0
131796,0
131798,1
131801,0
131805,0
131810,1
131815,1
131816,1
131817,0
131818,1
131819,0
131822,0
131827,0
131830,0
131835,0
131836,1
131838,1
131841,0
131842,0
131845,1
131848,0
131854,0
131855,0
131857,1
131859,0
131861,0
131865,1
131869,1
131872,0
131873,0
131879,1
131880,0
131881,0
131885,1
131887,0
131889,0
131892,0
131893,0
131894,0
131900,0
131908,0
131909,0
131914,1
131915,0
131918,1
131922,1
131925,0
131926,1
131929,0
131938,1
131942,1
131944,1
131946,1
131947,1
131949,0
131951,1
131955,1
131958,0
131960,0
131966,1
131970,1
131971,0
131972,0
131973,1
131975,1
131977,0
131980,1
131985,1
131986,0
131987,1
131988,0
131989,1
131991,1
131994,0
132000,0
132002,0
132005,1
132007,0
132009,0
132016,1
132020,1
132023,0
132024,1
132030,0
132032,0
132033,0
132034,0
132035,0
132036,0
132037,0
132038,1
132041,0
132044,1
132045,0
132046,1
132049,0
132053,0
132055,0
132058,1
132059,0
132063,0
132066,0
132070,1
132071,0
132075,0
132077,1
132079,0
132080,0
132082,0
132085,0
132088,0
132090,1
132094,1
132095,1
132096,0
132097,1
132099,0
132103,0
132104,0
132106,0
132108,1
132110,1
132111,1
132115,0
132119,0
132121,0
132123,0
132124,0
132127,1
132129,0
132130,0
132132,1
132136,1
132140,0
132141,0
132143,0
132144,0
132146,0
132148,0
132150,0
132151,1
132153,1
132155,0
132160,1
132162,1
132166,1
132167,0
132177,1
132179,0
132180,1
132182,0
132183,0
132185,1
132186,0
132192,0
132195,1
132196,1
132197,0
132202,0
132206,1
132207,0
132209,1
132210,0
132212,0
132220,0
132225,0
132228,1
132229,1
132230,1
132233,1
132240,0
132244,1
132245,1
132248,1
132254,1
132255,0
132256,1
132257,1
132258,1
132260,0
132261,1
132262,1
132263,1
132264,0
132266,0
132267,0
132269,0
132271,0
132275,0
132280,1
132281,0
132282,0
132283,1
132285,0
132289,0
132295,1
132300,1
132301,0
132303,1
132307,1
132308,1
132314,0
132315,0
132316,0
132318,1
132321,0
132322,1
132324,0
132325,0
132327,1
132329,1
132335,1
132336,1
132337,0
132340,1
132342,1
132344,1
132345,1
132347,1
132348,0
132350,1
132351,0
132352,1
132355,0
132358,1
132359,1
132365,0
132366,0
132367,0
132369,1
132370,1
132371,0
132376,0
132385,1
132387,0
132388,0
132389,0
132394,0
132395,1
132396,1
132403,1
132405,0
132406,0
132408,0
132409,0
132413,0
132414,1
132416,1
132418,1
132425,0
132426,1
132428,1
132432,1
132433,1
132435,0
132437,0
132439,1
132440,1
132441,0
132442,0
132443,0
132444,1
132446,1
132458,0
132462,1
132463,1
132464,0
132467,0
132468,0
132469,1
132470,0
132471,0
132472,1
132478,0
132485,0
132486,0
132491,1
132494,1
132495,0
132496,0
132498,0
132499,0
132508,0
132512,0
132513,0
132514,0
132519,0
132524,0
132528,0
132530,0
132532,0
132535,1
132537,0
132539,0
132543,0
132546,0
132550,1
132551,1
132552,1
132556,1
132557,0
132558,0
132561,0
132562,1
132563,1
132568,0
132569,1
132571,1
132572,1
132573,1
132579,1
132580,1
132585,1
132587,0
132589,1
132590,0
132592,1
132598,0
132600,1
132601,0
132602,1
132603,1
132604,1
132606,0
132607,1
132608,1
132609,1
132611,0
132612,1
132615,0
132619,1
132621,0
132622,1
132623,0
132630,0
132633,0
132636,1
132637,1
132639,1
132640,0
132641,0
132644,1
132647,1
132650,0
132652,0
132658,0
132659,1
132660,0
132663,0
132664,1
132668,0
132670,1
132672,0
132678,1
132679,1
132680,1
132684,1
132687,1
132690,0
132691,0
132696,0
132699,0
132701,1
132702,1
132706,1
132708,0
132709,0
132710,1
132715,0
132730,1
132731,1
132738,1
132739,0
132741,1
132745,1
132748,1
132752,0
132754,1
132757,0
132759,0
132760,1
132761,0
132762,0
132769,1
132773,0
132775,0
132777,1
132778,1
132779,1
132780,1
132781,1
132787,0
132789,1
132792,0
132797,0
132798,0
132800,1
132801,1
132803,1
132804,0
132807,1
132808,0
132809,0
132810,0
132818,1
132820,0
132823,1
132824,1
132828,0
132832,0
132834,1
132835,1
132836,0
132837,1
132838,1
132839,0
132840,1
132845,0
132848,0
132852,0
132856,0
132859,0
132862,1
132863,1
132864,0
132872,1
132873,0
132876,0
132884,0
132886,1
132891,1
132892,0
132893,0
132894,0
132897,0
132899,1
132903,1
132904,0
132906,1
132910,0
132911,0
132912,0
132918,0
132920,0
132923,0
132924,0
132926,1
132928,0
132932,0
132934,0
132935,0
132939,1
132940,1
132942,0
132944,1
132945,0
132951,1
132954,0
132956,1
132962,1
132968,1
132972,1
132982,1
132985,1
132988,1
132990,0
132991,1
133003,1
133004,1
133007,0
133009,0
133011,1
133015,1
133020,0
133021,1
133025,0
133028,0
133029,1
133034,1
133035,0
133036,0
133038,0
133040,1
133042,1
133044,0
133045,0
133048,1
133049,0
133050,1
133052,1
133053,0
133055,0
133056,0
133057,1
133062,0
133063,0
133065,1
133066,1
133067,1
133071,0
133072,0
133076,1
133077,1
133081,1
133082,0
133084,1
133090,0
133096,0
133097,0
133098,0
133105,0
133110,1
133111,1
133113,0
133114,1
133116,0
133119,1
133122,1
133125,0
133128,1
133132,0
133133,0
133135,1
133136,0
133139,0
133141,0
133142,0
133143,0
133144,1
133150,1
133155,1
133157,0
133159,0
133161,0
133163,1
133164,1
133165,1
133169,1
133173,0
133176,1
133181,1
133187,0
133189,0
133193,1
133197,1
133199,0
133200,0
133204,0
133205,0
133207,0
133210,1
133213,1
133215,0
133216,0
133218,0
133222,0
133223,1
133230,0
133232,0
133235,1
133238,0
133239,1
133242,1
133244,0
133246,0
133249,0
133257,1
133258,1
133261,0
133262,1
133265,1
133269,1
133276,1
133280,0
133281,0
133282,0
133286,1
133287,0
133288,0
133289,0
133292,1
133293,0
133294,1
133295,1
133296,0
133297,0
133299,0
133300,0
133301,0
133303,1
133307,1
133310,1
133311,0
133315,1
133316,0
133318,1
133319,0
133324,1
133325,0
133326,0
133329,1
133330,0
133333,0
133335,0
133336,0
133337,0
133338,0
133339,0
133341,0
133343,0
133345,0
133349,0
133352,0
133353,0
133357,1
133359,0
133365,0
133366,1
133367,0
133369,0
133372,1
133377,0
133379,0
133383,1
133384,0
133387,0
133390,0
133391,1
133397,1
133398,0
133401,0
133403,1
133404,0
133407,0
133408,0
133409,0
133413,0
133418,0
133424,0
133425,1
133426,1
133427,1
133432,0
133436,0
133439,1
133442,1
133444,0
133445,0
133447,1
133448,1
133449,1
133451,0
133452,0
133456,1
133458,1
133459,1
133460,0
133463,0
133464,0
133465,0
133466,0
133468,0
133471,1
133473,1
133476,0
133478,0
133482,1
133485,1
133486,0
133490,0
133492,1
133494,0
133499,1
133502,1
133503,1
133505,0
133508,0
133513,0
133515,0
133516,0
133517,0
133520,1
133529,0
133532,0
133536,1
133537,0
133539,0
133545,0
133546,0
133547,0
133549,1
133550,0
133554,0
133556,1
133557,1
133560,1
133561,0
133563,0
133564,1
133565,1
133566,0
133568,0
133570,0
133572,0
133573,0
133574,0
133576,1
133578,0
133580,1
133582,1
133583,0
133585,0
133586,1
133588,0
133594,1
133598,0
133599,0
133600,0
133602,0
133603,1
133606,0
133611,1
133613,1
133615,0
133620,1
133621,0
133623,0
133624,1
133626,0
133629,0
133632,0
133634,1
133636,0
133637,0
133645,1
133653,1
133654,1
133655,0
133658,1
133659,0
133660,0
133665,1
133669,1
133670,1
133671,1
133673,0
133679,0
133680,0
133683,0
133684,0
133685,1
133686,1
133688,0
133689,0
133691,1
133695,0
133696,1
133698,0
133701,0
133703,0
133705,0
133708,1
133709,1
133710,0
133713,0
133714,0
133716,0
133718,1
133722,1
133723,0
133727,1
133729,0
133730,1
133738,0
133740,1
133744,1
133753,1
133754,0
133755,0
133759,1
133765,0
133771,0
133772,0
133773,0
133776,0
133777,1
133780,1
133781,1
133783,0
133784,1
133785,1
133787,1
133789,1
133790,0
133793,1
133794,1
133796,0
133799,1
133802,1
133804,0
133807,1
133809,1
133813,0
133817,1
133818,1
133822,1
133824,1
133826,1
133832,0
133834,0
133842,0
133848,1
133850,1
133852,1
133853,1
133854,0
133856,1
133858,1
133861,0
133866,1
133868,0
133870,1
133872,1
133873,1
133876,0
133884,0
133885,1
133886,1
133890,1
133891,0
133895,0
133901,0
133903,1
133904,1
133905,0
133906,0
133907,1
133910,0
133912,1
133915,0
133917,1
133919,0
133920,1
133921,1
133922,0
133928,1
133930,0
133932,1
133935,0
133937,0
133938,1
133939,0
133943,1
133945,1
133946,1
133948,0
133949,0
133950,0
133951,0
133955,1
133957,0
133959,1
133960,0
133961,0
133962,1
133965,0
133969,0
133970,0
133971,1
133974,1
133976,1
133977,0
133980,1
133981,0
133983,1
133984,0
133987,1
133990,0
133991,1
133992,0
133994,0
133997,0
133999,1
134003,0
134010,1
134011,1
134023,0
134026,0
134027,0
134036,0
134039,1
134040,0
134041,1
134042,1
134044,0
134048,1
134049,0
134050,1
134051,0
134057,1
134059,0
134067,1
134074,0
134076,0
134079,1
134081,0
134083,0
134088,0
134090,0
134093,1
134096,0
134099,1
134100,0
134103,1
134107,0
134110,1
134115,0
134119,0
134120,0
134122,1
134125,0
134126,0
134129,0
134135,1
134137,1
134139,1
134147,0
134149,0
134151,0
134152,0
134160,0
134165,1
134167,1
134168,0
134176,1
134181,0
134183,0
134184,0
134187,0
134189,0
134195,0
134196,1
134197,1
134198,0
134201,0
134204,0
134205,0
134206,1
134207,0
134208,0
134211,1
134213,0
134214,0
134218,1
134219,1
134221,0
134223,0
134224,0
134226,0
134231,1
134232,0
134235,0
134236,0
134240,0
134244,1
134245,0
134246,1
134253,0
134254,0
134258,0
134259,1
134260,1
134261,0
134262,0
134263,0
134270,1
134278,0
134281,1
134285,0
134287,1
134292,0
134294,1
134295,0
134297,0
134298,1
134299,0
134300,0
134302,0
134303,0
134305,1
134310,1
134312,0
134313,1
134315,0
134318,0
134319,0
134322,0
134324,0
134341,1
134343,0
134345,0
134349,1
134350,1
134353,1
134354,0
134356,0
134359,0
134363,0
134365,1
134368,0
134369,0
134371,0
134373,1
134378,0
134382,0
134383,1
134385,0
134388,0
134395,1
134396,1
134397,0
134400,1
134402,0
134418,1
134420,1
134425,1
134429,1
134430,0
134431,1
134432,0
134433,1
134441,0
134443,0
134445,1
134450,1
134451,1
134458,1
134459,1
134464,0
134468,1
134469,1
134472,0
134473,0
134476,1
134477,0
134478,0
134480,1
134483,1
134484,0
134489,0
134492,0
134494,1
134502,0
134503,0
134505,0
134511,0
134513,0
134515,0
134516,1
134517,1
134520,0
134522,0
134525,0
134529,0
134530,1
134531,1
134533,1
134534,0
134539,0
134541,1
134543,0
134545,0
134546,0
134549,1
134551,1
134552,0
134553,0
134558,0
134561,0
134562,0
134563,1
134564,0
134565,0
134566,0
134567,0
134568,1
134569,0
134576,1
134580,1
134583,0
134585,1
134586,1
134588,0
134593,1
134596,0
134597,0
134599,1
134600,0
134602,1
134604,1
134609,0
134610,0
134611,1
134613,0
134614,0
134616,0
134618,0
134619,0
134622,0
134624,0
134627,1
134628,1
134630,0
134633,1
134636,1
134637,1
134639,0
134644,1
134645,0
134647,0
134650,0
134652,1
134653,1
134657,0
134663,0
134667,0
134668,1
134673,0
134676,1
134677,0
134682,0
134683,0
134685,0
134686,0
134687,1
134688,1
134690,0
134694,0
134695,1
134699,0
134700,0
134701,1
134703,0
134705,0
134706,0
134707,0
134708,0
134709,0
134710,0
134711,0
134714,1
134716,0
134719,0
134722,0
134723,1
134728,1
134729,0
134730,1
134740,0
134744,0
134745,0
134746,1
134749,1
134750,1
134754,1
134756,1
134758,1
134760,0
134763,0
134766,1
134770,0
134771,0
134778,1
134782,0
134786,0
134790,0
134798,1
134803,0
134807,1
134811,0
134812,0
134813,0
134816,0
134817,0
134823,0
134825,0
134827,1
134828,0
134832,0
134838,0
134840,1
134844,0
134847,0
134849,1
134850,0
134854,0
134857,1
134862,0
134864,1
134865,0
134866,1
134868,1
134871,0
134875,0
134880,1
134887,0
134894,1
134895,0
134896,0
134897,0
134908,1
134913,0
134915,0
134916,0
134920,0
134923,0
134928,0
134930,0
134934,1
134936,0
134944,0
134945,1
134947,1
134953,1
134954,0
134956,0
134959,0
134963,0
134964,0
134974,1
134978,0
134981,0
134985,1
134986,1
134989,1
134993,0
134994,1
134995,0
134996,0
134999,0
135001,0
135010,0
135012,1
135015,1
135019,1
135024,0
135028,0
135031,1
135032,1
135034,0
135040,1
135045,1
135055,1
135056,1
135059,1
135061,1
135065,0
135070,1
135072,1
135074,0
135076,1
135077,0
135078,0
135080,1
135085,1
135087,0
135088,0
135090,0
135092,0
135093,0
135095,1
135100,1
135103,1
135114,0
135116,0
135117,1
135118,0
135119,0
135120,1
135121,0
135122,0
135125,1
135126,1
135127,0
135133,1
135135,1
135137,0
135139,0
135140,1
135143,1
135146,1
135147,0
135150,0
135152,0
135157,0
135162,1
135165,0
135168,0
135169,0
135173,1
135175,1
135178,0
135179,0
135181,0
135182,0
135183,0
135185,0
135188,1
135189,1
135191,0
135194,0
135197,1
135201,0
135203,0
135208,0
135211,1
135213,0
135216,1
135217,0
135223,0
135224,0
135227,0
135230,0
135231,1
135232,1
135233,0
135236,0
135240,0
135242,0
135253,1
135254,0
135257,1
135259,1
135260,0
135261,1
135271,1
135280,1
135281,0
135282,1
135283,0
135290,0
135297,1
135298,1
135300,1
135301,1
135303,0
135304,1
135307,0
135311,0
135313,0
135316,0
135317,1
135318,1
135319,0
135320,1
135321,1
135326,0
135331,1
135332,1
135337,1
135338,0
135341,1
135343,1
135348,0
135350,1
135358,0
135359,0
135364,1
135366,0
135368,1
135369,1
135372,0
135375,1
135379,0
135382,1
135384,0
135386,0
135388,0
135391,0
135392,1
135393,1
135395,0
135396,0
135398,0
135400,0
135401,0
135405,0
135409,1
135410,0
135412,0
135413,0
135416,0
135417,0
135418,0
135421,1
135428,0
135430,0
135433,1
135437,1
135438,0
135440,1
135441,1
135444,1
135446,0
135447,0
135448,0
135449,0
135451,1
135452,1
135454,1
135458,1
135460,1
135465,1
135471,0
135472,0
135478,1
135479,0
135484,0
135486,0
135487,0
135492,0
135494,0
135497,1
135503,1
135504,0
135505,0
135507,0
135508,0
135511,0
135512,0
135515,1
135517,0
135520,0
135524,0
135526,1
135528,1
135529,0
135530,0
135532,0
135533,0
135542,0
135543,1
135545,0
135546,0
135549,1
135550,1
135551,0
135552,0
135555,0
135556,1
135558,1
135560,0
135563,1
135566,0
135567,0
135568,1
135569,1
135571,0
135574,1
135576,1
135577,0
135581,0
135583,0
135585,0
135589,1
135598,1
135599,0
135601,1
135603,0
135604,0
135607,1
135610,1
135617,1
135622,0
135624,1
135630,0
135631,1
135633,0
135634,1
135635,0
135638,1
135641,1
135642,0
135644,1
135651,1
135653,0
135656,0
135657,0
135665,1
135674,1
135675,0
135676,1
135682,1
135683,0
135684,0
135685,0
135686,0
135688,1
135691,1
135694,1
135699,0
135700,1
135701,1
135702,1
135703,1
135707,0
135713,1
135714,1
135717,0
135718,0
135719,0
135720,0
135721,0
135722,0
135727,0
135729,1
135733,1
135734,0
135735,0
135736,0
135738,1
135741,1
135744,1
135745,0
135748,1
135749,1
135750,0
135751,0
135752,0
135755,0
135757,0
135758,1
135759,0
135763,0
135766,1
135769,1
135771,1
135772,1
135778,0
135781,0
135783,0
135784,0
135785,0
135786,0
135796,1
135799,1
135801,0
135803,1
135807,1
135809,0
135811,0
135815,1
135816,0
135817,1
135819,1
135821,1
135823,1
135830,0
135833,1
135834,0
135839,1
135840,0
135843,0
135847,0
135850,1
135852,0
135856,0
135864,1
135865,0
135866,0
135871,0
135872,1
135880,0
135882,0
135883,1
135884,0
135885,0
135887,1
135890,0
135899,0
135903,0
135907,0
135908,1
135910,0
135912,0
135914,0
135920,0
135921,0
135925,0
135928,0
135938,0
135940,0
135946,0
135947,0
135950,0
135955,0
135959,0
135961,1
135965,1
135971,1
135975,0
135976,0
135978,1
135982,0
135983,0
135985,0
135987,0
135989,0
135995,0
135997,1
135998,1
135999,1
136003,0
136006,0
136008,1
136016,0
136017,1
136019,0
136020,1
136025,1
136028,0
136029,1
136030,1
136033,0
136035,0
136036,1
136039,1
136041,0
136042,0
136046,0
136057,1
136059,0
136073,1
136076,0
136081,0
136082,1
136086,1
136090,0
136091,1
136093,1
136100,1
136101,1
136106,1
136110,0
136113,0
136114,1
136115,0
136116,0
136118,0
136120,1
136122,1
136123,0
136125,1
136126,1
136131,0
136135,1
136136,0
136140,0
136148,0
136152,0
136153,0
136156,0
136157,0
136159,0
136161,0
136166,1
136169,1
136172,1
136174,0
136175,0
136178,0
136181,0
136184,1
136188,1
136190,1
136195,1
136200,1
136201,1
136203,1
136205,1
136206,1
136207,0
136208,0
136213,1
136214,1
136215,1
136216,1
136218,1
136220,1
136221,1
136222,0
136226,0
136229,1
136230,1
136231,0
136232,0
136237,1
136243,0
136244,1
136249,0
136251,0
136252,0
136255,0
136258,1
136260,0
136263,1
136264,0
136268,0
136269,0
136270,0
136271,0
136274,1
136276,0
136277,1
136278,1
136280,0
136281,0
136282,1
136292,1
136299,0
136300,0
136303,0
136306,1
136307,0
136309,1
136312,0
136316,1
136323,0
136325,0
136333,0
136336,1
136339,1
136345,1
136349,1
136355,0
136356,1
136359,1
136361,0
136363,1
136364,1
136368,1
136369,1
136370,0
136374,0
136379,1
136380,0
136381,0
136382,1
136383,1
136384,0
136388,1
136390,0
136391,1
136395,0
136398,0
136403,1
136405,0
136412,0
136414,1
136415,0
136416,1
136417,1
136420,0
136429,1
136430,1
136431,0
136433,1
136436,1
136437,0
136440,1
136443,0
136444,1
136450,1
136455,0
136458,1
136464,0
136472,0
136477,0
136479,1
136480,1
136481,1
136483,1
136489,0
136490,0
136494,0
136495,0
136496,0
136498,0
136503,0
136508,1
136512,1
136515,0
136520,1
136522,1
136524,0
136526,1
136531,1
136532,0
136534,0
136535,1
136536,0
136537,1
136538,0
136539,0
136542,0
136544,0
136550,1
136551,0
136553,0
136554,0
136555,1
136557,1
136559,1
136561,1
136562,0
136566,0
136570,1
136574,1
136575,0
136578,1
136579,0
136582,0
136584,1
136586,1
136587,0
136588,1
136592,1
136593,1
136597,0
136598,1
136602,1
136605,1
136611,1
136615,1
136617,0
136621,0
136622,1
136625,1
136626,1
136631,1
136638,0
136640,1
136643,0
136646,1
136647,0
136654,0
136658,1
136661,1
136663,1
136664,0
136667,1
136671,0
136672,0
136673,1
136674,0
136683,1
136685,1
136690,0
136693,1
136695,0
136701,0
136705,0
136706,0
136708,0
136710,1
136716,0
136722,1
136723,1
136731,1
136733,1
136735,1
136737,1
136738,0
136741,1
136744,1
136748,0
136750,0
136751,0
136753,0
136754,1
136755,0
136758,0
136760,1
136762,0
136765,1
136766,0
136768,0
136771,1
136773,1
136774,1
136779,1
136782,1
136783,0
136787,1
136790,1
136793,0
136794,1
136799,0
136804,0
136805,0
136806,1
136808,0
136809,0
136816,1
136818,1
136822,1
136825,1
136829,0
136831,0
136832,1
136833,1
136838,1
136839,0
136843,0
136846,0
136848,0
136850,1
136853,1
136857,0
136863,1
136864,1
136865,0
136867,1
136868,1
136869,1
136870,0
136871,1
136873,0
136879,1
136883,0
136885,1
136887,0
136888,1
136891,0
136897,0
136898,0
136900,0
136904,1
136909,0
136910,1
136912,1
136916,1
136918,1
136919,0
136927,0
136928,1
136930,1
136931,1
136933,0
136934,1
136935,1
136936,0
136937,1
136940,1
136943,0
136944,0
136945,0
136946,1
136951,1
136953,1
136956,0
136958,0
136959,0
136960,0
136963,0
136967,1
136970,1
136974,1
136975,0
136981,1
136983,1
136984,1
136986,1
136988,1
136991,0
137001,0
137003,1
137004,1
137005,0
137008,1
137010,0
137011,0
137012,0
137019,0
137023,1
137026,0
137027,0
137028,0
137029,1
137030,0
137031,0
137032,1
137034,1
137038,0
137039,1
137043,0
137044,0
137046,1
137047,1
137049,1
137050,1
137051,1
137061,0
137066,0
137070,0
137074,1
137076,0
137078,0
137080,0
137081,1
137085,0
137086,0
137097,0
137100,1
137101,1
137105,0
137106,0
137110,0
137112,0
137113,1
137115,0
137117,1
137122,0
137123,0
137127,1
137130,1
137134,0
137136,0
137141,1
137143,1
137147,0
137149,1
137151,1
137156,1
137158,0
137160,0
137171,1
137176,0
137177,0
137178,1
137180,1
137185,0
137186,1
137188,1
137189,1
137191,0
137193,0
137196,1
137197,1
137200,0
137201,1
137202,0
137213,1
137218,1
137220,0
137221,1
137222,0
137223,1
137225,1
137227,0
137228,1
137230,1
137232,1
137233,0
137234,0
137243,1
137245,0
137248,0
137260,1
137261,1
137262,1
137263,0
137266,1
137267,1
137274,1
137276,0
137277,1
137279,0
137281,1
137282,0
137286,0
137287,0
137296,0
137298,0
137299,0
137300,0
137309,1
137312,1
137314,0
137315,1
137317,0
137320,0
137323,0
137326,0
137327,0
137329,1
137332,0
137337,0
137340,0
137343,1
137347,1
137348,0
137350,1
137351,0
137352,0
137356,0
137357,0
137360,0
137362,0
137367,1
137370,0
137373,1
137374,1
137375,0
137381,1
137384,1
137387,0
137391,1
137393,0
137394,0
137397,1
137401,1
137407,0
137409,1
137410,0
137414,1
137415,1
137416,1
137417,0
137418,1
137419,0
137420,1
137423,1
137425,1
137427,1
137428,0
137432,0
137433,0
137435,0
137438,0
137439,1
137440,0
137443,0
137448,0
137449,0
137450,0
137453,1
137454,1
137456,0
137457,0
137458,1
137459,1
137461,1
137464,1
137465,0
137469,0
137473,1
137474,1
137477,0
137482,1
137485,0
137494,0
137495,1
137496,0
137498,0
137504,0
137508,0
137509,0
137511,1
137512,1
137513,1
137518,0
137523,0
137524,0
137534,1
137537,0
137545,1
137547,0
137549,1
137551,1
137555,0
137558,0
137560,0
137563,1
137564,1
137565,0
137566,0
137567,1
137568,1
137578,0
137581,1
137582,1
137584,1
137585,1
137590,1
137591,0
137593,0
137594,1
137598,0
137600,1
137601,1
137604,0
137611,0
137614,0
137616,1
137623,1
137624,0
137629,0
137632,0
137637,1
137638,1
137639,1
137640,0
137642,0
137643,0
137644,0
137646,0
137647,1
137653,1
137654,1
137659,0
137662,1
137667,1
137668,0
137672,0
137674,1
137678,0
137679,1
137685,1
137687,0
137690,0
137691,1
137692,0
137700,0
137703,0
137718,1
137719,1
137720,0
137723,1
137725,0
137726,0
137729,1
137730,1
137733,0
137734,1
137735,0
137739,1
137745,1
137746,0
137748,1
137759,1
137760,0
137763,1
137765,1
137767,1
137769,1
137770,1
137771,1
137772,0
137773,1
137774,0
137776,0
137777,1
137780,1
137781,0
137782,0
137784,0
137790,1
137792,0
137794,1
137796,1
137797,0
137798,1
137801,1
137810,1
137816,1
137817,1
137824,0
137827,0
137828,1
137832,0
137834,1
137839,0
137841,1
137843,0
137845,0
137847,1
137848,1
137851,0
137853,1
137854,0
137856,1
137857,0
137862,1
137864,1
137866,0
137867,0
137868,1
137871,1
137874,1
137877,0
137885,1
137893,1
137894,1
137895,0
137900,0
137901,1
137902,0
137904,0
137906,0
137908,0
137912,1
137914,1
137915,1
137917,0
137918,1
137920,0
137921,0
137922,0
137923,0
137926,0
137929,0
137930,1
137936,0
137939,0
137940,1
137942,1
137944,1
137950,0
137953,1
137954,0
137957,1
137958,1
137959,1
137963,0
137968,1
137970,0
137974,1
137976,0
137977,0
137978,0
137979,1
137980,1
137983,1
137984,1
137992,1
137997,1
137998,1
138003,1
138004,1
138009,1
138010,1
138012,0
138013,0
138014,0
138016,0
138018,0
138030,0
138032,1
138036,0
138040,1
138041,1
138044,1
138046,1
138048,0
138051,0
138053,1
138057,0
138059,0
138061,0
138062,0
138064,0
138065,1
138069,1
138070,1
138078,1
138080,0
138081,1
138086,0
138088,1
138092,0
138093,0
138094,1
138095,1
138097,0
138099,0
138102,1
138103,1
138110,0
138111,0
138112,1
138115,1
138116,1
138117,1
138120,0
138122,0
138124,0
138125,0
138126,0
138127,0
138132,1
138135,0
138142,0
138143,1
138145,1
138150,0
138151,1
138152,0
138158,0
138159,0
138162,1
138163,1
138172,0
138174,0
138175,0
138179,0
138180,1
138181,0
138185,0
138189,0
138192,0
138193,0
138197,1
138198,0
138200,0
138201,0
138202,0
138203,0
138207,1
138208,0
138218,0
138220,0
138221,0
138222,0
138225,0
138226,1
138227,1
138228,0
138229,0
138234,0
138239,1
138240,1
138241,0
138244,1
138247,0
138253,0
138256,1
138263,1
138264,1
138266,0
138267,0
138275,0
138279,1
138282,1
138283,1
138284,0
138287,1
138289,1
138290,1
138291,1
138294,0
138301,0
138305,0
138310,0
138314,0
138315,1
138321,1
138322,0
138324,0
138325,0
138329,0
138333,0
138338,0
138346,0
138348,1
138351,0
138354,0
138357,0
138358,1
138361,1
138362,0
138363,0
138366,0
138369,1
138371,1
138373,1
138374,1
138376,0
138377,0
138382,1
138384,0
138388,1
138391,0
138392,0
138393,1
138394,1
138395,1
138399,0
138404,1
138406,0
138409,1
138413,1
138417,1
138418,0
138419,0
138421,0
138423,1
138424,0
138426,0
138428,0
138429,0
138433,0
138435,0
138436,1
138438,1
138442,1
138443,1
138444,0
138448,0
138449,1
138452,0
138454,1
138459,0
138460,0
138463,0
138464,0
138469,1
138471,0
138473,0
138478,0
138480,0
138482,0
138483,1
138486,1
138487,0
138488,0
138489,0
138492,0
138493,1
138496,0
138497,0
138498,0
138502,0
138505,1
138511,0
138514,0
138516,1
138517,0
138528,1
138532,0
138539,0
138542,1
138544,0
138548,0
138549,0
138550,0
138553,1
138559,1
138567,0
138568,1
138569,1
138574,0
138578,1
138579,1
138583,0
138584,0
138588,0
138590,0
138591,0
138592,0
138593,1
138594,1
138597,0
138600,1
138602,0
138603,1
138606,1
138608,0
138610,1
138612,1
138613,1
138614,0
138622,0
138625,0
138630,0
138633,1
138637,0
138638,1
138639,0
138640,1
138642,0
138643,1
138644,0
138645,0
138647,0
138649,0
138650,1
138651,0
138652,0
138654,0
138655,0
138659,1
138664,1
138665,1
138668,0
138670,0
138674,0
138676,0
138681,1
138683,0
138685,0
138688,1
138690,1
138691,1
138692,0
138695,0
138698,0
138699,0
138701,0
138703,0
138706,1
138707,0
138708,0
138713,0
138714,0
138715,1
138716,0
138719,1
138720,0
138721,0
138725,0
138726,0
138728,1
138730,1
138735,1
138741,0
138743,1
138745,0
138747,0
138750,0
138751,0
138752,1
138753,0
138758,0
138759,0
138761,0
138766,0
138767,0
138768,1
138770,0
138771,1
138772,0
138773,1
138775,0
138780,1
138781,0
138782,0
138783,0
138786,0
138788,0
138793,1
138794,0
138795,0
138797,1
138798,0
138801,1
138802,1
138803,1
138805,0
138806,0
138807,0
138812,0
138817,0
138828,1
138831,0
138832,0
138833,1
138834,0
138838,0
138842,1
138843,0
138846,1
138847,0
138860,0
138863,0
138864,0
138869,1
138870,1
138871,1
138873,1
138875,0
138876,1
138883,1
138885,0
138887,1
138892,0
138893,1
138896,0
138898,0
138899,0
138900,0
138903,1
138906,1
138911,0
138912,0
138913,0
138916,0
138918,0
138919,0
138920,1
138921,0
138925,1
138926,1
138927,0
138928,0
138930,0
138931,0
138934,1
138935,0
138937,0
138943,1
138944,0
138946,0
138948,0
138949,0
138951,1
138953,0
138956,0
138959,0
138960,1
138962,1
138963,1
138966,0
138970,1
138974,0
138976,1
138977,0
138980,0
138981,1
138985,1
138987,0
138990,1
138991,1
138992,0
138996,0
138997,0
139000,0
139003,0
139004,1
139007,1
139009,0
139016,1
139020,0
139023,1
139025,0
139026,0
139027,0
139029,0
139036,0
139037,0
139038,1
139043,1
139045,0
139046,1
139048,1
139050,0
139051,0
139053,0
139055,1
139061,0
139062,0
139063,1
139065,0
139066,1
139070,0
139072,0
139074,0
139077,1
139082,0
139083,1
139084,1
139087,0
139090,0
139091,0
139093,0
139094,0
139097,0
139099,0
139104,0
139114,1
139115,0
139116,0
139124,0
139127,0
139130,0
139131,1
139132,0
139134,1
139135,0
139140,0
139144,0
139147,0
139149,0
139152,0
139153,0
139160,1
139162,0
139163,0
139165,1
139166,1
139167,0
139168,0
139178,1
139180,1
139181,0
139183,0
139185,1
139186,0
139189,0
139191,1
139192,1
139194,0
139199,0
139202,1
139203,1
139204,0
139205,0
139209,0
139210,1
139211,0
139214,0
139215,0
139216,0
139221,0
139224,1
139225,1
139231,1
139232,0
139237,0
139239,0
139240,1
139247,1
139249,0
139254,1
139256,0
139257,1
139258,1
139260,1
139262,1
139265,0
139266,1
139268,1
139273,0
139275,0
139278,0
139281,0
139282,1
139283,0
139289,1
139290,0
139291,0
139293,0
139296,1
139302,0
139304,0
139307,0
139310,1
139315,1
139318,1
139319,0
139323,0
139324,0
139335,0
139337,1
139338,1
139339,0
139341,1
139342,1
139343,0
139350,0
139361,1
139362,1
139364,0
139367,0
139369,0
139375,0
139376,1
139377,1
139381,0
139382,0
139387,1
139390,0
139392,0
139394,0
139397,0
139398,1
139400,1
139401,0
139403,0
139405,1
139406,1
139407,1
139408,0
139411,0
139412,1
139414,1
139420,1
139421,0
139426,0
139435,0
139436,0
139444,0
139447,0
139448,0
139451,0
139464,1
139469,0
139471,1
139472,1
139475,1
139484,1
139486,1
139489,1
139493,0
139496,0
139501,1
139504,1
139505,0
139508,0
139510,1
139511,0
139512,0
139520,0
139521,1
139523,1
139526,1
139529,0
139533,0
139541,1
139544,0
139548,1
139550,1
139556,0
139561,1
139562,0
139563,0
139568,0
139571,1
139573,0
139579,1
139583,0
139585,0
139586,0
139591,1
139592,0
139593,0
139596,0
139597,1
139602,1
139605,0
139607,0
139608,0
139609,1
139615,0
139618,0
139619,0
139622,0
139623,1
139627,1
139628,0
139634,0
139641,1
139642,0
139644,0
139645,0
139646,1
139647,1
139649,0
139651,0
139652,1
139659,0
139661,1
139666,1
139671,1
139672,1
139673,1
139674,1
139675,1
139677,1
139678,0
139688,1
139690,1
139691,0
139693,0
139695,0
139698,0
139701,1
139703,0
139708,0
139710,1
139712,0
139714,1
139715,0
139718,0
139720,0
139723,1
139727,1
139734,0
139738,1
139743,0
139744,0
139745,0
139749,1
139755,0
139757,0
139758,0
139766,0
139769,0
139774,0
139775,1
139776,0
139779,1
139780,0
139782,0
139783,0
139784,0
139787,0
139788,0
139793,0
139794,1
139798,0
139802,1
139809,1
139812,1
139816,1
139817,1
139823,0
139827,0
139828,1
139829,1
139830,1
139831,1
139832,0
139833,0
139834,0
139835,0
139841,1
139843,0
139845,0
139853,1
139854,0
139857,0
139858,0
139859,0
139861,1
139863,0
139865,1
139866,0
139872,0
139874,0
139875,0
139876,1
139877,1
139878,1
139881,1
139884,0
139885,0
139888,1
139890,1
139892,1
139896,0
139897,1
139898,1
139900,0
139901,0
139906,1
139914,1
139916,0
139917,0
139919,1
139920,1
139922,0
139923,0
139927,1
139929,0
139930,0
139931,0
139932,0
139933,0
139939,0
139940,0
139941,0
139942,1
139944,0
139946,0
139947,1
139949,0
139952,0
139956,1
139957,0
139958,1
139960,1
139962,0
139964,0
139965,1
139966,1
139967,1
139968,0
139969,1
139970,0
139973,0
139974,0
139975,1
139976,1
139979,0
139980,1
139981,0
139985,0
139986,1
139987,0
139989,0
139990,1
139991,0
139995,0
139996,0
139997,1
139998,0
140001,1
140002,0
140003,0
140008,1
140009,0
140017,1
140019,0
140020,0
140021,0
140025,1
140026,0
140027,0
140029,0
140033,0
140034,0
140037,0
140038,0
140039,0
140041,0
140045,1
140046,1
140050,1
140051,1
140058,1
140060,0
140061,0
140063,0
140067,0
140070,1
140071,0
140078,1
140079,1
140081,1
140085,0
140086,1
140087,1
140092,1
140097,0
140099,0
140106,0
140108,1
140109,0
140123,1
140125,0
140129,0
140130,1
140132,1
140135,1
140136,0
140137,0
140139,0
140143,0
140144,0
140148,1
140149,1
140153,0
140156,1
140157,0
140158,1
140159,0
140162,1
140163,0
140164,0
140166,1
140169,0
140170,1
140171,1
140173,1
140175,0
140176,0
140191,1
140192,1
140196,1
140202,0
140206,1
140208,0
140210,0
140213,0
140217,0
140218,1
140220,0
140221,0
140222,0
140223,1
140224,0
140225,0
140229,0
140236,0
140238,1
140240,1
140242,1
140245,0
140247,0
140248,0
140251,1
140252,1
140253,1
140254,0
140255,0
140257,0
140258,0
140259,1
140260,0
140263,1
140268,1
140273,0
140274,1
140275,0
140276,1
140277,0
140282,1
140285,0
140286,0
140287,1
140290,0
140293,1
140294,1
140295,0
140296,0
140304,1
140307,1
140308,0
140309,0
140311,1
140313,1
140317,1
140318,0
140319,0
140321,1
140324,1
140326,1
140328,0
140330,1
140333,1
140334,0
140337,1
140338,0
140340,1
140341,1
140342,1
140343,0
140344,1
140346,0
140347,1
140348,0
140352,1
140357,0
140359,0
140361,0
140363,1
140365,1
140367,1
140368,0
140373,0
140376,1
140378,0
140380,0
140383,0
140384,1
140385,0
140388,0
140389,0
140391,1
140392,1
140396,1
140397,0
140401,0
140404,1
140405,1
140407,0
140413,0
140414,0
140424,0
140426,0
140430,0
140431,1
140437,1
140439,0
140443,0
140445,0
140449,0
140450,1
140451,0
140452,0
140464,1
140468,1
140469,0
140473,1
140481,1
140482,0
140488,1
140490,0
140492,0
140495,0
140498,0
140499,0
140502,1
140504,0
140508,0
140509,0
140513,1
140514,0
140515,0
140516,1
140518,0
140522,0
140523,0
140525,0
140526,0
140530,1
140531,0
140540,1
140542,0
140543,1
140546,1
140552,0
140554,0
140555,0
140559,0
140564,0
140565,0
140570,1
140575,0
140576,1
140581,0
140582,0
140584,0
140585,1
140586,0
140587,0
140596,0
140597,0
140598,1
140600,0
140603,1
140606,0
140607,1
140609,0
140612,0
140614,1
140615,1
140616,0
140619,0
140620,0
140621,1
140622,1
140626,0
140629,0
140630,1
140632,0
140634,0
140637,0
140638,0
140639,0
140641,0
140642,0
140645,0
140646,0
140647,0
140648,1
140651,1
140655,0
140658,0
140662,0
140665,0
140667,0
140668,0
140672,0
140673,0
140677,1
140678,0
140679,1
140684,1
140686,0
140688,0
140691,1
140695,0
140698,1
140700,1
140702,0
140704,0
140705,0
140709,0
140711,1
140712,0
140713,0
140716,0
140719,0
140720,0
140725,1
140727,0
140729,0
140732,0
140733,0
140738,1
140739,1
140740,1
140746,0
140747,1
140748,0
140749,0
140750,1
140751,0
140754,0
140757,0
140759,0
140760,0
140764,0
140765,0
140766,0
140767,0
140772,0
140774,1
140775,1
140776,0
140786,1
140787,1
140794,0
140796,1
140798,1
140799,1
140800,1
140802,0
140803,1
140805,0
140809,0
140810,0
140812,0
140817,1
140819,0
140824,0
140825,1
140826,0
140827,0
140828,0
140829,1
140830,0
140833,0
140837,1
140838,0
140841,0
140842,1
140846,0
140847,0
140851,0
140852,0
140854,0
140857,0
140859,1
140860,1
140866,0
140870,1
140875,1
140879,1
140880,0
140881,0
140883,1
140884,0
140887,0
140891,1
140892,1
140898,0
140900,1
140902,1
140903,1
140907,0
140908,0
140911,1
140912,1
140914,0
140921,1
140924,0
140925,1
140928,1
140929,0
140932,0
140935,0
140936,0
140938,0
140940,1
140943,0
140944,0
140948,0
140951,1
140952,0
140954,1
140956,1
140957,0
140960,0
140961,0
140965,0
140966,0
140972,0
140973,1
140976,0
140978,0
140980,1
140984,0
140987,0
140988,0
140989,0
140991,1
140992,1
140995,0
141000,0
141010,1
141013,0
141014,1
141017,0
141019,0
141020,0
141021,0
141023,1
141025,0
141027,0
141028,1
141030,1
141031,1
141037,1
141041,1
141042,0
141044,1
141045,0
141048,1
141050,0
141051,0
141053,1
141059,0
141067,0
141069,1
141070,0
141074,1
141081,0
141083,0
141092,1
141096,0
141097,0
141098,0
141100,0
141101,0
141105,1
141107,0
141108,1
141112,0
141115,1
141116,1
141117,1
141120,0
141122,0
141124,0
141130,0
141131,0
141134,0
141136,0
141140,0
141144,1
141145,0
141146,1
141148,0
141149,1
141151,1
141156,0
141157,1
141160,1
141161,0
141165,0
141166,1
141170,1
141173,1
141176,0
141177,0
141178,1
141179,0
141181,1
141183,0
141185,0
141186,0
141193,0
141196,1
141201,1
141202,1
141204,1
141206,0
141207,1
141214,0
141215,0
141216,0
141218,1
141220,0
141221,0
141227,0
141228,0
141231,0
141234,0
141235,0
141238,1
141239,0
141243,1
141245,0
141247,1
141248,1
141249,1
141250,1
141251,1
141255,0
141256,0
141259,0
141261,1
141263,1
141265,1
141267,0
141273,1
141277,0
141278,0
141279,0
141280,1
141284,0
141289,1
141291,1
141292,1
141295,0
141296,1
141297,0
141298,0
141299,0
141304,1
141305,0
141307,0
141308,1
141313,0
141319,1
141320,0
141323,1
141325,0
141330,0
141331,1
141333,0
141334,0
141335,0
141338,0
141341,0
141342,0
141344,0
141345,0
141347,1
141348,0
141351,1
141354,1
141358,0
141359,1
141362,1
141364,1
141368,1
141370,0
141371,1
141380,0
141381,1
141384,1
141394,1
141399,1
141402,1
141406,0
141408,0
141410,1
141416,0
141417,0
141418,0
141422,1
141423,0
141429,1
141433,1
141434,0
141435,1
141436,1
141440,0
141442,1
141445,1
141446,0
141448,0
141451,1
141452,1
141456,1
141458,1
141459,0
141464,0
141465,1
141467,1
141472,0
141473,0
141476,1
141477,0
141480,0
141481,1
141483,1
141484,0
141485,0
141487,0
141489,1
141491,0
141492,1
141493,0
141500,0
141501,0
141502,0
141504,1
141507,1
141511,1
141514,0
141517,0
141519,0
141523,0
141524,1
141526,1
141527,1
141529,1
141537,0
141538,0
141540,1
141542,1
141546,0
141547,0
141549,0
141551,0
141552,0
141553,1
141555,0
141557,1
141558,0
141561,0
141564,0
141567,0
141570,0
141576,1
141578,1
141579,1
141585,0
141589,0
141591,1
141592,1
141598,0
141599,0
141606,1
141607,1
141616,1
141618,0
141624,0
141625,1
141626,0
141631,1
141632,1
141636,0
141637,0
141643,1
141645,0
141649,1
141655,0
141656,0
141657,1
141658,0
141661,0
141662,1
141667,0
141668,1
141671,0
141672,0
141673,1
141675,1
141676,0
141683,0
141685,1
141686,1
141690,0
141691,1
141692,1
141694,0
141697,1
141698,0
141699,1
141700,1
141701,1
141704,0
141708,0
141709,1
141711,0
141712,1
141715,0
141717,0
141718,1
141719,1
141720,1
141721,0
141730,1
141735,0
141736,0
141737,0
141738,0
141745,0
141749,0
141750,0
141752,0
141754,0
141755,1
141756,0
141757,1
141758,0
141759,0
141760,1
141763,0
141764,1
141765,0
141768,0
141769,0
141771,1
141774,1
141775,1
141776,1
141778,0
141784,0
141786,1
141787,0
141788,1
141789,0
141791,1
141792,1
141798,1
141802,0
141805,1
141817,0
141818,0
141819,1
141820,1
141821,0
141826,1
141828,1
141829,1
141831,0
141832,1
141836,1
141839,0
141841,0
141843,0
141844,1
141845,0
141850,0
141855,0
141858,0
141861,1
141862,1
141865,1
141867,0
141868,0
141874,0
141880,0
141882,0
141889,0
141890,1
141893,0
141895,1
141899,1
141900,0
141901,0
141902,0
141903,0
141905,1
141907,0
141909,0
141912,0
141914,0
141916,1
141921,1
141924,0
141930,1
141931,0
141932,0
141934,1
141935,0
141937,0
141939,0
141940,0
141943,0
141944,0
141946,0
141948,0
141949,0
141951,0
141958,0
141959,1
141962,0
141963,1
141964,1
141966,1
141967,1
141972,0
141973,1
141976,1
141977,0
141979,1
141981,0
141986,0
141988,0
141991,0
141993,0
141995,1
141996,1
141997,0
142005,0
142006,1
142007,1
142010,0
142011,1
142014,0
142015,0
142017,1
142019,0
142020,1
142023,1
142024,1
142026,1
142027,0
142029,1
142034,1
142036,1
142042,1
142045,0
142046,1
142048,1
142051,0
142053,1
142054,0
142057,0
142060,1
142063,1
142065,1
142066,0
142075,0
142077,0
142078,1
142080,0
142086,0
142089,1
142090,0
142097,1
142100,0
142104,0
142105,0
142106,0
142107,1
142114,0
142116,0
142120,1
142121,0
142122,0
142125,0
142127,0
142132,1
142133,1
142134,1
142135,0
142136,1
142137,1
142138,0
142139,0
142140,1
142144,1
142148,1
142150,0
142151,0
142154,1
142158,1
142161,1
142162,0
142167,0
142174,1
142177,0
142178,1
142186,0
142187,1
142188,1
142190,0
142192,0
142193,0
142195,0
142196,1
142200,0
142204,0
142206,0
142211,0
142219,1
142220,0
142221,0
142222,0
142223,1
142226,0
142230,0
142232,0
142238,0
142240,1
142241,0
142245,0
142246,0
142250,1
142251,1
142252,0
142255,0
142256,0
142257,1
142263,1
142265,1
142266,1
142269,0
142270,0
142272,0
142276,1
142279,1
142280,1
142281,1
142288,1
142289,1
142292,0
142293,1
142299,0
142300,1
142301,1
142309,1
142310,0
142316,0
142318,0
142320,1
142321,0
142322,1
142323,0
142326,1
142329,1
142331,0
142333,0
142336,0
142337,0
142339,0
142340,0
142344,0
142345,1
142346,0
142347,0
142348,0
142351,0
142352,1
142354,0
142356,0
142358,0
142372,0
142374,1
142375,0
142378,1
142379,1
142381,0
142383,0
142385,1
142394,0
142396,0
142400,0
142403,0
142405,1
142406,0
142408,0
142409,1
142411,1
142415,1
142416,1
142417,1
142420,1
142421,0
142423,1
142428,1
142429,1
142434,0
142436,0
142438,1
142443,1
142444,0
142446,0
142448,1
142449,1
142451,0
142454,0
142461,0
142463,0
142467,0
142468,0
142470,0
142475,1
142476,1
142477,0
142482,0
142483,0
142489,0
142491,0
142492,0
142494,0
142496,1
142497,0
142498,1
142499,0
142509,1
142512,1
142516,1
142518,1
142522,1
142523,1
142531,1
142533,1
142535,1
142536,0
142538,0
142539,0
142542,1
142551,0
142553,1
142555,1
142562,0
142563,1
142565,1
142570,0
142572,0
142573,0
142575,1
142576,0
142582,0
142583,0
142588,0
142592,1
142593,1
142594,1
142601,0
142602,1
142603,0
142605,1
142606,1
142607,1
142617,1
142618,0
142622,1
142624,0
142628,1
142633,1
142645,1
142649,0
142651,0
142653,0
142657,1
142658,0
142660,1
142662,0
142664,1
142665,1
142666,0
142669,1
142671,0
142672,0
142673,0
142682,0
142684,1
142685,1
142691,1
142693,1
142697,0
142698,0
142702,1
142703,0
142711,1
142712,0
142713,0
142714,0
142715,1
142717,0
142720,1
142721,1
142729,1
142730,0
142733,0
142737,0
142738,1
142749,0
142750,1
142751,1
142757,0
142758,1
142763,1
142764,1
142774,1
142775,1
142777,1
142778,0
142782,1
142785,1
142788,0
142791,0
142794,1
142798,1
142805,0
142806,0
142807,1
142809,1
142812,0
142815,0
142816,1
142817,0
142821,1
142829,0
142830,1
142831,0
142832,0
142834,0
142842,1
142843,0
142847,0
142854,1
142858,0
142862,1
142865,0
142866,1
142868,1
142874,1
142876,0
142877,1
142885,1
142887,0
142889,1
142893,1
142897,0
142898,0
142899,0
142906,1
142907,0
142909,1
142910,0
142916,1
142917,1
142918,1
142920,0
142922,1
142927,1
142930,1
142931,0
142932,0
142933,1
142939,0
142947,0
142950,0
142953,1
142958,0
142960,0
142964,1
142965,1
142966,1
142967,0
142970,0
142972,1
142974,0
142976,1
142978,1
142983,1
142984,0
142990,0
142991,1
142993,1
142994,0
143001,0
143002,0
143003,0
143004,0
143006,0
143009,1
143010,0
143011,1
143016,0
143017,1
143018,1
143021,0
143022,0
143023,0
143024,0
143026,1
143028,1
143029,0
143030,0
143031,0
143037,1
143038,1
143045,0
143046,0
143049,1
143052,0
143053,0
143054,0
143056,1
143057,1
143061,0
143063,1
143067,1
143068,0
143069,0
143073,0
143074,0
143079,0
143083,0
143085,1
143086,1
143088,0
143089,0
143090,0
143091,1
143096,0
143100,0
143103,1
143106,0
143110,0
143111,1
143112,0
143114,0
143116,1
143117,0
143118,0
143119,1
143120,0
143124,0
143126,1
143130,0
143134,1
143137,1
143139,0
143143,0
143144,1
143146,1
143147,1
143148,0
143149,0
143153,0
143154,0
143160,0
143164,0
143166,1
143168,1
143169,1
143170,0
143172,1
143173,0
143174,0
143175,1
143176,0
143186,1
143188,0
143191,0
143193,0
143194,0
143196,0
143198,1
143210,1
143213,0
143217,1
143218,0
143221,1
143224,1
143225,0
143227,1
143230,1
143232,1
143233,1
143235,1
143242,1
143244,1
143245,0
143257,0
143260,1
143263,1
143264,1
143266,1
143267,1
143269,0
143271,0
143272,0
143275,0
143276,1
143277,1
143279,1
143281,0
143283,0
143287,1
143288,1
143289,1
143290,1
143292,1
143293,0
143294,0
143296,1
143302,1
143303,1
143304,0
143312,0
143313,1
143316,1
143318,0
143319,1
143320,1
143321,0
143325,0
143326,0
143332,1
143333,0
143334,0
143336,1
143337,1
143340,1
143343,0
143346,1
143350,1
143351,1
143353,0
143355,1
143358,1
143361,1
143363,1
143364,0
143365,0
143367,0
143369,1
143374,0
143375,1
143376,1
143381,1
143383,1
143384,1
143385,0
143393,0
143398,0
143400,0
143401,0
143403,0
143405,0
143410,0
143413,1
143417,0
143423,0
143437,1
143440,1
143441,0
143442,0
143443,0
143452,1
143454,0
143455,1
143457,1
143467,1
143468,0
143472,0
143475,1
143476,0
143478,0
143480,1
143481,0
143486,0
143487,1
143488,0
143489,1
143491,0
143492,0
143493,1
143495,0
143502,1
143509,1
143511,1
143517,0
143519,1
143520,0
143521,1
143529,1
143532,0
143533,0
143536,0
143538,1
143539,0
143540,1
143541,1
143543,1
143545,1
143546,1
143547,0
143549,0
143553,1
143563,1
143564,1
143565,1
143566,1
143567,1
143572,1
143573,0
143574,1
143577,0
143579,0
143580,0
143582,0
143583,1
143584,0
143585,1
143586,0
143589,0
143591,1
143592,0
143594,0
143595,0
143596,1
143598,0
143600,1
143603,0
143605,1
143607,1
143610,0
143611,0
143614,1
143615,1
143617,0
143623,0
143625,1
143628,0
143630,0
143631,0
143633,0
143634,0
143637,0
143639,0
143640,1
143642,0
143646,1
143648,1
143649,1
143652,1
143653,1
143654,0
143655,0
143658,0
143660,0
143661,0
143663,1
143664,0
143667,0
143668,0
143669,1
143671,1
143673,0
143682,0
143683,0
143685,0
143693,0
143694,0
143697,0
143698,1
143699,1
143700,1
143704,0
143708,1
143709,0
143711,0
143719,1
143720,1
143722,1
143724,0
143725,1
143726,1
143731,1
143737,0
143738,0
143740,1
143741,1
143745,0
143754,0
143756,0
143757,0
143760,1
143763,0
143766,1
143767,1
143768,0
143769,0
143774,0
143776,0
143777,0
143778,1
143779,0
143780,1
143784,1
143785,0
143786,0
143788,0
143791,0
143792,0
143793,0
143797,1
143798,1
143800,1
143801,0
143802,0
143803,1
143807,1
143809,1
143811,1
143813,1
143823,1
143824,0
143825,1
143828,1
143830,0
143831,0
143832,0
143835,1
143841,0
143843,0
143844,1
143847,0
143849,0
143851,0
143853,1
143854,0
143856,0
143858,0
143862,0
143863,1
143864,0
143865,0
143867,0
143872,1
143873,0
143875,0
143879,0
143880,0
143882,1
143883,1
143885,1
143886,1
143887,1
143892,1
143895,0
143901,0
143905,0
143906,1
143909,1
143910,1
143911,0
143913,0
143914,1
143916,1
143922,1
143923,1
143926,0
143929,1
143930,0
143931,1
143936,0
143937,0
143939,0
143946,0
143953,1
143954,0
143958,1
143959,0
143960,0
143963,0
143964,1
143965,1
143966,0
143967,0
143970,0
143976,0
143978,0
143980,0
143981,1
143983,1
143985,1
143986,0
143987,0
143989,1
143993,0
143996,1
143997,1
144003,0
144010,0
144016,1
144018,1
144020,1
144021,0
144027,0
144030,1
144031,1
144037,1
144040,0
144044,0
144045,1
144046,1
144051,1
144054,0
144056,1
144058,1
144061,0
144064,0
144073,0
144076,0
144078,1
144081,1
144084,0
144089,0
144091,1
144093,0
144095,0
144096,1
144099,1
144100,0
144103,0
144107,1
144112,1
144113,1
144114,1
144117,1
144118,0
144122,0
144123,1
144124,0
144125,0
144126,0
144127,1
144129,0
144136,1
144153,0
144154,0
144155,0
144156,0
144158,1
144162,1
144164,1
144166,1
144170,0
144175,1
144177,0
144180,1
144182,1
144189,1
144192,0
144193,1
144195,0
144196,0
144197,0
144200,1
144201,0
144207,0
144210,0
144216,0
144217,1
144219,0
144226,0
144227,0
144229,0
144232,1
144237,1
144238,0
144242,1
144244,1
144245,0
144247,1
144254,1
144255,0
144257,0
144262,1
144263,1
144264,1
144266,1
144270,1
144271,1
144272,1
144274,0
144277,1
144278,0
144282,0
144283,0
144287,0
144291,1
144292,1
144293,0
144294,0
144299,0
144300,1
144301,1
144304,0
144305,1
144306,1
144307,0
144308,1
144309,0
144315,1
144319,0
144334,1
144336,1
144337,1
144339,1
144347,1
144352,0
144353,0
144357,0
144359,1
144363,1
144364,0
144368,1
144372,1
144373,1
144375,1
144378,0
144380,0
144381,1
144382,1
144386,0
144387,1
144388,1
144389,0
144390,0
144395,1
144398,0
144399,0
144400,1
144401,0
144402,0
144403,1
144406,1
144410,0
144412,0
144413,1
144416,0
144420,0
144422,0
144424,1
144425,1
144428,1
144429,1
144432,1
144433,1
144437,0
144439,1
144441,1
144445,1
144448,0
144449,0
144450,1
144454,0
144457,1
144458,1
144459,0
144467,0
144474,1
144476,0
144477,1
144478,0
144481,1
144483,0
144484,0
144485,1
144486,0
144487,0
144488,0
144492,1
144496,0
144497,0
144500,0
144501,0
144504,0
144505,1
144507,1
144510,0
144511,1
144516,0
144519,0
144521,0
144531,0
144532,0
144537,1
144538,1
144541,1
144544,0
144545,0
144550,0
144552,1
144553,0
144561,1
144562,1
144563,1
144564,0
144566,1
144568,0
144569,1
144576,0
144585,0
144588,0
144597,0
144603,0
144607,1
144612,1
144614,1
144617,0
144618,0
144625,0
144627,0
144629,0
144630,1
144631,1
144632,1
144638,0
144640,1
144641,1
144642,1
144645,0
144646,0
144649,0
144652,0
144659,0
144660,1
144663,1
144667,0
144669,0
144673,0
144674,1
144675,0
144679,1
144686,1
144689,1
144690,0
144693,1
144697,1
144699,1
144701,0
144706,1
144707,0
144708,1
144709,1
144713,0
144716,1
144718,1
144724,0
144725,0
144726,1
144727,0
144729,1
144730,0
144731,0
144734,1
144737,1
144739,0
144745,1
144746,1
144747,1
144748,1
144755,0
144756,1
144759,1
144761,0
144765,1
144767,1
144775,1
144776,0
144778,1
144779,1
144783,0
144788,1
144789,1
144791,0
144801,1
144802,0
144804,0
144810,1
144812,1
144815,1
144824,0
144828,0
144831,1
144835,1
144840,1
144843,1
144844,1
144848,1
144851,1
144853,0
144854,0
144855,1
144856,1
144862,0
144863,1
144864,0
144866,1
144867,0
144869,0
144870,0
144872,1
144874,0
144876,1
144879,1
144881,1
144886,0
144889,0
144893,1
144895,1
144896,0
144898,0
144900,1
144901,1
144908,1
144910,1
144912,1
144913,0
144917,1
144918,1
144920,0
144922,1
144924,0
144926,1
144928,0
144929,0
144930,0
144931,0
144932,1
144933,1
144934,1
144937,1
144939,1
144942,1
144945,1
144949,1
144956,0
144957,0
144959,1
144960,0
144964,0
144965,1
144977,0
144980,0
144983,1
144984,0
144986,0
144988,0
144993,0
144996,1
144998,1
145006,1
145008,1
145009,1
145011,0
145012,0
145014,0
145017,1
145019,1
145020,0
145024,0
145031,1
145033,1
145037,1
145041,0
145043,1
145044,0
145045,0
145047,1
145048,0
145049,1
145051,1
145054,0
145056,1
145057,0
145058,0
145060,0
145061,1
145062,0
145063,0
145065,0
145066,0
145068,1
145070,1
145071,1
145076,0
145078,0
145083,0
145085,1
145086,1
145092,1
145094,1
145095,0
145096,1
145099,0
145101,0
145102,0
145103,1
145105,1
145106,0
145107,0
145109,1
145112,0
145116,1
145117,1
145124,0
145129,0
145132,0
145136,0
145137,0
145142,0
145143,0
145147,0
145149,0
145150,0
145152,1
145155,0
145161,1
145162,0
145163,1
145165,1
145166,1
145167,0
145168,0
145169,0
145170,1
145171,0
145174,0
145179,0
145181,1
145182,0
145184,1
145185,0
145187,1
145192,1
145194,1
145198,1
145199,1
145200,0
145201,1
145202,0
145203,0
145205,1
145206,0
145210,0
145212,0
145213,1
145214,1
145216,1
145217,1
145219,1
145221,0
145222,0
145223,1
145225,0
145228,0
145230,0
145231,1
145232,1
145233,0
145236,0
145237,0
145238,1
145240,0
145243,0
145245,1
145246,0
145248,0
145250,0
145252,1
145259,1
145260,0
145261,1
145262,0
145264,1
145265,0
145267,1
145269,0
145270,0
145272,0
145273,1
145275,1
145282,1
145284,0
145285,1
145288,1
145290,0
145293,0
145296,0
145297,1
145300,0
145306,0
145308,0
145309,0
145310,0
145312,1
145313,1
145315,1
145317,1
145320,0
145321,0
145323,0
145326,0
145327,1
145328,0
145332,1
145335,1
145340,1
145341,0
145342,0
145343,0
145345,0
145349,0
145350,1
145354,0
145355,0
145356,0
145358,0
145359,1
145360,0
145362,1
145363,1
145365,0
145372,0
145376,0
145380,1
145381,0
145382,0
145389,1
145391,0
145395,0
145397,0
145402,0
145404,1
145408,0
145409,1
145410,0
145413,1
145418,1
145420,1
145422,0
145425,0
145426,0
145427,0
145428,0
145429,0
145430,0
145433,1
145436,1
145441,1
145444,1
145446,1
145447,0
145455,1
145456,1
145457,0
145458,1
145459,0
145460,1
145461,0
145463,1
145464,0
145465,1
145466,0
145474,1
145478,1
145479,0
145480,1
145481,1
145484,1
145489,0
145490,1
145492,1
145493,0
145494,0
145497,0
145499,0
145506,0
145507,1
145508,1
145510,0
145514,1
145515,0
145517,0
145521,0
145523,0
145526,1
145530,0
145532,1
145533,1
145535,0
145537,1
145538,1
145540,0
145543,0
145551,0
145552,1
145559,1
145563,0
145566,0
145568,0
145569,0
145575,1
145581,1
145584,0
145586,0
145587,0
145595,1
145597,0
145599,0
145600,1
145601,1
145604,1
145605,1
145607,0
145608,0
145610,1
145612,1
145614,0
145616,0
145618,0
145620,1
145623,1
145627,0
145631,0
145633,0
145635,0
145641,0
145643,1
145645,0
145646,0
145647,0
145648,0
145650,1
145651,0
145652,0
145653,1
145654,0
145657,1
145660,0
145661,0
145663,1
145664,0
145667,0
145669,0
145670,0
145673,1
145675,0
145676,0
145681,0
145683,1
145684,1
145685,0
145686,1
145688,0
145692,0
145693,1
145696,1
145697,1
145698,1
145699,1
145700,0
145701,0
145704,0
145707,0
145708,0
145710,0
145714,1
145716,0
145718,0
145721,0
145722,0
145724,0
145726,0
145731,1
145732,0
145733,0
145735,0
145739,1
145740,1
145741,1
145746,0
145749,0
145763,1
145765,0
145771,1
145772,0
145773,0
145774,0
145777,0
145780,1
145782,1
145786,0
145788,1
145792,1
145793,1
145799,0
145801,0
145808,0
145809,1
145811,1
145814,1
145816,0
145824,0
145830,1
145840,0
145843,0
145844,1
145845,1
145846,0
145848,0
145850,1
145855,0
145857,0
145860,0
145868,1
145871,0
145874,0
145880,1
145882,0
145891,1
145892,0
145894,1
145895,0
145897,1
145904,0
145910,1
145912,1
145914,0
145915,0
145918,1
145920,1
145921,1
145922,1
145923,0
145925,1
145926,1
145932,0
145938,0
145939,1
145944,1
145945,0
145948,0
145950,1
145951,0
145955,0
145962,1
145967,1
145969,1
145970,0
145973,1
145974,0
145979,0
145983,1
145985,0
145987,1
145989,1
145992,1
145994,1
145996,0
145998,1
145999,0
146000,0
146002,1
146008,0
146011,0
146013,1
146015,1
146023,1
146025,1
146027,0
146028,1
146033,0
146036,0
146038,1
146040,0
146045,1
146049,1
146053,0
146054,0
146055,1
146058,1
146059,0
146061,1
146062,1
146064,0
146067,0
146071,0
146074,1
146075,1
146076,1
146079,0
146080,1
146081,1
146085,1
146087,0
146093,1
146095,0
146097,1
146104,0
146106,0
146107,1
146110,1
146111,1
146114,0
146117,0
146118,0
146119,0
146121,1
146122,0
146123,0
146127,0
146130,1
146132,1
146134,1
146136,0
146138,1
146139,0
146145,0
146147,1
146149,1
146151,1
146153,0
146158,1
146160,1
146161,0
146162,1
146171,0
146173,1
146175,0
146176,1
146180,1
146181,0
146185,0
146189,0
146190,0
146191,1
146193,1
146195,0
146198,0
146203,1
146204,0
146212,0
146213,0
146214,1
146215,0
146216,1
146217,0
146220,0
146224,0
146229,0
146232,1
146234,1
146236,0
146239,0
146241,1
146242,1
146243,0
146249,0
146254,0
146256,0
146257,1
146258,1
146260,1
146261,1
146262,1
146263,1
146264,0
146265,0
146279,0
146280,0
146282,0
146286,0
146289,1
146292,1
146293,0
146294,0
146302,0
146303,1
146308,0
146311,0
146312,1
146317,1
146318,0
146320,1
146321,0
146322,0
146324,0
146325,0
146327,1
146329,0
146332,0
146334,1
146335,0
146336,1
146339,1
146341,0
146344,1
146347,1
146351,0
146358,0
146359,1
146363,0
146366,0
146370,0
146373,0
146374,0
146376,0
146379,0
146382,1
146385,0
146390,1
146393,0
146394,0
146395,0
146396,1
146397,1
146398,0
146399,1
146400,1
146403,0
146407,0
146410,0
146412,0
146413,0
146416,0
146417,0
146418,1
146420,1
146421,1
146426,1
146428,1
146429,0
146430,0
146435,0
146436,1
146439,1
146440,0
146443,0
146446,0
146451,0
146454,0
146456,1
146457,1
146458,0
146462,1
146464,0
146465,0
146467,0
146469,0
146470,1
146471,1
146472,1
146475,0
146478,0
146480,0
146481,1
146483,0
146485,0
146489,0
146490,1
146491,0
146498,1
146499,1
146500,0
146501,0
146505,1
146507,1
146511,1
146515,0
146519,1
146520,1
146525,0
146532,0
146537,0
146538,1
146539,1
146540,0
146542,1
146556,1
146557,0
146558,1
146559,0
146561,0
146562,1
146563,1
146564,0
146567,1
146568,0
146569,1
146570,1
146572,0
146573,1
146575,0
146578,0
146580,0
146581,1
146583,1
146587,0
146591,0
146594,1
146595,0
146596,1
146597,0
146599,0
146602,0
146603,0
146605,0
146606,1
146612,1
146615,1
146617,1
146620,0
146623,0
146624,0
146626,1
146627,0
146628,0
146629,0
146633,1
146639,1
146640,1
146644,0
146645,0
146650,1
146651,1
146652,1
146655,0
146656,1
146657,0
146668,1
146669,1
146676,1
146681,0
146687,1
146688,1
146691,1
146692,1
146694,1
146695,0
146699,1
146700,1
146701,0
146703,0
146704,1
146705,0
146707,0
146708,0
146711,0
146716,0
146718,0
146720,0
146724,0
146725,0
146726,1
146727,1
146728,0
146729,0
146735,1
146737,1
146739,1
146742,1
146745,0
146747,0
146749,0
146753,1
146755,0
146758,0
146759,0
146761,0
146764,1
146766,0
146767,1
146768,0
146774,0
146775,1
146776,1
146777,0
146779,1
146780,0
146781,0
146783,1
146784,1
146789,0
146794,0
146796,0
146801,0
146802,0
146803,1
146804,1
146805,0
146809,1
146811,0
146819,1
146820,1
146821,0
146824,0
146825,0
146826,0
146828,0
146829,1
146830,0
146834,0
146844,0
146845,1
146847,1
146848,1
146852,1
146853,0
146856,1
146857,1
146858,1
146859,1
146867,0
146868,1
146871,0
146872,0
146875,0
146876,1
146877,1
146880,1
146881,0
146886,1
146889,0
146894,1
146895,0
146897,0
146902,1
146905,0
146906,1
146907,1
146916,1
146919,0
146922,1
146923,1
146925,1
146926,1
146927,0
146928,0
146930,1
146940,0
146941,1
146944,0
146947,1
146951,0
146953,1
146954,1
146958,1
146959,0
146963,1
146969,0
146970,1
146974,0
146976,1
146981,0
146982,1
146987,0
146989,1
146990,0
146992,0
146993,0
146995,0
146996,0
146997,0
146998,0
147002,1
147004,0
147010,0
147013,0
147014,1
147015,1
147018,0
147024,0
147026,0
147028,0
147040,0
147042,1
147046,0
147055,0
147060,0
147061,0
147063,0
147065,0
147066,0
147069,1
147070,0
147072,0
147075,0
147079,0
147084,0
147091,0
147100,0
147103,0
147107,0
147111,0
147118,1
147119,1
147123,0
147126,0
147127,1
147129,1
147133,1
147135,0
147145,1
147147,0
147151,0
147156,1
147159,1
147160,1
147161,0
147164,0
147165,0
147166,1
147171,0
147172,1
147173,0
147174,1
147180,1
147185,0
147188,0
147190,1
147194,0
147197,1
147200,0
147203,0
147204,0
147208,1
147212,0
147214,0
147215,1
147216,0
147226,1
147227,1
147229,0
147234,1
147235,0
147237,0
147240,1
147245,0
147248,1
147250,0
147252,1
147255,0
147258,1
147261,0
147265,1
147266,0
147267,0
147268,0
147270,0
147275,0
147277,0
147279,0
147281,1
147283,1
147284,0
147289,1
147293,0
147295,0
147296,1
147309,1
147311,0
147314,0
147317,0
147320,1
147321,1
147322,1
147327,0
147329,1
147331,0
147332,1
147335,0
147337,1
147338,1
147339,0
147345,0
147349,0
147354,1
147358,0
147364,1
147367,0
147371,0
147373,1
147374,0
147378,1
147382,1
147383,0
147384,1
147385,0
147386,1
147388,0
147393,1
147394,0
147396,0
147397,1
147398,1
147402,1
147405,0
147410,1
147412,0
147414,0
147419,1
147422,0
147423,1
147425,0
147428,0
147430,0
147432,0
147434,0
147439,1
147447,0
147450,0
147454,0
147455,1
147456,0
147460,0
147463,0
147465,0
147466,0
147470,1
147473,1
147478,0
147482,0
147486,1
147489,0
147490,0
147493,1
147499,0
147501,1
147502,0
147505,1
147506,0
147510,0
147511,0
147515,1
147516,0
147518,0
147526,0
147527,1
147528,0
147531,1
147532,0
147533,1
147535,0
147536,1
147539,0
147540,0
147542,0
147543,0
147544,0
147545,1
147547,0
147549,0
147552,0
147553,0
147555,0
147557,0
147559,1
147560,0
147561,0
147566,0
147569,1
147570,0
147571,0
147572,0
147573,0
147577,1
147578,1
147579,1
147582,0
147585,0
147587,0
147590,1
147593,1
147598,1
147599,1
147600,0
147601,1
147602,1
147603,0
147604,0
147609,1
147612,0
147614,1
147615,0
147618,0
147620,0
147621,0
147622,1
147623,0
147628,1
147630,0
147632,1
147633,0
147635,0
147636,0
147643,0
147647,0
147649,0
147651,1
147654,1
147656,0
147657,0
147659,1
147661,0
147667,0
147668,0
147669,0
147671,1
147673,0
147677,1
147678,1
147682,1
147684,0
147686,0
147688,0
147698,1
147699,1
147707,1
147708,1
147711,0
147715,0
147716,1
147718,1
147720,0
147721,0
147723,1
147732,0
147734,0
147735,0
147736,0
147738,1
147741,1
147742,0
147743,0
147746,1
147747,0
147753,1
147754,0
147755,0
147758,0
147763,1
147764,1
147766,0
147771,0
147775,0
147776,0
147779,1
147783,0
147786,1
147793,1
147795,1
147807,0
147811,0
147812,0
147813,0
147814,1
147816,1
147819,0
147820,1
147826,0
147828,1
147829,0
147842,1
147845,0
147850,1
147851,1
147853,1
147854,0
147855,1
147856,0
147858,0
147861,0
147866,0
147869,0
147871,0
147874,0
147875,0
147880,0
147881,0
147882,0
147883,1
147888,1
147889,1
147891,0
147892,0
147893,0
147896,1
147897,1
147900,0
147901,1
147904,0
147908,0
147912,1
147916,0
147921,0
147922,1
147923,1
147925,0
147926,0
147929,0
147940,0
147941,1
147948,1
147949,1
147951,0
147953,0
147955,0
147959,0
147961,0
147965,1
147967,1
147968,0
147969,0
147974,0
147977,1
147980,0
147981,0
147984,0
147987,1
147996,0
147997,1
147998,0
148000,1
148001,0
148002,1
148003,1
148004,0
148005,1
148007,0
148008,1
148012,0
148013,0
148016,1
148021,0
148022,0
148023,1
148024,1
148026,1
148028,0
148030,0
148032,1
148033,0
148034,1
148035,1
148037,0
148039,1
148040,0
148041,0
148044,1
148045,0
148049,0
148050,1
148051,1
148053,1
148054,0
148055,1
148056,0
148058,0
148059,0
148060,1
148062,1
148070,1
148076,1
148079,0
148080,1
148081,0
148087,1
148088,0
148089,0
148091,0
148095,0
148096,1
148099,1
148100,1
148104,1
148105,1
148116,1
148118,1
148121,0
148122,0
148124,0
148125,1
148130,1
148131,0
148132,0
148144,1
148145,0
148147,0
148152,0
148154,0
148159,0
148161,1
148162,1
148165,1
148166,0
148171,0
148172,1
148175,0
148176,1
148179,1
148180,0
148181,1
148184,0
148186,0
148187,0
148190,0
148192,0
148196,0
148197,0
148198,0
148199,1
148200,0
148201,1
148203,1
148204,0
148205,1
148207,1
148211,1
148213,0
148215,0
148220,0
148223,0
148229,0
148231,0
148232,1
148233,1
148234,1
148235,0
148237,1
148240,1
148244,0
148246,0
148248,1
148251,1
148254,1
148255,0
148256,0
148257,1
148259,1
148265,1
148268,0
148273,0
148276,0
148277,1
148279,1
148281,0
148282,1
148283,0
148290,1
148291,1
148294,0
148295,0
148296,1
148302,0
148305,1
148308,1
148310,0
148311,0
148312,0
148314,0
148316,1
148318,0
148321,0
148326,0
148327,1
148329,0
148331,0
148333,0
148334,1
148336,0
148339,1
148340,1
148341,0
148342,0
148347,0
148353,0
148355,1
148363,1
148367,1
148369,0
148371,1
148372,0
148375,1
148377,1
148378,0
148379,1
148383,0
148385,0
148386,0
148387,0
148388,0
148395,0
148397,0
148399,1
148401,1
148402,1
148406,0
148408,0
148410,0
148411,1
148416,1
148417,0
148418,0
148422,1
148428,0
148430,1
148435,0
148438,1
148439,0
148441,1
148442,1
148444,0
148450,0
148452,0
148453,0
148455,0
148456,0
148457,1
148458,1
148460,1
148464,1
148465,1
148469,0
148473,0
148475,0
148478,0
148482,0
148483,0
148485,0
148490,0
148491,1
148493,1
148494,0
148496,1
148499,0
148501,1
148504,0
148505,1
148508,1
148510,0
148513,0
148514,1
148515,1
148517,1
148527,0
148535,0
148536,1
148539,0
148540,0
148543,0
148546,1
148547,1
148550,0
148555,1
148557,1
148561,0
148564,1
148572,0
148573,0
148578,1
148582,1
148583,1
148585,0
148586,0
148588,0
148592,0
148593,1
148594,0
148599,0
148600,1
148607,1
148611,1
148612,0
148614,1
148615,0
148618,1
148619,0
148621,0
148623,1
148625,0
148626,1
148630,1
148631,1
148632,0
148633,1
148634,1
148635,1
148637,0
148638,0
148639,0
148642,0
148643,0
148647,1
148650,0
148651,0
148652,0
148655,0
148657,0
148658,0
148660,0
148663,1
148667,1
148672,1
148676,1
148680,0
148682,1
148685,0
148690,0
148692,1
148693,1
148695,0
148698,0
148702,1
148704,1
148705,1
148706,1
148707,0
148710,1
148711,1
148715,0
148717,1
148724,0
148726,0
148730,0
148731,0
148733,1
148740,1
148747,0
148751,1
148752,1
148755,1
148758,0
148765,0
148768,1
148769,0
148772,1
148773,0
148774,1
148776,0
148777,1
148779,0
148780,1
148784,0
148785,0
148786,1
148788,0
148795,0
148799,0
148801,0
148805,1
148809,1
148810,0
148813,0
148816,1
148817,1
148818,0
148820,1
148824,0
148825,0
148826,0
148827,1
148829,0
148830,1
148831,0
148832,1
148835,1
148836,1
148838,1
148840,1
148841,0
148842,1
148843,1
148854,0
148857,1
148862,1
148867,0
148869,0
148870,0
148879,0
148880,0
148882,0
148883,1
148887,1
148894,1
148902,1
148904,1
148905,0
148906,0
148908,1
148909,0
148910,0
148911,0
148912,0
148917,1
148920,0
148921,0
148922,1
148925,0
148926,0
148927,1
148928,0
148929,1
148931,0
148936,1
148938,0
148942,1
148943,0
148945,1
148946,0
148948,0
148949,0
148950,0
148953,0
148954,1
148956,0
148958,1
148961,1
148963,1
148965,1
148966,0
148973,1
148974,0
148975,0
148979,1
148980,1
148981,0
148982,1
148984,0
148987,1
148993,0
148996,1
148997,1
148998,0
149006,1
149010,0
149011,0
149014,1
149015,0
149016,1
149017,1
149018,1
149021,0
149023,0
149026,0
149030,1
149031,1
149033,1
149034,1
149038,0
149039,0
149040,0
149041,0
149046,1
149056,0
149057,1
149058,1
149060,0
149061,1
149062,0
149064,0
149066,0
149067,1
149071,0
149072,0
149073,1
149078,0
149079,1
149083,0
149085,1
149086,0
149088,1
149092,1
149094,1
149100,1
149101,0
149102,1
149106,0
149110,0
149111,0
149112,1
149116,1
149117,0
149118,1
149119,1
149120,1
149122,1
149123,0
149125,1
149129,0
149133,0
149136,0
149144,0
149145,0
149147,0
149148,0
149150,1
149152,0
149156,1
149157,0
149159,0
149165,0
149169,0
149170,0
149172,0
149174,0
149178,0
149179,1
149180,1
149185,0
149187,0
149193,1
149197,0
149200,0
149205,0
149206,1
149212,0
149215,1
149216,1
149218,0
149222,0
149224,0
149232,1
149233,0
149235,1
149236,0
149237,0
149239,0
149240,0
149241,0
149242,0
149250,0
149253,0
149254,0
149256,0
149257,0
149260,1
149262,1
149263,1
149264,1
149265,1
149268,1
149269,1
149270,0
149271,1
149273,0
149277,0
149279,0
149282,1
149289,0
149295,1
149297,0
149299,0
149301,0
149306,1
149313,0
149315,1
149316,1
149317,1
149319,1
149320,1
149321,1
149324,0
149325,0
149326,1
149329,0
149330,1
149332,1
149333,0
149339,1
149340,0
149341,1
149342,0
149347,1
149349,0
149353,0
149356,1
149358,1
149359,1
149360,1
149361,0
149362,1
149365,0
149366,0
149367,1
149368,1
149370,1
149372,0
149373,0
149378,1
149379,0
149382,1
149386,1
149395,0
149405,1
149408,0
149409,1
149412,0
149414,1
149415,0
149420,0
149422,0
149424,1
149425,0
149427,0
149429,1
149433,1
149435,1
149437,0
149438,1
149442,1
149443,0
149446,1
149449,0
149452,0
149455,1
149457,0
149465,0
149466,1
149469,1
149470,1
149473,0
149474,0
149476,0
149478,1
149479,0
149481,1
149482,1
149484,0
149489,0
149490,0
149504,0
149506,1
149507,0
149508,1
149509,0
149513,0
149517,0
149526,0
149531,1
149534,0
149535,0
149537,0
149539,1
149542,0
149544,1
149547,1
149548,0
149550,0
149554,1
149555,0
149562,0
149564,1
149566,1
149571,0
149573,0
149574,1
149575,1
149576,1
149580,1
149585,1
149589,0
149591,0
149599,0
149600,1
149607,0
149609,1
149611,1
149612,0
149614,0
149620,1
149624,1
149627,0
149632,1
149637,1
149638,1
149648,0
149649,0
149653,1
149655,1
149659,0
149660,0
149661,0
149668,1
149672,0
149673,0
149676,1
149677,0
149682,1
149685,1
149686,1
149690,1
149694,0
149696,1
149697,1
149702,1
149703,1
149708,1
149710,0
149713,0
149715,1
149718,1
149719,1
149723,1
149724,0
149726,0
149728,0
149729,0
149732,0
149733,0
149736,0
149738,0
149739,0
149740,1
149742,0
149746,0
149747,0
149750,1
149754,0
149755,0
149756,1
149761,1
149762,1
149767,0
149768,1
149771,1
149773,0
149774,1
149775,1
149776,1
149779,1
149781,0
149784,0
149786,0
149790,1
149794,0
149795,0
149797,1
149799,0
149801,1
149806,0
149811,0
149815,0
149823,0
149827,1
149832,0
149839,0
149840,1
149841,0
149843,0
149844,0
149846,0
149851,1
149856,1
149863,1
149865,1
149869,1
149872,0
149874,0
149876,0
149881,0
149884,0
149888,0
149889,0
149896,1
149897,1
149898,0
149900,1
149902,1
149907,0
149910,1
149912,0
149913,1
149914,1
149916,0
149918,1
149924,1
149929,1
149933,1
149935,1
149938,1
149941,1
149942,0
149945,1
149948,0
149949,1
149950,1
149955,1
149956,0
149961,0
149963,0
149969,0
149970,1
149973,1
149974,1
149975,0
149978,0
149980,1
149987,0
149988,0
149989,1
150001,0
150002,0
150004,1
150007,1
150008,1
150009,1
150012,0
150014,0
150015,1
150016,0
150022,1
150023,1
150024,0
150025,0
150026,0
150027,1
150028,1
150035,1
150038,0
150039,1
150040,0
150044,1
150045,1
150046,1
150047,1
150048,1
150049,0
150053,0
150055,0
150056,0
150060,1
150062,0
150068,1
150069,1
150073,0
150079,0
150080,0
150082,0
150083,1
150089,1
150090,1
150091,1
150092,0
150093,0
150095,1
150096,0
150103,1
150106,0
150109,1
150116,0
150118,0
150119,1
150120,1
150122,1
150124,0
150129,0
150131,1
150135,0
150139,1
150140,1
150141,0
150142,1
150144,0
150145,0
150146,1
150147,0
150148,0
150149,0
150151,0
150152,0
150157,0
150161,1
150164,1
150165,1
150167,0
150168,1
150169,0
150172,0
150174,0
150182,0
150185,0
150189,0
150191,0
150192,1
150193,1
150196,1
150200,1
150201,0
150203,0
150205,1
150210,1
150214,0
150216,1
150218,0
150221,1
150222,0
150224,0
150226,1
150230,0
150231,0
150232,0
150249,0
150250,1
150251,0
150253,0
150255,0
150258,1
150263,0
150266,1
150273,0
150276,0
150277,1
150281,1
150283,1
150285,0
150287,1
150288,0
150289,1
150293,0
150294,0
150295,1
150297,0
150299,0
150300,0
150303,1
150307,0
150316,0
150317,0
150320,1
150324,1
150325,1
150327,1
150328,1
150331,0
150333,1
150336,1
150338,0
150340,0
150341,1
150345,1
150346,1
150347,1
150349,0
150350,0
150351,1
150353,1
150354,0
150355,1
150357,0
150358,0
150370,0
150372,1
150374,0
150375,0
150377,0
150378,1
150383,0
150384,0
150391,0
150393,0
150395,1
150401,0
150402,0
150404,0
150407,0
150408,1
150409,1
150412,1
150414,0
150415,0
150416,1
150417,0
150418,0
150420,0
150421,1
150423,0
150424,0
150425,1
150432,1
150435,0
150442,0
150443,1
150444,1
150445,0
150448,0
150452,0
150453,1
150459,0
150464,1
150466,1
150468,1
150469,1
150472,1
150473,1
150474,1
150475,1
150476,0
150477,1
150487,1
150492,1
150499,1
150505,0
150506,0
150512,0
150513,1
150516,1
150517,1
150520,0
150521,1
150524,0
150531,0
150533,1
150534,0
150539,1
150541,1
150542,1
150544,1
150548,0
150550,0
150555,1
150558,1
150559,1
150563,0
150564,1
150565,1
150571,0
150575,1
150578,0
150582,1
150586,1
150597,1
150599,1
150603,1
150613,1
150616,0
150617,1
150621,0
150622,0
150624,0
150628,0
150629,1
150638,0
150639,0
150640,0
150641,0
150643,1
150645,1
150647,0
150650,1
150651,0
150652,0
150653,1
150657,1
150660,1
150661,0
150663,1
150668,0
150669,0
150674,0
150675,0
150678,1
150680,0
150685,1
150687,1
150689,1
150691,0
150692,0
150693,0
150695,0
150696,1
150698,1
150704,1
150713,1
150716,1
150717,1
150720,0
150721,0
150722,1
150727,1
150728,1
150732,1
150733,1
150737,0
150743,1
150744,0
150746,0
150757,0
150758,1
150763,0
150769,0
150770,1
150772,0
150775,1
150783,0
150787,1
150790,1
150796,0
150799,0
150800,1
150802,1
150805,0
150810,0
150814,1
150815,0
150817,0
150820,0
150821,0
150822,1
150824,0
150828,1
150831,1
150835,1
150836,1
150838,0
150839,0
150842,1
150843,0
150844,0
150845,0
150846,0
150849,1
150851,0
150853,1
150854,0
150858,0
150859,0
150860,0
150862,0
150863,1
150866,0
150867,1
150869,1
150870,1
150871,1
150873,0
150876,1
150877,1
150878,0
150880,1
150882,1
150883,0
150885,0
150886,1
150888,1
150893,0
150896,0
150900,0
150901,0
150902,1
150903,0
150909,1
150911,1
150918,0
150919,0
150922,1
150923,0
150925,1
150928,0
150930,1
150931,0
150932,1
150935,0
150936,0
150938,0
150941,0
150942,0
150943,0
150944,0
150948,1
150949,0
150950,0
150953,0
150954,1
150958,0
150963,0
150966,0
150967,0
150968,1
150969,1
150970,1
150971,1
150972,0
150977,0
150979,1
150981,1
150982,1
150983,1
150986,0
150987,1
150988,0
150989,1
150995,1
151000,1
151001,0
151006,0
151007,0
151010,1
151012,0
151015,1
151019,1
151025,1
151028,0
151030,1
151035,0
151042,1
151044,1
151047,0
151048,0
151052,1
151056,0
151059,0
151061,0
151066,0
151067,0
151072,0
151075,0
151076,0
151077,1
151078,1
151082,1
151086,1
151090,1
151098,0
151099,0
151100,1
151102,1
151105,0
151106,1
151107,1
151108,1
151117,0
151119,1
151122,1
151123,1
151126,0
151127,0
151128,1
151130,0
151132,1
151135,1
151139,0
151140,1
151142,1
151144,0
151145,1
151148,0
151149,1
151150,0
151153,1
151154,1
151155,1
151156,0
151158,0
151159,0
151162,1
151163,1
151164,0
151166,1
151170,0
151172,0
151173,1
151174,0
151183,1
151184,1
151185,1
151191,0
151192,0
151194,0
151197,0
151199,1
151201,0
151202,0
151207,0
151210,0
151212,0
151213,1
151216,0
151217,0
151224,1
151226,0
151230,1
151237,1
151241,1
151243,0
151244,0
151248,0
151251,1
151254,1
151257,0
151261,0
151262,0
151267,0
151270,1
151271,0
151280,0
151282,1
151284,1
151285,0
151286,0
151287,1
151288,1
151290,0
151291,0
151292,1
151293,0
151294,0
151295,1
151296,0
151300,0
151303,0
151306,1
151309,0
151313,0
151320,1
151321,1
151324,1
151328,1
151330,0
151332,1
151333,1
151335,1
151340,0
151342,1
151345,0
151353,0
151358,0
151360,0
151361,0
151363,1
151366,0
151371,0
151376,0
151382,0
151385,1
151386,1
151388,1
151389,0
151391,0
151392,1
151395,1
151396,0
151400,0
151403,0
151410,1
151411,1
151412,1
151413,1
151415,0
151416,0
151418,1
151430,0
151432,0
151436,0
151438,0
151439,0
151440,0
151441,1
151444,1
151445,1
151448,0
151449,0
151453,0
151454,1
151456,0
151457,1
151460,1
151462,1
151465,0
151467,1
151468,0
151473,0
151474,0
151475,1
151478,0
151488,0
151491,1
151496,1
151498,0
151501,1
151502,1
151505,1
151507,1
151508,1
151510,1
151515,1
151518,0
151525,1
151529,0
151532,0
151533,0
151534,0
151537,0
151538,1
151541,1
151543,1
151545,1
151546,1
151549,1
151550,0
151556,0
151559,0
151563,0
151564,0
151577,0
151580,0
151581,0
151586,1
151590,0
151592,0
151593,1
151594,1
151597,1
151599,1
151600,1
151604,0
151605,0
151610,0
151612,1
151614,0
151615,0
151616,1
151618,0
151621,0
151622,1
151626,1
151627,1
151628,1
151634,1
151635,0
151636,0
151637,0
151638,1
151642,0
151643,0
151644,0
151645,1
151646,1
151647,1
151648,0
151649,0
151650,1
151658,0
151663,0
151664,1
151666,0
151670,1
151671,0
151672,0
151674,1
151675,1
151680,0
151681,1
151683,0
151688,0
151689,1
151690,0
151691,1
151693,1
151705,1
151707,0
151710,1
151712,0
151713,1
151717,0
151719,0
151723,1
151724,0
151725,1
151729,0
151731,1
151733,1
151734,0
151741,1
151742,0
151743,1
151744,0
151747,0
151749,0
151754,0
151757,1
151758,0
151761,0
151762,1
151763,0
151765,0
151772,0
151773,1
151774,1
151777,1
151778,0
151779,0
151782,0
151783,1
151785,0
151790,0
151792,1
151794,0
151797,0
151798,1
151801,1
151804,1
151807,1
151808,1
151809,0
151811,1
151813,1
151815,0
151816,0
151817,0
151818,1
151823,1
151826,0
151828,0
151831,0
151833,0
151834,1
151835,0
151839,1
151841,0
151842,1
151843,1
151850,1
151853,1
151855,0
151857,1
151858,0
151860,0
151861,0
151862,1
151863,1
151864,1
151865,0
151866,1
151867,0
151871,0
151872,1
151876,1
151886,1
151887,1
151889,1
151890,0
151893,1
151894,0
151895,1
151896,1
151897,0
151900,1
151903,0
151905,0
151910,1
151915,0
151916,1
151919,0
151922,0
151923,1
151925,0
151928,1
151929,1
151932,1
151933,0
151934,1
151935,1
151936,1
151938,1
151941,1
151942,1
151944,1
151948,1
151949,0
151951,0
151952,1
151954,0
151955,1
151960,0
151961,0
151962,0
151965,0
151970,0
151971,0
151975,0
151978,0
151979,1
151980,0
151981,0
151982,1
151987,0
151991,0
151992,0
151993,0
151994,0
151995,1
151997,0
152000,0
152001,1
152004,0
152012,1
152015,1
152016,0
152019,1
152023,1
152024,1
152025,1
152027,0
152028,0
152039,1
152040,0
152046,1
152047,1
152049,1
152050,0
152053,1
152059,1
152064,0
152069,1
152071,1
152072,0
152074,0
152075,1
152077,0
152080,1
152083,0
152085,0
152087,1
152092,0
152093,0
152098,0
152102,0
152103,0
152104,1
152106,1
152107,0
152110,0
152111,0
152112,1
152114,0
152120,0
152127,0
152128,1
152129,0
152132,0
152133,0
152134,1
152135,1
152139,1
152140,1
152141,0
152142,1
152145,0
152152,0
152154,1
152156,0
152157,0
152159,1
152162,0
152163,0
152164,0
152167,0
152168,1
152172,0
152173,1
152174,1
152175,0
152178,0
152180,0
152183,0
152185,0
152186,1
152193,0
152194,0
152195,1
152197,0
152202,0
152205,0
152206,1
152207,1
152209,1
152211,0
152217,1
152218,0
152220,1
152221,0
152228,0
152230,1
152231,1
152234,0
152235,1
152237,0
152238,0
152239,0
152240,1
152241,0
152246,0
152247,0
152248,1
152249,0
152252,1
152253,1
152257,1
152273,1
152279,1
152280,1
152288,1
152290,1
152291,1
152293,1
152294,0
152295,1
152298,0
152301,1
152305,1
152312,1
152314,0
152315,0
152318,1
152321,1
152322,0
152323,1
152325,0
152326,1
152333,1
152334,1
152340,0
152342,0
152345,1
152351,0
152352,0
152355,1
152357,1
152358,0
152359,1
152360,0
152362,0
152364,1
152366,1
152367,1
152370,1
152373,0
152375,0
152376,1
152378,0
152380,0
152382,0
152388,0
152391,0
152394,1
152396,0
152398,1
152399,1
152400,0
152404,1
152405,1
152407,1
152409,0
152410,1
152412,1
152413,0
152414,0
152415,0
152417,0
152421,0
152426,0
152428,0
152432,0
152433,0
152434,0
152436,0
152437,1
152440,1
152444,0
152451,0
152453,1
152458,1
152459,1
152462,0
152464,0
152465,1
152466,0
152467,1
152475,0
152476,0
152479,0
152480,1
152483,1
152484,1
152486,1
152487,1
152488,1
152490,1
152491,1
152494,0
152495,0
152498,0
152499,0
152503,1
152506,0
152509,1
152510,1
152513,0
152515,1
152516,0
152517,1
152518,0
152520,1
152522,1
152523,0
152525,1
152526,0
152527,1
152529,1
152535,0
152536,0
152537,1
152538,0
152542,1
152545,0
152547,0
152549,0
152551,0
152552,0
152554,0
152555,0
152556,0
152557,0
152558,1
152561,0
152564,0
152566,0
152568,1
152569,0
152570,0
152574,1
152578,0
152580,0
152581,0
152582,0
152584,1
152585,1
152586,0
152588,0
152590,1
152594,0
152596,0
152600,0
152602,0
152605,0
152606,0
152608,1
152611,0
152612,1
152613,0
152614,1
152616,1
152617,0
152619,1
152620,1
152622,0
152623,0
152624,0
152629,1
152630,0
152632,0
152633,0
152637,0
152638,0
152640,1
152642,1
152648,1
152649,1
152652,1
152655,0
152657,0
152659,0
152660,0
152661,1
152662,0
152664,1
152668,0
152669,0
152671,1
152673,0
152675,0
152680,0
152683,0
152688,1
152693,0
152694,1
152697,1
152698,1
152699,1
152700,0
152702,1
152706,0
152707,1
152713,1
152717,0
152718,0
152721,1
152722,1
152724,1
152725,0
152726,1
152729,0
152734,1
152735,1
152736,1
152738,0
152740,1
152741,0
152743,0
152744,1
152745,0
152747,1
152749,1
152752,1
152753,1
152757,0
152758,0
152759,0
152763,0
152766,0
152767,1
152768,0
152770,0
152771,0
152773,0
152774,0
152779,1
152781,0
152782,0
152784,1
152786,0
152788,1
152789,1
152792,0
152793,0
152795,1
152799,0
152800,0
152801,0
152805,0
152806,0
152808,0
152811,0
152812,1
152815,0
152816,0
152817,1
152819,1
152820,0
152824,1
152825,1
152826,1
152829,0
152830,1
152831,1
152832,0
152834,1
152838,0
152840,0
152842,0
152843,1
152844,1
152846,1
152847,1
152849,0
152850,0
152851,0
152852,1
152853,0
152856,0
152858,0
152860,0
152862,0
152863,1
152864,0
152866,0
152868,0
152871,1
152873,1
152876,1
152877,1
152881,0
152882,0
152883,0
152885,0
152887,1
152888,1
152892,1
152894,0
152903,0
152906,0
152907,0
152913,1
152915,1
152918,1
152919,0
152926,1
152928,0
152931,1
152932,0
152935,0
152938,0
152939,0
152943,0
152945,1
152946,1
152947,1
152948,0
152950,0
152952,0
152954,0
152955,0
152957,0
152959,1
152961,1
152963,1
152966,0
152968,0
152969,0
152970,1
152972,0
152975,1
152980,0
152981,0
152987,0
152992,1
152993,1
152994,1
152999,1
153001,1
153010,1
153011,1
153012,1
153013,0
153015,1
153016,0
153020,0
153021,0
153022,0
153023,0
153024,0
153028,1
153034,1
153037,0
153038,0
153039,0
153043,0
153049,0
153050,0
153053,1
153054,0
153055,0
153062,1
153063,0
153070,0
153071,0
153072,0
153073,0
153075,1
153078,0
153080,1
153081,0
153082,0
153088,0
153089,0
153091,0
153092,0
153093,1
153094,0
153095,0
153096,1
153097,1
153101,1
153102,0
153104,1
153106,1
153108,1
153110,1
153113,0
153115,0
153116,1
153119,0
153120,0
153129,0
153130,0
153131,0
153132,1
153138,1
153143,1
153144,1
153145,1
153150,1
153152,1
153154,1
153155,0
153159,1
153161,1
153165,1
153166,0
153169,0
153170,0
153172,1
153173,1
153175,1
153178,1
153180,0
153184,0
153188,0
153190,1
153194,0
153197,1
153200,0
153202,0
153204,0
153205,0
153212,0
153215,0
153220,1
153222,0
153223,1
153226,1
153227,1
153231,1
153233,1
153234,0
153237,0
153239,0
153240,1
153242,0
153245,1
153248,0
153249,0
153254,0
153255,0
153258,0
153259,0
153263,0
153264,1
153266,0
153268,1
153272,0
153274,1
153275,0
153276,1
153281,1
153285,1
153289,0
153290,0
153291,0
153293,1
153295,0
153297,0
153298,0
153299,0
153301,0
153304,0
153306,0
153308,0
153309,1
153311,0
153313,0
153314,0
153315,1
153317,1
153321,0
153323,0
153324,0
153326,0
153330,0
153332,1
153333,0
153339,1
153341,1
153343,0
153346,1
153350,1
153356,1
153359,1
153361,0
153363,0
153369,0
153377,0
153378,0
153380,0
153381,1
153391,0
153392,0
153394,0
153398,1
153402,0
153406,0
153408,1
153409,0
153410,0
153411,1
153412,0
153415,0
153417,0
153422,1
153423,1
153428,0
153432,0
153433,0
153434,1
153438,0
153440,0
153444,0
153448,0
153449,0
153450,1
153452,0
153455,1
153456,1
153466,0
153469,1
153479,1
153480,0
153481,0
153482,0
153483,0
153485,1
153486,0
153488,0
153494,0
153501,1
153503,1
153505,1
153507,1
153509,1
153511,1
153515,1
153519,0
153524,0
153531,1
153533,0
153534,1
153535,0
153536,0
153537,1
153541,1
153548,0
153549,0
153550,0
153551,1
153553,1
153554,1
153558,0
153560,0
153561,0
153563,0
153566,0
153568,1
153570,0
153574,1
153575,0
153578,1
153579,0
153580,1
153583,1
153584,0
153585,0
153586,1
153591,0
153592,0
153593,0
153599,0
153601,0
153604,0
153605,0
153610,0
153612,1
153613,1
153614,1
153624,0
153628,0
153630,0
153631,0
153633,1
153635,0
153641,1
153644,1
153646,1
153649,0
153650,0
153653,0
153657,1
153660,0
153661,1
153670,0
153671,0
153672,1
153675,0
153677,0
153678,0
153685,0
153687,0
153690,1
153693,1
153695,0
153698,0
153700,1
153702,1
153704,1
153705,1
153706,0
153707,0
153710,0
153713,1
153715,0
153721,0
153726,1
153727,0
153728,1
153730,0
153735,1
153736,0
153737,0
153738,1
153741,0
153743,0
153745,0
153746,1
153749,1
153752,0
153766,1
153769,1
153771,1
153774,0
153782,0
153783,1
153786,0
153787,1
153789,0
153791,1
153797,1
153804,0
153814,0
153815,1
153817,1
153818,0
153822,0
153823,1
153825,1
153826,0
153828,0
153829,0
153832,1
153833,1
153838,1
153841,1
153844,0
153846,0
153848,1
153852,0
153853,0
153854,1
153855,1
153859,0
153864,0
153865,1
153869,1
153870,0
153871,0
153873,0
153874,0
153875,1
153877,1
153882,0
153883,1
153885,1
153888,0
153890,1
153891,1
153893,0
153896,0
153905,1
153907,0
153910,1
153912,1
153915,0
153919,1
153922,0
153925,1
153928,0
153929,0
153930,0
153933,1
153934,0
153940,1
153942,0
153944,0
153949,0
153950,0
153951,0
153952,0
153959,1
153962,0
153965,0
153970,0
153971,1
153975,0
153978,0
153980,0
153985,0
153986,0
153989,0
153992,0
153993,0
153996,1
153997,1
154001,1
154005,1
154008,1
154009,1
154011,0
154017,0
154022,1
154024,0
154032,0
154033,1
154035,0
154036,0
154037,1
154042,0
154043,1
154044,0
154045,1
154049,0
154050,0
154053,1
154054,0
154055,0
154056,0
154058,0
154059,1
154065,1
154067,0
154069,1
154073,0
154076,1
154077,0
154079,0
154080,0
154081,1
154082,0
154086,1
154089,1
154091,0
154094,0
154097,1
154098,0
154100,1
154104,1
154115,0
154118,1
154122,0
154123,0
154124,0
154125,0
154126,1
154128,1
154131,0
154133,1
154135,0
154136,1
154137,0
154138,0
154139,0
154141,1
154143,1
154144,1
154145,1
154147,1
154153,1
154159,1
154160,1
154169,1
154174,0
154177,1
154181,0
154182,1
154184,0
154185,0
154187,0
154188,0
154189,1
154190,0
154194,0
154198,0
154200,0
154204,1
154208,1
154210,0
154213,1
154214,0
154223,0
154224,0
154225,1
154226,0
154227,1
154231,0
154232,1
154234,1
154235,0
154236,1
154237,1
154239,0
154245,1
154247,0
154248,0
154251,0
154254,1
154256,0
154258,0
154262,0
154265,1
154267,0
154272,0
154274,1
154277,1
154278,1
154282,1
154283,0
154284,0
154298,0
154301,1
154303,1
154304,1
154307,0
154313,0
154315,1
154317,1
154318,0
154319,1
154320,1
154322,1
154324,0
154325,0
154330,0
154332,0
154337,0
154339,0
154340,1
154342,1
154343,1
154347,0
154349,1
154351,0
154352,0
154358,1
154359,0
154364,1
154365,0
154367,0
154371,0
154374,0
154376,0
154378,0
154379,0
154382,0
154384,0
154385,1
154386,0
154394,0
154397,0
154398,0
154399,1
154404,0
154407,1
154408,0
154409,1
154417,1
154418,0
154421,0
154422,1
154426,1
154427,0
154428,0
154430,1
154431,1
154432,1
154442,0
154445,1
154446,0
154447,1
154448,1
154451,0
154452,1
154453,1
154454,1
154457,0
154458,1
154462,0
154463,0
154464,0
154465,0
154469,0
154470,1
154472,0
154473,1
154475,1
154480,1
154483,0
154485,1
154486,0
154490,1
154493,1
154497,0
154498,0
154500,0
154503,1
154506,1
154509,1
154513,0
154519,0
154522,0
154523,1
154525,1
154529,0
154534,1
154539,1
154540,0
154541,0
154543,0
154544,0
154545,0
154547,0
154548,0
154551,1
154554,0
154555,1
154561,0
154571,0
154575,0
154576,1
154577,0
154579,1
154580,1
154582,1
154586,0
154588,0
154594,0
154599,1
154600,0
154602,0
154603,0
154609,1
154612,0
154614,0
154615,0
154616,1
154620,0
154621,1
154623,1
154624,1
154625,0
154626,0
154627,0
154628,1
154631,1
154632,0
154636,1
154640,1
154641,1
154651,1
154652,0
154655,1
154657,1
154660,1
154662,0
154663,0
154666,0
154668,0
154669,0
154672,0
154673,1
154677,1
154678,1
154679,0
154688,1
154689,0
154690,1
154691,1
154693,1
154696,1
154700,1
154704,1
154706,1
154708,1
154711,0
154712,0
154713,0
154714,1
154715,1
154717,1
154720,0
154728,1
154729,1
154731,1
154736,0
154737,0
154739,1
154740,0
154741,0
154744,1
154745,0
154746,1
154750,1
154752,0
154762,1
154767,0
154769,0
154772,0
154773,1
154775,1
154777,0
154778,1
154781,0
154784,0
154793,0
154794,1
154795,0
154798,1
154803,0
154805,1
154806,0
154807,0
154808,0
154814,0
154815,1
154816,0
154817,0
154831,0
154832,1
154837,0
154838,0
154845,0
154846,1
154847,1
154852,1
154854,0
154856,0
154857,1
154859,0
154861,1
154867,0
154871,0
154876,0
154879,0
154885,0
154888,0
154896,1
154899,0
154900,1
154904,0
154908,0
154909,0
154910,1
154912,0
154915,1
154918,1
154919,0
154921,1
154922,1
154924,0
154926,0
154927,1
154928,0
154934,0
154937,1
154938,0
154940,1
154941,1
154942,1
154943,0
154946,0
154951,0
154952,0
154957,0
154959,1
154966,1
154970,0
154976,0
154977,1
154978,1
154984,1
154986,1
154987,1
154988,0
154989,1
154990,1
154991,0
154992,1
154993,1
155000,0
155002,0
155005,0
155006,1
155008,1
155009,1
155011,0
155019,0
155021,0
155022,0
155027,0
155028,1
155032,1
155033,1
155034,0
155038,1
155040,0
155041,1
155047,0
155050,1
155051,0
155052,1
155055,1
155056,0
155057,0
155060,0
155062,1
155063,0
155065,1
155067,1
155068,1
155069,1
155070,0
155072,1
155073,0
155075,1
155080,0
155083,1
155084,1
155085,1
155089,1
155090,0
155091,1
155092,1
155093,0
155097,1
155099,0
155105,0
155117,0
155118,1
155119,1
155121,0
155134,0
155136,1
155140,1
155142,0
155145,0
155150,0
155153,1
155154,1
155155,1
155157,0
155161,1
155162,1
155163,0
155165,0
155166,0
155167,0
155171,0
155175,0
155176,1
155177,1
155180,0
155181,1
155182,0
155196,0
155199,0
155200,1
155201,1
155203,1
155207,1
155211,1
155214,0
155215,1
155216,1
155219,0
155220,0
155223,0
155224,0
155226,0
155227,1
155228,1
155229,0
155231,0
155232,0
155235,1
155240,0
155244,1
155245,0
155247,1
155248,0
155249,1
155250,1
155254,1
155255,0
155256,1
155259,0
155260,1
155263,1
155269,0
155272,0
155274,1
155277,1
155279,1
155281,1
155287,1
155288,1
155290,1
155294,0
155295,1
155300,0
155303,1
155308,1
155309,0
155310,1
155313,0
155314,0
155315,1
155320,0
155321,0
155323,1
155328,0
155330,1
155331,0
155332,1
155336,1
155338,1
155340,1
155341,1
155342,0
155343,1
155344,0
155345,0
155347,1
155348,0
155349,0
155351,0
155352,1
155354,0
155355,0
155356,0
155357,1
155358,0
155363,0
155365,0
155366,1
155367,1
155371,0
155373,1
155374,0
155375,1
155377,1
155378,1
155380,1
155382,0
155383,1
155384,1
155385,1
155386,0
155391,0
155396,0
155399,0
155401,0
155402,1
155404,1
155406,0
155407,1
155408,1
155410,1
155413,0
155415,0
155421,0
155424,1
155425,1
155428,0
155430,1
155431,1
155433,0
155434,0
155437,1
155439,1
155440,1
155443,0
155444,1
155446,0
155449,1
155450,0
155451,1
155452,1
155453,0
155463,0
155464,0
155465,0
155469,1
155475,0
155480,0
155481,0
155483,1
155486,0
155495,0
155498,0
155499,0
155501,0
155502,1
155504,1
155508,0
155509,0
155513,0
155518,1
155519,1
155522,0
155523,0
155528,1
155529,0
155530,0
155531,1
155533,0
155535,1
155536,0
155540,0
155541,0
155542,0
155543,1
155544,0
155545,0
155546,1
155552,0
155553,0
155554,0
155555,1
155556,0
155558,0
155559,1
155560,0
155563,1
155564,0
155565,0
155566,1
155570,0
155571,0
155572,1
155573,0
155575,0
155578,0
155587,0
155589,0
155590,0
155591,1
155593,1
155595,0
155596,0
155606,0
155608,1
155610,0
155614,1
155615,1
155618,0
155625,0
155627,0
155628,0
155629,0
155630,0
155635,0
155639,1
155643,1
155644,1
155648,0
155651,1
155653,0
155654,0
155655,1
155658,0
155660,0
155666,0
155668,0
155669,1
155670,0
155673,0
155676,1
155678,1
155679,1
155681,1
155684,0
155687,1
155688,0
155689,0
155693,0
155695,1
155702,1
155704,1
155706,1
155709,0
155715,0
155716,0
155717,0
155718,0
155719,0
155723,1
155725,0
155729,0
155731,0
155732,1
155733,1
155735,0
155740,0
155741,0
155752,0
155753,1
155755,0
155758,0
155767,1
155777,1
155779,0
155782,1
155785,0
155788,1
155790,0
155795,1
155797,0
155800,1
155801,1
155805,1
155806,1
155807,0
155812,0
155815,0
155816,0
155817,0
155821,1
155822,0
155824,0
155828,0
155832,1
155833,0
155835,1
155836,0
155837,0
155838,1
155839,1
155844,0
155846,0
155847,1
155850,1
155851,0
155854,0
155858,1
155859,0
155860,0
155861,1
155864,0
155865,0
155868,0
155870,0
155873,0
155877,1
155879,0
155880,1
155881,0
155882,0
155886,1
155887,0
155889,0
155894,0
155898,0
155900,0
155902,1
155906,0
155907,0
155908,0
155909,1
155910,1
155911,0
155912,1
155917,0
155920,0
155921,0
155923,1
155927,0
155934,0
155936,1
155937,0
155938,1
155941,1
155942,1
155945,1
155946,0
155948,1
155952,1
155954,1
155956,1
155958,0
155959,1
155962,0
155963,1
155964,1
155965,0
155970,0
155971,0
155972,0
155977,0
155978,0
155982,0
155984,1
155987,0
155988,0
155991,1
155992,1
155993,0
155994,0
155995,1
155997,0
155998,0
155999,0
156004,0
156005,1
156008,0
156011,0
156017,1
156021,1
156023,1
156026,1
156027,1
156033,0
156036,0
156037,1
156038,0
156041,1
156044,0
156047,0
156051,0
156055,0
156057,1
156059,0
156061,0
156062,0
156066,1
156067,1
156069,0
156071,1
156073,1
156075,1
156076,0
156077,0
156083,0
156086,0
156088,1
156090,0
156092,0
156094,1
156098,1
156099,0
156108,1
156111,1
156122,0
156123,0
156131,0
156134,1
156135,0
156137,0
156148,0
156151,0
156153,0
156154,1
156158,1
156161,1
156164,0
156167,0
156169,0
156171,1
156176,0
156178,0
156180,0
156181,0
156183,0
156185,0
156187,0
156188,0
156189,0
156200,0
156202,1
156204,0
156206,1
156208,1
156209,0
156211,1
156214,0
156217,0
156221,0
156223,1
156226,0
156230,1
156232,0
156235,1
156239,0
156240,0
156242,0
156244,0
156247,1
156249,0
156252,0
156254,1
156255,0
156256,0
156258,1
156260,1
156261,0
156262,1
156264,1
156265,1
156266,0
156267,0
156268,1
156271,1
156272,1
156274,0
156278,0
156280,0
156281,0
156284,1
156287,1
156290,1
156292,0
156293,0
156294,1
156295,1
156303,0
156308,0
156310,0
156311,0
156317,0
156319,0
156320,1
156323,1
156332,0
156335,1
156336,0
156337,0
156338,1
156339,1
156340,1
156341,0
156342,0
156348,1
156350,1
156352,0
156353,0
156356,0
156358,0
156361,0
156362,1
156364,1
156367,1
156369,0
156370,0
156372,0
156377,0
156381,0
156390,1
156392,0
156393,0
156394,0
156399,0
156401,0
156403,0
156405,1
156416,1
156417,1
156420,0
156421,1
156422,1
156423,1
156428,0
156431,1
156432,1
156434,0
156438,1
156440,1
156441,1
156444,1
156447,1
156449,1
156456,1
156460,1
156464,1
156466,1
156468,0
156472,1
156475,1
156477,1
156481,1
156485,1
156486,0
156490,1
156491,0
156494,0
156497,1
156499,0
156502,0
156512,1
156514,0
156515,0
156518,0
156521,1
156526,0
156528,0
156530,1
156535,1
156541,1
156544,1
156551,0
156552,0
156555,1
156556,1
156562,1
156565,1
156566,1
156567,1
156568,0
156574,0
156576,0
156577,0
156579,1
156580,1
156581,1
156582,1
156584,0
156585,0
156586,1
156587,1
156596,0
156597,0
156598,0
156601,1
156604,1
156606,1
156609,0
156610,0
156616,0
156618,0
156619,1
156620,1
156621,1
156623,1
156624,0
156628,1
156630,0
156631,1
156632,0
156638,0
156643,0
156645,1
156648,1
156649,1
156650,0
156653,0
156654,0
156656,0
156659,0
156663,1
156667,0
156668,1
156678,1
156679,0
156689,0
156690,0
156692,1
156693,1
156694,0
156696,1
156698,1
156699,0
156706,1
156709,0
156711,1
156713,0
156721,0
156722,1
156723,1
156731,1
156734,0
156738,1
156739,1
156743,0
156744,0
156746,0
156750,0
156751,0
156752,0
156754,0
156760,1
156769,1
156772,1
156776,0
156778,1
156781,0
156783,1
156784,1
156788,1
156793,0
156795,0
156796,0
156799,1
156801,0
156802,1
156807,1
156808,0
156814,0
156818,1
156819,0
156820,0
156823,0
156824,1
156825,0
156826,0
156830,0
156833,1
156836,1
156837,0
156839,1
156843,1
156845,0
156847,1
156848,0
156859,1
156861,0
156864,0
156865,1
156866,1
156867,1
156868,0
156871,0
156873,1
156874,1
156876,0
156877,0
156883,1
156884,1
156885,1
156893,0
156902,0
156904,1
156905,1
156911,0
156912,0
156915,0
156919,0
156920,0
156922,0
156925,1
156929,1
156931,0
156933,1
156937,1
156939,1
156940,1
156941,0
156947,0
156952,0
156956,0
156961,0
156962,0
156963,1
156966,0
156967,1
156970,0
156972,1
156975,0
156976,1
156978,0
156984,0
156985,0
156986,0
156996,0
157004,1
157006,0
157008,1
157010,1
157012,0
157013,0
157015,1
157016,0
157018,1
157020,1
157027,0
157028,0
157032,1
157036,1
157039,0
157040,1
157041,0
157042,0
157044,1
157046,0
157050,0
157052,0
157054,1
157056,1
157058,0
157060,1
157062,1
157063,1
157064,1
157066,0
157067,0
157069,0
157072,0
157073,0
157076,1
157078,0
157079,0
157081,0
157083,1
157085,1
157088,0
157089,0
157090,0
157093,1
157094,0
157095,1
157103,1
157105,0
157107,0
157110,1
157111,0
157115,0
157116,0
157117,0
157119,0
157122,0
157124,0
157125,0
157126,1
157127,1
157128,0
157130,0
157132,0
157133,1
157135,0
157138,0
157139,1
157142,0
157143,0
157144,0
157147,1
157148,1
157151,0
157154,0
157155,0
157158,0
157160,1
157164,0
157165,0
157168,1
157171,0
157177,0
157183,1
157184,1
157190,0
157194,0
157195,0
157199,0
157201,0
157204,1
157208,0
157209,1
157213,0
157217,0
157224,0
157225,0
157231,1
157235,1
157236,0
157240,1
157242,0
157244,0
157246,0
157250,0
157252,0
157254,1
157257,1
157258,0
157260,0
157265,0
157266,0
157272,1
157274,0
157275,0
157276,0
157278,0
157279,0
157281,0
157283,0
157286,0
157287,1
157288,0
157290,1
157291,1
157295,1
157300,0
157302,1
157306,1
157308,1
157309,1
157311,0
157318,1
157320,0
157323,1
157327,1
157328,1
157330,0
157337,1
157339,1
157340,0
157342,0
157354,0
157355,1
157359,1
157362,1
157368,1
157372,0
157374,0
157377,1
157379,0
157380,1
157388,0
157395,1
157398,0
157399,0
157403,0
157405,1
157406,1
157408,0
157410,1
157414,1
157416,1
157419,0
157421,1
157423,1
157428,0
157429,0
157430,0
157433,1
157440,0
157442,1
157445,1
157446,1
157449,0
157450,1
157451,0
157452,0
157454,1
157455,1
157456,0
157458,1
157462,1
157464,1
157465,0
157466,0
157468,1
157474,1
157478,1
157479,1
157480,0
157484,0
157485,1
157486,1
157490,0
157499,0
157500,0
157501,1
157502,1
157503,1
157505,1
157506,1
157510,0
157512,0
157513,1
157514,1
157517,0
157519,1
157520,1
157521,1
157522,0
157527,1
157528,0
157529,1
157530,1
157531,1
157534,0
157541,1
157542,1
157545,1
157548,0
157550,1
157551,1
157552,0
157553,1
157555,1
157559,1
157561,1
157563,0
157564,1
157566,1
157569,1
157571,1
157572,0
157577,0
157580,0
157583,0
157588,1
157590,0
157592,1
157595,1
157598,1
157600,0
157602,0
157603,1
157604,0
157606,1
157611,0
157613,0
157615,0
157617,1
157618,1
157622,0
157624,0
157628,0
157629,0
157630,0
157631,1
157635,0
157638,1
157642,0
157645,0
157647,0
157650,1
157651,1
157652,0
157658,0
157659,0
157664,1
157666,1
157671,1
157672,0
157673,0
157677,1
157678,0
157681,1
157684,0
157686,0
157687,1
157689,1
157693,1
157696,1
157697,0
157698,0
157700,1
157701,0
157703,1
157705,0
157706,0
157708,0
157710,1
157714,0
157715,0
157719,1
157720,1
157723,1
157727,0
157728,0
157731,0
157732,0
157733,1
157735,0
157736,1
157738,0
157742,1
157744,1
157745,1
157750,0
157752,0
157756,0
157757,0
157758,0
157760,1
157761,1
157768,1
157772,1
157776,1
157777,1
157778,0
157779,1
157780,1
157781,1
157782,0
157783,1
157786,0
157787,1
157794,1
157800,1
157802,1
157803,1
157805,0
157810,1
157811,1
157812,0
157813,0
157820,0
157821,1
157823,1
157825,0
157827,1
157833,0
157838,1
157841,1
157843,0
157844,1
157846,1
157849,0
157851,1
157853,0
157855,0
157857,1
157863,0
157867,0
157868,0
157869,1
157870,1
157873,0
157874,0
157880,1
157881,1
157883,0
157886,0
157887,0
157890,1
157891,0
157892,0
157894,1
157895,1
157896,0
157904,1
157905,1
157907,1
157909,0
157910,1
157912,1
157913,0
157915,1
157919,0
157927,1
157929,0
157936,1
157937,1
157939,0
157941,1
157943,0
157944,0
157946,0
157947,0
157949,0
157961,0
157966,0
157968,0
157983,0
157985,0
157986,1
157989,0
157990,1
157991,1
157992,0
157995,0
157997,0
157999,0
158001,0
158006,0
158008,0
158009,1
158010,1
158011,1
158015,0
158017,0
158023,0
158024,1
158025,0
158026,1
158029,1
158032,0
158033,1
158034,0
158035,1
158039,0
158043,0
158045,0
158053,1
158058,0
158059,0
158060,0
158061,1
158069,0
158073,0
158076,0
158080,1
158081,0
158083,0
158084,1
158086,1
158091,1
158093,0
158096,1
158097,0
158100,0
158102,1
158106,1
158107,0
158111,1
158114,0
158115,0
158116,0
158118,0
158120,1
158121,0
158124,0
158127,0
158133,0
158136,1
158140,0
158141,0
158143,0
158145,0
158147,1
158149,0
158150,1
158151,0
158152,1
158154,1
158158,1
158159,1
158162,1
158164,0
158165,0
158168,1
158169,0
158171,1
158172,1
158173,1
158182,0
158185,0
158188,0
158189,0
158190,0
158192,1
158194,1
158195,0
158197,0
158208,0
158213,1
158222,1
158223,1
158225,0
158226,1
158227,1
158231,1
158234,1
158236,1
158238,0
158239,0
158240,1
158241,0
158245,0
158246,0
158247,0
158248,0
158249,1
158252,1
158257,0
158262,1
158263,0
158264,1
158267,0
158269,1
158271,1
158272,0
158277,1
158280,1
158281,1
158284,0
158286,1
158291,0
158292,1
158297,0
158301,0
158302,0
158303,1
158304,1
158307,1
158313,1
158319,0
158321,1
158324,0
158327,0
158328,0
158336,1
158337,1
158340,0
158343,1
158344,1
158345,1
158346,1
158351,0
158352,0
158353,0
158358,1
158359,0
158365,1
158366,1
158367,0
158368,1
158369,1
158370,0
158371,1
158372,0
158377,0
158379,0
158380,1
158383,1
158387,0
158389,1
158392,0
158393,1
158394,0
158396,1
158400,0
158403,1
158406,0
158407,0
158408,0
158409,0
158415,0
158417,0
158419,0
158420,0
158422,0
158423,0
158429,1
158432,0
158439,0
158441,0
158442,0
158443,0
158448,1
158450,1
158453,0
158455,1
158456,1
158458,1
158460,0
158461,1
158462,0
158464,1
158468,0
158470,1
158471,0
158472,0
158479,0
158481,0
158483,0
158487,0
158489,0
158491,0
158495,0
158496,0
158497,0
158499,1
158501,0
158502,0
158504,1
158506,0
158512,0
158513,0
158515,0
158517,0
158519,1
158521,0
158522,0
158523,0
158524,1
158528,1
158531,0
158533,1
158537,0
158542,1
158553,0
158558,0
158559,0
158562,0
158563,0
158564,0
158573,1
158578,0
158579,1
158580,1
158581,1
158584,1
158586,0
158588,0
158590,1
158591,1
158593,1
158594,1
158598,1
158599,0
158609,1
158612,0
158613,0
158614,0
158617,1
158623,1
158625,0
158626,1
158628,1
158629,1
158632,0
158633,1
158634,1
158641,0
158642,0
158645,0
158646,0
158647,1
158649,1
158650,1
158654,1
158655,1
158658,1
158660,1
158665,1
158666,0
158667,0
158673,0
158676,0
158678,0
158679,1
158680,0
158681,1
158690,1
158691,0
158692,0
158695,0
158696,0
158698,0
158699,0
158701,0
158706,0
158707,1
158708,1
158710,0
158711,0
158715,1
158716,0
158718,1
158720,1
158721,1
158722,1
158724,0
158726,1
158728,1
158729,1
158730,0
158731,1
158732,1
158734,1
158736,0
158737,0
158738,0
158741,0
158745,0
158748,1
158749,1
158750,1
158751,0
158755,0
158758,0
158760,0
158763,1
158769,0
158770,0
158771,1
158772,1
158777,1
158780,1
158784,1
158785,1
158786,0
158792,1
158793,0
158794,0
158796,0
158798,1
158799,0
158800,0
158802,1
158803,0
158808,0
158813,0
158814,0
158815,1
158816,0
158817,1
158819,0
158822,1
158826,0
158831,0
158839,0
158842,1
158843,0
158845,0
158846,1
158847,0
158848,0
158850,1
158853,1
158854,0
158857,1
158861,0
158862,0
158863,1
158866,0
158867,1
158869,1
158870,1
158873,0
158879,0
158880,1
158882,1
158883,1
158886,0
158887,0
158888,1
158889,0
158891,1
158892,1
158894,1
158895,1
158898,1
158905,1
158907,0
158909,0
158912,0
158914,0
158915,1
158916,1
158918,0
158919,0
158920,0
158922,0
158926,0
158928,0
158929,1
158931,1
158935,0
158939,1
158941,0
158942,1
158946,0
158948,1
158949,0
158951,0
158953,1
158955,0
158957,1
158959,0
158962,0
158963,1
158965,0
158969,0
158972,1
158974,0
158976,0
158980,1
158982,1
158983,0
158988,1
158989,0
158990,0
158992,0
158993,0
158994,0
158995,1
158996,1
158997,0
158998,0
159003,1
159005,0
159006,1
159007,0
159008,1
159013,1
159020,1
159022,1
159023,0
159024,0
159025,0
159026,0
159031,0
159033,1
159034,1
159035,0
159037,1
159039,1
159040,0
159041,0
159042,1
159047,0
159049,0
159050,1
159052,1
159054,1
159055,0
159059,0
159060,1
159061,1
159062,1
159063,0
159065,0
159068,0
159069,0
159078,1
159084,0
159090,1
159094,1
159095,0
159096,1
159098,0
159099,1
159100,0
159102,0
159103,1
159110,0
159111,1
159112,0
159115,1
159121,0
159124,1
159126,1
159130,0
159135,1
159136,0
159141,0
159144,1
159145,1
159147,0
159151,1
159159,1
159161,0
159165,0
159167,1
159168,1
159170,0
159172,0
159173,0
159174,1
159177,1
159179,0
159181,1
159182,0
159183,1
159184,0
159187,1
159191,1
159195,0
159201,0
159205,0
159206,1
159207,0
159213,1
159216,1
159223,0
159227,1
159228,0
159229,0
159230,1
159233,1
159234,1
159236,1
159237,0
159238,0
159240,0
159241,0
159242,0
159243,1
159244,0
159245,0
159246,0
159249,0
159251,1
159253,1
159254,1
159257,0
159258,0
159263,1
159265,0
159267,0
159269,0
159270,1
159271,0
159272,1
159275,0
159276,1
159277,0
159280,1
159287,0
159289,0
159290,1
159293,0
159294,1
159295,1
159296,0
159299,0
159305,0
159307,0
159309,1
159310,1
159313,1
159315,1
159316,1
159320,0
159323,1
159326,1
159327,0
159331,1
159333,1
159334,0
159335,0
159338,0
159340,1
159341,0
159342,0
159343,1
159346,1
159347,1
159350,0
159353,0
159358,1
159360,0
159361,0
159364,1
159365,0
159368,0
159369,0
159371,1
159372,0
159375,0
159376,0
159379,1
159381,1
159382,0
159386,0
159389,1
159391,0
159392,0
159393,0
159394,1
159396,1
159399,1
159400,1
159403,1
159406,0
159409,1
159410,0
159412,0
159413,0
159414,1
159416,0
159418,1
159419,0
159421,0
159422,1
159429,1
159430,1
159431,1
159432,0
159433,0
159434,0
159435,0
159438,1
159440,1
159448,0
159450,0
159451,1
159452,1
159454,0
159455,0
159462,0
159463,1
159464,1
159465,0
159466,0
159469,1
159470,1
159471,0
159473,0
159474,0
159477,1
159480,1
159482,0
159483,0
159484,1
159485,0
159488,0
159493,1
159495,1
159497,0
159503,1
159504,1
159506,1
159507,1
159509,1
159512,1
159513,1
159516,0
159518,1
159519,0
159520,0
159521,0
159526,0
159527,0
159531,0
159532,0
159533,1
159534,0
159535,0
159537,1
159540,1
159541,0
159543,1
159550,0
159551,0
159552,1
159555,1
159566,0
159568,0
159569,1
159573,0
159574,1
159575,1
159580,1
159581,0
159582,0
159588,1
159589,0
159590,0
159591,1
159597,0
159600,0
159602,0
159603,1
159604,0
159610,0
159613,0
159617,1
159621,0
159627,0
159629,0
159632,0
159635,0
159637,1
159638,1
159640,1
159642,0
159643,1
159645,0
159646,0
159648,0
159649,0
159650,1
159652,0
159655,1
159657,1
159661,0
159670,1
159672,0
159675,1
159676,0
159679,0
159680,0
159682,0
159683,0
159684,0
159687,1
159689,0
159691,1
159694,1
159696,1
159700,1
159702,0
159705,0
159706,0
159708,0
159709,0
159713,1
159716,1
159717,0
159721,0
159722,0
159730,0
159731,0
159732,0
159734,1
159745,0
159746,0
159747,0
159756,0
159757,0
159758,0
159759,0
159768,0
159770,1
159773,1
159775,0
159777,0
159778,0
159781,0
159782,1
159783,0
159785,0
159787,1
159790,0
159792,1
159793,1
159795,1
159799,1
159800,0
159803,1
159807,1
159809,0
159810,0
159811,0
159812,0
159815,1
159819,1
159820,0
159823,0
159824,0
159827,1
159835,0
159841,0
159842,1
159843,1
159848,0
159849,1
159851,0
159854,1
159860,0
159861,0
159867,1
159872,0
159876,0
159877,0
159882,0
159883,1
159885,0
159886,0
159887,0
159888,1
159892,0
159893,1
159894,0
159895,0
159896,0
159897,1
159900,0
159901,0
159904,0
159905,0
159906,1
159908,0
159910,0
159913,0
159915,1
159917,0
159918,0
159922,1
159923,0
159924,0
159927,1
159933,1
159934,1
159935,1
159937,1
159938,0
159939,1
159940,0
159941,0
159944,1
159953,0
159955,0
159956,1
159958,1
159960,0
159962,0
159964,0
159966,0
159970,0
159971,0
159972,1
159973,1
159974,0
159976,0
159979,1
159980,1
159982,1
159983,1
159984,0
159985,0
159987,0
159988,0
159991,0
159992,0
159993,0
159998,0
160001,1
160003,0
160007,0
160014,1
160016,0
160022,1
160024,0
160027,0
160030,0
160032,1
160036,0
160037,0
160042,0
160047,1
160048,0
160050,0
160056,1
160061,0
160062,0
160063,1
160066,1
160067,0
160069,0
160070,0
160072,0
160073,0
160074,0
160075,0
160078,0
160085,0
160086,1
160087,1
160088,0
160090,0
160091,1
160092,1
160096,0
160097,0
160099,1
160101,0
160102,0
160110,1
160111,0
160120,0
160123,0
160126,0
160127,0
160131,1
160132,1
160136,0
160137,0
160142,0
160146,0
160147,0
160148,0
160149,0
160150,0
160153,0
160154,0
160155,1
160156,1
160157,0
160158,0
160159,0
160161,0
160163,0
160164,0
160165,1
160167,1
160169,0
160170,0
160172,0
160176,0
160180,1
160181,0
160185,0
160186,0
160187,1
160188,0
160189,0
160191,1
160194,0
160202,0
160203,1
160205,0
160206,0
160208,1
160210,0
160211,0
160212,0
160213,1
160215,1
160217,0
160220,0
160222,0
160223,0
160224,1
160225,0
160226,1
160227,0
160228,0
160230,0
160235,1
160236,0
160237,1
160239,0
160243,0
160245,1
160249,0
160250,0
160256,0
160262,0
160264,1
160267,0
160272,1
160278,0
160279,1
160280,1
160282,0
160283,1
160284,0
160285,1
160288,1
160289,0
160290,1
160292,0
160298,0
160299,1
160301,0
160304,0
160310,0
160311,1
160313,0
160314,0
160316,0
160317,0
160318,0
160319,1
160320,0
160325,1
160329,0
160331,1
160332,0
160334,1
160339,0
160341,0
160342,1
160344,1
160348,1
160352,1
160353,0
160360,1
160362,1
160363,1
160364,1
160365,1
160368,0
160371,0
160372,0
160374,1
160375,0
160378,1
160380,1
160384,0
160385,0
160388,0
160389,0
160390,0
160392,1
160393,1
160395,1
160399,0
160400,0
160402,0
160403,0
160404,1
160405,0
160406,0
160409,0
160416,0
160417,0
160419,0
160420,1
160422,0
160423,0
160424,1
160425,1
160426,0
160429,1
160437,0
160438,0
160440,1
160442,1
160443,0
160444,1
160445,1
160447,1
160448,0
160450,0
160463,1
160464,0
160465,0
160470,1
160471,0
160476,0
160478,0
160480,1
160481,1
160482,1
160484,1
160486,0
160491,0
160495,0
160497,1
160500,0
160501,0
160502,0
160514,1
160516,1
160519,0
160522,1
160526,0
160528,1
160530,0
160531,1
160532,1
160535,1
160537,1
160539,1
160541,1
160542,0
160546,1
160549,0
160552,0
160557,0
160561,0
160565,1
160566,1
160569,1
160574,0
160575,0
160582,1
160585,1
160587,0
160591,0
160592,0
160593,0
160600,1
160601,0
160602,1
160606,1
160609,0
160616,0
160619,0
160625,0
160626,0
160628,0
160629,1
160634,0
160636,0
160637,1
160639,0
160640,0
160641,0
160645,1
160649,1
160652,1
160653,1
160655,1
160661,0
160665,1
160666,0
160668,0
160670,0
160671,1
160679,1
160680,1
160685,1
160688,1
160689,1
160691,0
160693,1
160695,1
160697,0
160698,0
160699,1
160700,1
160703,0
160705,0
160706,1
160710,1
160713,1
160714,1
160715,1
160717,0
160726,1
160728,1
160731,1
160733,1
160734,0
160736,0
160739,0
160740,0
160747,0
160748,0
160749,1
160751,0
160752,1
160753,0
160757,0
160761,1
160764,1
160766,0
160768,0
160770,1
160771,1
160772,0
160773,1
160776,1
160778,1
160779,0
160781,0
160784,1
160785,0
160787,0
160789,1
160794,0
160795,0
160796,1
160798,0
160800,0
160805,1
160810,0
160811,0
160812,1
160817,1
160820,0
160823,1
160824,1
160830,1
160835,1
160839,0
160843,0
160845,0
160846,1
160848,1
160849,1
160850,1
160853,0
160861,0
160863,0
160865,0
160869,0
160871,0
160874,1
160878,1
160879,0
160880,1
160881,0
160882,0
160883,0
160884,0
160888,1
160890,1
160893,0
160899,0
160900,1
160906,0
160907,0
160914,0
160916,0
160917,1
160920,1
160923,1
160925,0
160926,0
160934,0
160942,1
160948,0
160950,0
160951,0
160954,1
160958,0
160959,0
160963,1
160964,1
160966,1
160967,0
160968,0
160969,0
160971,0
160972,0
160977,0
160978,0
160979,0
160986,0
160989,0
160990,1
160996,0
160998,1
161002,1
161003,0
161005,0
161006,1
161012,1
161013,0
161014,1
161017,0
161018,0
161028,1
161033,1
161035,0
161036,0
161037,1
161038,0
161039,0
161046,1
161051,1
161054,1
161055,1
161056,1
161057,0
161058,1
161063,1
161066,0
161067,1
161069,0
161070,0
161071,1
161073,0
161076,0
161079,0
161080,0
161083,0
161085,1
161086,1
161103,0
161111,0
161112,1
161114,0
161115,0
161120,0
161124,0
161129,1
161130,1
161133,1
161135,1
161136,1
161137,0
161139,1
161140,0
161141,0
161144,0
161148,1
161151,0
161153,0
161155,1
161159,0
161160,0
161161,0
161162,0
161163,1
161164,1
161165,0
161169,0
161171,0
161172,1
161176,1
161181,0
161184,1
161186,0
161191,1
161193,0
161195,1
161199,0
161200,0
161201,0
161202,1
161206,0
161211,0
161212,0
161213,0
161216,0
161217,0
161222,0
161224,1
161233,0
161234,0
161238,1
161241,0
161242,1
161246,0
161248,1
161250,0
161252,1
161254,1
161255,0
161256,0
161257,0
161262,1
161263,1
161265,0
161266,0
161270,0
161271,1
161272,1
161273,1
161276,0
161278,0
161279,1
161281,1
161283,0
161293,1
161294,1
161296,1
161297,1
161299,0
161301,0
161302,0
161308,1
161315,0
161318,1
161321,1
161322,0
161323,0
161328,1
161329,0
161331,1
161333,0
161337,1
161346,1
161348,1
161359,0
161360,1
161361,1
161362,1
161365,0
161366,0
161367,1
161368,1
161371,0
161373,0
161374,1
161377,1
161378,0
161382,0
161383,1
161384,1
161386,1
161388,0
161394,1
161395,1
161396,1
161397,1
161401,0
161404,0
161405,1
161408,0
161409,1
161410,1
161413,1
161417,0
161418,1
161419,1
161422,0
161424,1
161426,1
161429,1
161430,0
161437,0
161442,1
161443,0
161447,0
161450,0
161451,1
161452,1
161455,1
161456,1
161459,1
161461,0
161463,1
161469,1
161471,1
161475,0
161477,0
161478,0
161479,0
161481,0
161482,0
161483,0
161484,1
161485,1
161486,1
161487,0
161488,1
161491,0
161494,0
161496,0
161497,0
161499,1
161500,1
161501,1
161507,1
161511,0
161512,1
161514,0
161515,0
161516,0
161517,0
161520,0
161524,0
161528,1
161529,0
161530,0
161532,1
161535,0
161537,0
161540,0
161543,1
161545,1
161547,1
161551,0
161553,1
161554,0
161555,0
161556,0
161558,0
161560,0
161562,0
161563,0
161564,0
161565,0
161567,1
161571,0
161572,0
161576,1
161577,0
161581,1
161582,0
161583,0
161584,0
161586,1
161589,0
161590,0
161596,0
161599,1
161600,0
161603,1
161606,1
161608,1
161618,1
161619,0
161625,1
161627,1
161630,0
161631,1
161635,0
161636,1
161637,1
161639,1
161645,0
161648,0
161652,1
161653,1
161657,1
161658,1
161659,0
161662,0
161667,0
161668,1
161669,0
161670,1
161671,1
161674,0
161675,1
161676,0
161680,1
161681,0
161683,0
161689,0
161693,0
161694,1
161696,0
161697,0
161699,1
161700,0
161701,1
161702,1
161703,1
161704,1
161710,0
161711,0
161714,0
161715,0
161721,0
161725,0
161726,0
161731,0
161732,0
161734,1
161738,1
161742,0
161744,1
161748,1
161749,0
161750,0
161754,0
161758,0
161760,0
161761,0
161763,1
161764,0
161766,0
161770,1
161775,0
161777,1
161781,1
161782,0
161783,0
161786,1
161787,0
161794,0
161797,1
161800,0
161803,0
161805,1
161806,0
161807,0
161809,1
161810,0
161817,0
161819,0
161821,0
161822,0
161824,0
161825,0
161826,0
161828,1
161836,0
161838,0
161839,0
161841,0
161845,1
161846,1
161851,0
161853,0
161854,1
161856,1
161857,1
161858,0
161860,1
161862,0
161864,0
161867,1
161870,0
161878,0
161879,1
161880,0
161882,0
161883,0
161884,1
161888,1
161891,0
161893,0
161897,1
161899,1
161902,0
161903,1
161904,0
161906,1
161908,1
161909,0
161910,0
161913,0
161914,0
161916,0
161918,1
161920,0
161921,1
161922,0
161924,1
161925,0
161928,0
161929,1
161934,1
161935,0
161937,0
161941,1
161942,0
161943,1
161944,1
161947,0
161951,1
161952,1
161956,1
161961,1
161965,0
161966,0
161967,0
161970,0
161972,0
161973,0
161977,0
161978,1
161979,0
161982,1
161983,1
161989,0
161992,1
161994,1
161997,1
161998,0
161999,0
162007,0
162008,1
162009,1
162010,0
162011,1
162012,1
162015,1
162016,0
162019,1
162022,0
162028,0
162033,1
162038,1
162042,1
162044,0
162045,1
162046,1
162047,0
162048,0
162049,1
162051,1
162053,0
162054,0
162056,1
162057,0
162058,0
162059,1
162063,0
162064,0
162065,0
162066,0
162068,0
162071,0
162075,0
162077,0
162079,0
162082,0
162084,1
162090,0
162092,1
162093,0
162095,0
162096,0
162097,1
162099,0
162100,1
162106,1
162107,0
162108,0
162109,1
162110,0
162113,1
162114,0
162116,0
162117,1
162120,0
162124,1
162127,0
162129,0
162131,1
162134,0
162137,0
162139,1
162144,0
162145,1
162146,1
162150,0
162152,0
162160,0
162162,0
162169,1
162172,1
162173,0
162174,0
162184,0
162189,1
162191,1
162192,1
162196,0
162198,0
162199,0
162201,1
162202,0
162203,1
162206,1
162207,0
162208,1
162211,0
162214,0
162216,1
162217,0
162220,1
162223,0
162227,0
162229,0
162230,0
162231,1
162232,0
162234,1
162238,1
162242,0
162244,1
162245,1
162247,1
162248,1
162250,0
162251,0
162253,0
162255,1
162257,1
162259,1
162260,0
162264,0
162265,0
162266,1
162270,1
162274,0
162277,1
162278,1
162281,1
162283,0
162286,1
162287,1
162289,0
162290,0
162292,0
162293,0
162294,0
162295,0
162296,1
162298,1
162301,1
162302,0
162303,0
162304,0
162305,0
162307,0
162308,1
162309,0
162311,1
162312,0
162317,0
162318,0
162323,1
162325,0
162327,1
162328,0
162330,1
162337,1
162338,0
162339,0
162340,1
162341,0
162343,0
162346,1
162348,0
162349,0
162350,1
162351,1
162352,0
162353,0
162354,1
162358,1
162360,0
162362,0
162364,1
162366,1
162367,0
162376,1
162377,0
162384,0
162385,1
162386,0
162387,1
162394,0
162395,0
162398,0
162399,0
162400,1
162403,0
162405,1
162416,0
162417,0
162419,1
162420,1
162421,0
162422,1
162424,0
162425,0
162427,1
162429,0
162430,1
162431,0
162433,1
162435,0
162436,0
162438,1
162440,1
162442,0
162445,0
162448,1
162451,0
162454,1
162455,0
162458,0
162460,1
162461,0
162462,0
162466,0
162469,1
162472,0
162476,0
162479,1
162480,1
162482,0
162483,1
162484,0
162486,0
162488,0
162490,0
162491,0
162494,1
162497,1
162501,1
162503,0
162505,0
162510,0
162511,1
162512,0
162514,1
162519,1
162521,1
162532,0
162534,0
162540,0
162543,0
162544,0
162546,0
162549,1
162556,1
162558,1
162561,1
162563,0
162568,0
162570,1
162576,0
162578,1
162579,0
162580,0
162581,1
162591,1
162592,1
162595,0
162598,0
162601,0
162602,0
162603,1
162605,0
162615,1
162616,0
162619,1
162620,1
162624,1
162629,0
162632,0
162635,1
162636,1
162640,0
162644,1
162645,1
162647,1
162651,0
162652,0
162654,0
162659,0
162661,0
162664,1
162667,0
162669,1
162674,0
162675,0
162676,0
162679,0
162681,0
162684,1
162687,1
162690,1
162692,0
162696,0
162698,0
162701,1
162707,1
162709,0
162716,0
162718,0
162726,0
162727,0
162729,1
162734,1
162742,0
162743,0
162747,0
162748,0
162755,1
162758,0
162764,0
162765,1
162772,1
162773,0
162775,1
162776,1
162781,1
162787,0
162788,0
162792,0
162795,0
162798,0
162801,0
162803,1
162805,1
162806,0
162809,0
162812,0
162813,1
162814,0
162815,0
162817,0
162818,0
162819,0
162820,1
162821,1
162824,0
162825,0
162826,1
162827,0
162831,0
162832,0
162836,1
162840,0
162841,0
162842,1
162843,0
162844,1
162845,0
162846,0
162851,1
162852,1
162853,1
162854,1
162855,0
162856,0
162862,0
162866,1
162867,0
162870,0
162875,1
162885,0
162891,1
162892,1
162897,0
162900,1
162905,1
162909,1
162912,1
162913,1
162915,1
162916,0
162917,0
162924,0
162927,0
162928,0
162933,1
162937,1
162940,1
162942,0
162943,1
162946,0
162947,1
162951,0
162952,0
162953,1
162954,1
162958,0
162960,1
162962,1
162963,1
162966,0
162969,1
162970,1
162971,0
162972,0
162974,0
162981,0
162982,1
162986,1
162987,1
162989,0
162990,1
162992,1
162994,1
162995,1
162996,1
162997,0
162999,1
163006,1
163007,0
163010,0
163012,0
163014,0
163018,0
163019,0
163020,0
163021,1
163024,1
163025,1
163027,1
163028,1
163029,1
163030,0
163033,0
163034,1
163037,0
163042,0
163043,1
163044,0
163047,1
163049,0
163055,0
163058,1
163059,0
163062,0
163063,1
163066,0
163070,1
163074,1
163080,0
163081,0
163082,1
163083,0
163085,1
163097,1
163098,0
163100,0
163102,0
163103,1
163104,1
163105,1
163106,1
163109,0
163114,1
163115,1
163116,1
163118,0
163119,0
163127,0
163129,0
163134,0
163136,0
163141,0
163143,0
163145,1
163149,1
163153,1
163156,0
163161,1
163164,0
163165,0
163166,0
163170,0
163171,0
163175,0
163178,0
163185,1
163186,1
163192,0
163194,0
163199,0
163201,1
163202,1
163205,1
163207,0
163208,0
163209,0
163210,1
163213,0
163216,1
163217,0
163220,1
163222,0
163223,0
163224,0
163225,1
163231,0
163233,0
163234,0
163235,0
163237,1
163238,1
163244,1
163247,1
163250,0
163253,0
163255,1
163256,1
163257,0
163259,1
163260,0
163262,1
163263,0
163265,1
163266,0
163268,0
163270,1
163271,0
163281,0
163283,0
163284,1
163285,0
163290,0
163293,0
163294,0
163300,0
163301,1
163304,1
163305,1
163308,1
163310,1
163311,0
163315,1
163316,0
163317,1
163318,0
163320,0
163323,0
163326,1
163328,0
163330,0
163334,0
163335,0
163340,1
163342,0
163345,0
163347,0
163349,1
163350,1
163351,1
163353,0
163355,0
163360,0
163365,1
163366,1
163368,0
163373,0
163375,0
163381,0
163382,1
163383,0
163384,0
163386,1
163388,1
163391,0
163394,0
163396,1
163398,0
163399,1
163401,1
163404,1
163408,1
163415,0
163416,1
163417,0
163418,1
163419,1
163422,0
163424,1
163429,1
163432,1
163433,1
163439,0
163440,0
163445,1
163446,1
163447,0
163450,0
163451,0
163455,0
163462,0
163463,0
163465,1
163471,1
163474,0
163475,0
163479,0
163482,1
163483,0
163490,1
163491,0
163494,0
163495,0
163496,0
163499,0
163500,0
163501,0
163504,1
163505,0
163506,1
163507,1
163509,0
163510,0
163511,0
163516,1
163518,1
163520,1
163521,1
163524,1
163528,0
163531,1
163535,1
163536,1
163541,1
163543,0
163546,1
163549,0
163550,1
163551,1
163552,0
163554,0
163555,1
163556,1
163557,0
163558,1
163560,0
163561,1
163563,1
163564,1
163565,0
163568,1
163569,1
163571,0
163572,0
163576,1
163578,1
163583,0
163587,0
163594,0
163600,1
163601,0
163603,1
163606,0
163607,0
163608,1
163611,0
163615,0
163616,1
163621,0
163622,0
163626,0
163628,0
163633,1
163635,0
163637,0
163639,1
163643,0
163644,1
163646,1
163649,1
163651,0
163652,0
163657,0
163659,0
163662,1
163663,1
163665,1
163666,1
163671,0
163673,1
163677,0
163678,0
163681,0
163682,1
163683,0
163687,1
163693,1
163695,0
163696,1
163697,1
163698,0
163700,1
163701,0
163702,1
163703,1
163704,0
163706,0
163708,1
163709,0
163711,1
163713,0
163716,1
163719,0
163720,1
163722,0
163725,1
163726,1
163730,0
163736,0
163749,0
163750,1
163751,0
163752,0
163754,0
163758,0
163760,1
163761,1
163763,0
163766,0
163767,0
163768,1
163769,0
163770,0
163771,0
163772,1
163778,0
163785,0
163790,0
163791,0
163792,0
163794,0
163795,0
163798,1
163800,0
163803,0
163805,1
163806,1
163807,0
163808,0
163812,0
163814,1
163815,0
163816,1
163818,0
163824,1
163825,0
163828,0
163829,0
163836,0
163837,0
163841,1
163843,0
163846,1
163848,0
163849,1
163855,0
163858,1
163860,0
163865,0
163870,1
163871,0
163872,0
163873,0
163875,1
163881,1
163882,0
163888,0
163889,1
163890,0
163894,1
163899,0
163901,1
163902,0
163904,1
163905,1
163908,0
163911,0
163912,0
163913,0
163914,0
163919,0
163923,0
163924,0
163925,0
163926,1
163927,0
163928,0
163930,0
163935,0
163936,1
163937,0
163938,0
163940,0
163942,1
163944,1
163946,1
163948,1
163949,0
163953,0
163955,1
163958,1
163962,1
163967,1
163972,0
163974,1
163976,0
163978,0
163987,1
163990,0
163992,1
163993,0
164001,1
164002,1
164004,0
164005,1
164006,0
164007,0
164009,1
164013,0
164018,1
164019,1
164021,0
164022,0
164023,0
164028,1
164030,1
164031,1
164033,0
164036,1
164037,1
164039,1
164040,1
164047,0
164048,0
164050,1
164051,1
164053,1
164054,1
164056,0
164057,0
164060,0
164062,1
164063,0
164064,0
164068,1
164071,1
164074,0
164077,1
164079,1
164084,0
164087,1
164088,0
164090,0
164095,0
164097,1
164099,0
164100,1
164101,0
164103,1
164106,0
164107,1
164108,0
164111,1
164112,0
164114,0
164115,0
164116,1
164119,0
164121,0
164127,1
164128,1
164129,1
164132,0
164134,1
164135,1
164137,0
164138,0
164142,1
164145,1
164146,1
164147,0
164149,1
164151,0
164153,0
164154,0
164159,0
164161,1
164162,0
164167,1
164168,0
164171,1
164177,0
164178,0
164179,1
164180,1
164181,1
164185,0
164186,0
164187,0
164188,0
164191,0
164195,0
164196,1
164197,0
164198,0
164202,1
164203,0
164206,1
164207,1
164208,1
164210,0
164212,0
164213,1
164217,0
164218,0
164219,0
164220,1
164224,1
164225,0
164226,0
164227,0
164231,1
164234,1
164235,0
164236,0
164240,0
164242,0
164243,1
164245,1
164246,0
164247,0
164249,0
164257,1
164259,0
164262,1
164263,1
164265,1
164266,0
164269,0
164270,0
164271,0
164273,1
164276,0
164278,1
164281,0
164285,0
164289,0
164290,0
164292,1
164293,0
164294,1
164295,1
164297,1
164302,1
164309,1
164310,0
164311,0
164313,0
164314,1
164316,0
164319,1
164322,0
164323,0
164324,1
164326,1
164327,1
164338,1
164339,0
164343,1
164345,0
164347,1
164349,1
164350,1
164351,1
164353,1
164357,1
164358,1
164359,0
164363,1
164364,0
164366,1
164367,1
164368,1
164370,0
164372,0
164374,1
164375,1
164376,1
164379,0
164382,1
164384,1
164385,0
164393,1
164400,0
164401,0
164403,0
164404,0
164405,1
164406,0
164407,0
164410,1
164411,0
164415,0
164418,0
164419,1
164422,1
164427,1
164428,0
164433,0
164436,1
164437,0
164438,1
164441,1
164449,1
164450,0
164451,1
164453,1
164454,0
164456,1
164457,1
164460,0
164461,1
164463,1
164464,0
164466,0
164467,0
164469,0
164470,0
164474,0
164476,0
164479,0
164481,0
164482,1
164485,0
164487,0
164490,0
164495,1
164496,1
164498,0
164499,1
164500,0
164504,1
164509,0
164511,0
164517,1
164521,0
164522,0
164526,0
164527,1
164528,0
164529,1
164535,0
164536,0
164539,0
164540,0
164543,0
164546,1
164547,1
164549,0
164550,0
164552,1
164555,1
164556,1
164558,0
164559,1
164562,0
164563,0
164564,0
164566,1
164571,1
164572,0
164576,0
164577,0
164578,0
164579,0
164583,0
164584,1
164586,0
164587,0
164588,0
164592,1
164595,1
164596,0
164598,0
164602,0
164606,0
164608,0
164609,0
164611,1
164613,0
164615,0
164617,1
164618,1
164619,0
164622,0
164624,0
164625,0
164626,0
164631,0
164634,1
164638,1
164639,1
164640,0
164641,0
164644,1
164648,1
164652,0
164653,0
164654,0
164656,0
164660,0
164661,0
164669,1
164671,1
164674,0
164675,1
164677,1
164680,1
164688,0
164690,1
164691,1
164695,1
164697,0
164699,1
164707,1
164710,1
164711,0
164712,0
164715,0
164717,1
164720,0
164721,0
164724,1
164725,1
164729,0
164732,1
164733,0
164735,1
164736,0
164738,1
164739,0
164746,0
164750,1
164751,1
164752,0
164754,0
164755,0
164756,0
164759,0
164762,0
164764,1
164765,1
164766,0
164767,1
164771,1
164776,0
164777,1
164784,0
164788,0
164795,0
164796,0
164798,1
164801,1
164802,1
164803,1
164805,1
164812,1
164814,0
164818,1
164819,0
164820,0
164821,0
164822,1
164823,0
164826,1
164829,1
164830,1
164832,0
164835,0
164836,0
164845,1
164847,0
164848,0
164849,1
164850,0
164852,1
164853,0
164854,1
164858,1
164860,0
164862,0
164864,0
164865,0
164866,0
164874,1
164880,0
164881,0
164882,1
164883,1
164885,0
164886,0
164887,1
164888,1
164889,1
164890,0
164891,0
164894,1
164899,0
164900,0
164902,0
164904,1
164906,1
164907,1
164908,0
164910,0
164912,1
164914,1
164915,0
164920,1
164931,1
164932,0
164938,0
164940,0
164941,1
164944,0
164946,1
164948,0
164950,1
164951,0
164953,0
164954,0
164956,0
164960,1
164961,0
164963,0
164965,0
164967,1
164969,0
164970,0
164973,0
164977,1
164981,0
164983,1
164985,1
164987,0
164989,0
164996,1
165001,1
165003,0
165008,0
165010,0
165012,1
165013,0
165014,1
165015,1
165018,0
165024,0
165025,0
165027,0
165030,1
165032,1
165033,0
165034,1
165035,0
165036,0
165037,1
165039,0
165041,1
165042,0
165043,0
165044,0
165045,0
165047,0
165048,1
165050,1
165053,1
165054,0
165056,1
165057,0
165059,1
165060,1
165062,0
165063,1
165064,1
165066,1
165067,0
165069,0
165073,1
165074,1
165077,0
165083,1
165084,0
165085,0
165088,0
165090,0
165093,1
165094,0
165095,0
165099,0
165100,0
165101,1
165103,0
165105,0
165114,0
165115,0
165118,1
165120,0
165121,0
165122,0
165123,0
165124,0
165125,0
165128,1
165129,1
165132,0
165135,1
165142,0
165145,1
165146,1
165148,0
165150,0
165153,1
165154,0
165155,1
165160,0
165164,0
165167,1
165169,0
165171,1
165176,0
165177,0
165179,0
165186,1
165189,0
165190,0
165192,1
165193,1
165196,1
165197,0
165198,0
165202,1
165205,1
165207,1
165209,1
165212,1
165213,0
165217,1
165220,0
165223,0
165226,0
165228,1
165232,0
165233,0
165235,1
165240,0
165243,0
165245,1
165246,0
165248,1
165250,0
165251,1
165252,1
165253,0
165257,1
165259,1
165260,1
165262,0
165264,0
165266,1
165267,1
165268,1
165272,0
165273,1
165275,1
165279,1
165281,1
165282,1
165284,0
165286,0
165287,1
165288,1
165301,1
165303,0
165305,0
165307,1
165309,1
165312,0
165313,0
165315,1
165316,0
165319,1
165321,0
165322,1
165327,1
165330,1
165332,1
165333,0
165338,0
165339,0
165344,1
165349,1
165352,1
165354,0
165355,0
165356,1
165365,1
165366,0
165376,0
165378,0
165379,1
165388,0
165395,0
165397,1
165398,0
165400,0
165401,1
165406,1
165407,0
165412,0
165413,1
165419,0
165423,0
165425,1
165426,0
165428,0
165429,0
165433,1
165436,1
165439,0
165441,0
165442,0
165443,1
165444,1
165445,0
165450,0
165456,1
165461,0
165462,1
165463,0
165468,1
165470,0
165480,1
165481,0
165482,1
165484,0
165488,0
165489,1
165490,1
165494,1
165497,0
165500,0
165501,0
165502,1
165503,0
165504,1
165506,1
165508,1
165515,0
165519,1
165520,0
165522,1
165527,0
165531,0
165534,1
165535,0
165538,0
165539,0
165541,0
165543,1
165545,1
165546,0
165547,0
165550,0
165551,1
165556,0
165557,1
165559,0
165560,0
165561,0
165562,1
165563,1
165565,1
165566,1
165568,1
165570,1
165572,1
165574,0
165576,0
165577,1
165578,0
165579,0
165585,1
165586,0
165592,0
165594,0
165597,0
165598,1
165602,0
165603,1
165605,0
165609,0
165615,1
165618,1
165621,0
165623,0
165624,0
165626,0
165631,1
165633,1
165635,0
165636,1
165637,0
165639,1
165640,1
165645,0
165646,0
165648,0
165649,0
165655,0
165658,0
165659,1
165660,0
165662,1
165663,0
165664,1
165671,0
165672,0
165673,1
165674,1
165678,0
165679,1
165680,1
165683,0
165684,1
165693,1
165694,0
165698,0
165699,1
165703,0
165704,0
165708,0
165711,0
165712,0
165713,0
165714,0
165725,1
165729,1
165732,1
165735,0
165736,1
165738,1
165744,0
165745,0
165746,0
165747,1
165751,0
165753,1
165754,1
165756,1
165760,0
165762,0
165764,0
165778,1
165779,1
165780,0
165782,0
165784,1
165788,0
165789,0
165791,1
165792,0
165794,1
165797,0
165799,0
165800,0
165804,0
165810,0
165813,1
165814,0
165821,0
165823,0
165835,1
165838,1
165840,0
165841,0
165842,1
165845,0
165850,1
165852,1
165853,1
165858,1
165859,0
165860,0
165864,1
165865,0
165868,0
165870,1
165871,1
165873,0
165875,0
165877,1
165878,1
165880,0
165881,1
165882,1
165883,0
165885,0
165889,0
165890,0
165893,0
165898,0
165899,0
165901,1
165902,1
165903,0
165907,0
165908,1
165914,1
165917,1
165922,1
165924,1
165929,1
165930,1
165931,0
165935,0
165939,0
165941,0
165942,1
165945,0
165946,1
165947,1
165948,1
165954,1
165958,1
165959,0
165964,0
165972,0
165976,1
165977,0
165978,0
165980,0
165982,0
165984,0
165986,0
165989,1
165992,1
165993,0
165994,0
165997,1
165999,0
166000,0
166002,0
166004,0
166007,0
166008,1
166009,1
166010,1
166011,1
166012,0
166016,1
166017,0
166020,0
166023,0
166024,0
166025,0
166026,1
166027,0
166029,1
166030,1
166034,0
166036,0
166037,1
166038,0
166043,1
166045,1
166046,1
166047,0
166052,0
166055,0
166057,1
166060,0
166063,1
166064,0
166066,0
166067,1
166068,0
166072,0
166075,1
166076,1
166077,0
166082,0
166084,0
166085,0
166088,0
166089,0
166091,1
166092,0
166094,0
166096,1
166102,1
166104,0
166105,0
166107,0
166111,1
166115,1
166121,0
166124,0
166125,0
166128,0
166137,0
166139,0
166140,1
166141,1
166143,1
166151,0
166154,0
166155,0
166157,0
166159,0
166163,1
166165,0
166168,0
166170,1
166174,0
166176,1
166177,0
166178,0
166180,0
166181,1
166182,0
166185,1
166191,1
166192,0
166193,1
166196,0
166197,0
166198,1
166201,1
166202,1
166207,0
166208,1
166209,1
166212,1
166213,1
166214,0
166217,1
166218,0
166220,0
166223,0
166225,0
166231,1
166234,0
166248,1
166253,0
166258,0
166260,1
166263,0
166269,1
166271,1
166272,1
166273,1
166275,0
166277,1
166282,1
166283,1
166285,1
166287,1
166288,0
166299,0
166300,0
166301,0
166302,0
166303,1
166305,0
166308,1
166312,0
166317,1
166318,0
166320,0
166321,0
166322,1
166323,0
166324,0
166326,0
166328,1
166331,0
166335,0
166336,1
166338,1
166340,0
166341,1
166342,0
166343,1
166345,0
166347,0
166348,0
166351,1
166357,1
166358,1
166360,1
166363,1
166364,0
166365,0
166371,0
166374,0
166376,0
166377,1
166378,0
166381,1
166382,0
166383,1
166385,1
166387,0
166391,1
166394,0
166403,1
166404,0
166406,1
166407,0
166408,1
166411,1
166412,1
166414,0
166415,1
166420,1
166428,1
166429,0
166432,0
166434,1
166436,1
166441,1
166442,1
166446,0
166447,0
166448,0
166450,1
166451,1
166453,0
166457,0
166461,0
166463,0
166471,0
166472,1
166473,0
166476,1
166479,1
166485,1
166487,1
166488,0
166489,1
166494,0
166495,0
166499,0
166501,1
166502,0
166505,0
166509,0
166512,0
166516,1
166517,1
166519,1
166520,0
166521,0
166523,1
166525,1
166526,1
166535,1
166538,1
166539,1
166546,0
166548,0
166550,1
166553,0
166555,1
166560,0
166562,0
166564,1
166569,0
166572,0
166573,0
166580,0
166585,1
166586,0
166588,1
166593,1
166596,0
166603,1
166613,0
166620,0
166625,1
166627,1
166629,0
166631,1
166632,0
166635,0
166637,1
166638,0
166639,1
166642,0
166647,0
166649,1
166650,1
166651,0
166652,0
166653,0
166654,0
166655,0
166656,0
166659,0
166661,1
166663,1
166664,0
166665,1
166669,1
166671,1
166672,1
166673,1
166675,0
166678,1
166683,1
166684,1
166685,0
166689,0
166691,1
166693,0
166698,0
166699,1
166700,1
166703,1
166704,0
166705,0
166708,0
166709,1
166710,0
166711,0
166712,1
166714,0
166715,1
166717,1
166721,0
166723,0
166729,1
166732,1
166733,0
166735,0
166741,1
166742,1
166746,0
166747,0
166748,1
166754,1
166755,1
166756,0
166757,1
166761,0
166762,0
166763,0
166767,0
166771,1
166780,1
166782,0
166786,1
166788,1
166789,1
166790,0
166796,0
166798,0
166802,0
166807,0
166811,1
166812,1
166814,0
166816,0
166817,0
166819,1
166822,0
166823,1
166825,1
166827,1
166835,1
166840,0
166842,0
166843,0
166844,1
166845,0
166846,0
166847,1
166848,1
166850,0
166853,1
166854,0
166860,1
166862,0
166867,1
166869,0
166870,1
166874,1
166875,0
166876,0
166879,1
166883,1
166884,1
166887,1
166888,0
166889,0
166893,1
166895,1
166900,0
166902,0
166903,1
166906,0
166910,1
166914,0
166915,1
166917,1
166918,1
166919,0
166921,0
166924,0
166926,1
166927,1
166929,0
166930,1
166932,0
166933,0
166944,0
166947,0
166951,1
166952,1
166953,1
166959,0
166961,0
166966,0
166967,0
166975,0
166976,0
166979,0
166980,0
166981,1
166986,0
166987,0
166988,1
166994,0
166996,0
166997,0
167004,1
167008,0
167009,0
167010,1
167011,0
167013,1
167016,0
167017,0
167018,1
167020,0
167021,0
167022,0
167024,0
167025,0
167026,1
167027,0
167029,0
167030,0
167032,1
167033,0
167038,1
167041,0
167042,1
167043,0
167045,1
167046,1
167048,1
167054,1
167058,0
167059,1
167062,1
167064,0
167065,1
167066,1
167072,1
167073,1
167080,0
167085,0
167088,0
167090,1
167093,0
167094,1
167095,1
167096,0
167100,0
167101,1
167107,1
167108,1
167110,0
167111,0
167113,0
167117,1
167121,0
167122,1
167127,1
167129,1
167130,1
167132,0
167134,1
167136,0
167140,1
167141,1
167143,1
167148,1
167151,1
167155,0
167156,0
167158,1
167161,1
167162,0
167167,1
167170,1
167174,0
167177,0
167182,0
167184,1
167186,0
167188,0
167191,1
167193,0
167196,0
167198,1
167200,1
167201,1
167202,1
167205,1
167206,1
167207,1
167210,1
167212,1
167215,1
167218,0
167225,0
167226,0
167227,0
167232,1
167234,1
167236,0
167237,1
167240,1
167241,1
167251,1
167252,1
167255,0
167259,0
167260,0
167264,1
167268,1
167271,1
167274,1
167275,0
167277,0
167278,0
167284,1
167286,0
167289,0
167290,0
167291,0
167294,0
167299,1
167300,1
167302,1
167304,1
167307,1
167308,1
167310,0
167311,1
167312,1
167315,0
167316,1
167319,1
167321,0
167322,1
167325,0
167326,0
167329,1
167330,0
167331,1
167332,0
167337,1
167338,0
167339,0
167340,1
167343,1
167348,0
167349,1
167351,0
167355,1
167359,0
167361,1
167368,0
167369,0
167371,0
167375,1
167377,1
167381,1
167382,1
167386,1
167390,1
167391,0
167395,0
167396,0
167398,0
167400,1
167406,0
167410,1
167412,1
167414,1
167415,0
167418,1
167419,0
167421,1
167422,1
167423,0
167427,1
167430,0
167431,1
167432,1
167434,0
167441,0
167442,1
167444,1
167445,1
167451,1
167452,0
167453,0
167454,0
167455,0
167458,0
167460,0
167463,0
167464,1
167466,1
167470,0
167474,0
167478,1
167481,0
167483,0
167484,0
167486,1
167488,0
167489,1
167493,0
167499,0
167500,0
167501,0
167505,0
167507,0
167513,0
167514,0
167515,1
167517,0
167519,1
167520,1
167521,1
167522,1
167526,0
167527,0
167528,0
167531,1
167533,0
167534,0
167539,0
167540,1
167543,0
167544,1
167545,1
167547,0
167548,1
167549,1
167552,0
167558,1
167559,0
167561,0
167562,0
167563,1
167564,0
167568,1
167577,0
167579,0
167580,1
167583,0
167584,1
167585,0
167587,0
167589,0
167591,0
167595,0
167596,1
167597,0
167599,0
167600,1
167601,0
167603,0
167604,0
167605,0
167609,1
167611,0
167613,1
167614,0
167615,0
167616,1
167617,0
167620,0
167622,0
167623,0
167624,1
167630,0
167632,1
167638,0
167642,1
167643,0
167648,0
167650,0
167651,1
167653,1
167658,0
167659,0
167660,1
167666,1
167669,1
167676,0
167682,0
167683,0
167685,0
167686,0
167689,1
167691,0
167693,0
167695,0
167696,0
167698,0
167700,0
167701,1
167703,1
167704,1
167705,0
167714,1
167715,0
167717,1
167718,0
167719,0
167720,1
167722,1
167728,1
167732,1
167737,1
167739,1
167741,0
167742,1
167743,0
167746,0
167749,1
167751,0
167752,1
167756,0
167757,1
167758,0
167759,0
167761,0
167767,1
167768,1
167771,0
167772,0
167773,0
167780,0
167781,1
167790,0
167795,0
167796,0
167797,1
167801,1
167802,1
167807,0
167815,1
167817,1
167818,0
167820,1
167831,0
167834,1
167840,0
167842,1
167843,0
167849,0
167850,0
167853,0
167854,0
167855,0
167859,1
167862,1
167863,1
167866,0
167867,0
167868,0
167869,0
167872,0
167875,0
167879,0
167883,0
167884,1
167887,0
167889,1
167890,1
167892,1
167893,0
167897,0
167901,0
167902,0
167904,0
167906,1
167907,1
167911,0
167917,1
167918,0
167920,1
167923,1
167927,0
167928,0
167929,1
167932,1
167936,1
167939,1
167943,0
167944,1
167945,0
167948,0
167950,0
167952,0
167953,1
167954,1
167955,1
167959,0
167967,0
167969,0
167971,0
167972,1
167973,0
167983,0
167985,0
167986,0
167990,0
167993,1
167996,1
167998,0
168002,1
168004,1
168006,1
168011,0
168019,0
168021,1
168022,0
168024,0
168026,1
168027,0
168030,0
168035,1
168036,1
168040,1
168046,1
168049,0
168053,1
168056,1
168058,0
168061,1
168063,1
168067,0
168068,0
168070,0
168071,1
168073,0
168074,1
168076,1
168079,0
168084,0
168085,0
168086,0
168087,0
168088,1
168091,1
168093,0
168098,1
168104,0
168107,0
168109,1
168110,0
168116,1
168118,1
168119,1
168123,0
168126,0
168127,1
168128,1
168129,0
168130,0
168132,0
168134,0
168138,0
168141,0
168144,1
168145,0
168146,1
168152,0
168154,0
168158,0
168159,1
168161,0
168162,0
168173,1
168179,0
168182,0
168184,0
168192,1
168193,0
168198,0
168199,1
168202,0
168205,0
168206,0
168207,1
168210,0
168211,0
168212,1
168215,0
168216,0
168217,0
168218,0
168219,1
168220,0
168221,0
168223,1
168225,0
168230,1
168232,1
168233,1
168239,0
168244,0
168245,0
168246,1
168248,0
168253,1
168255,1
168257,0
168258,0
168260,0
168263,1
168264,0
168271,0
168275,0
168276,0
168279,1
168280,1
168281,0
168283,0
168286,0
168287,1
168288,0
168292,1
168298,0
168300,1
168301,0
168304,0
168305,0
168307,0
168309,1
168313,0
168319,1
168320,0
168322,1
168323,0
168324,0
168326,0
168329,0
168330,1
168332,0
168333,1
168334,0
168337,1
168341,1
168342,0
168343,0
168349,0
168351,1
168353,1
168354,0
168355,0
168358,1
168359,1
168362,0
168366,1
168373,0
168374,0
168375,0
168377,1
168380,0
168382,1
168388,0
168389,0
168391,1
168392,0
168393,1
168399,0
168400,1
168405,1
168410,1
168414,0
168415,1
168416,1
168418,0
168420,0
168423,0
168425,0
168426,1
168429,1
168430,1
168431,1
168437,1
168438,0
168439,1
168440,0
168443,1
168444,0
168446,1
168447,1
168452,0
168454,0
168455,0
168456,0
168457,0
168461,1
168464,0
168466,0
168467,0
168472,0
168475,1
168477,0
168479,0
168485,0
168488,0
168489,0
168492,0
168494,0
168495,0
168497,1
168501,1
168504,1
168512,1
168515,0
168520,0
168522,1
168523,0
168525,0
168526,0
168533,0
168534,0
168539,1
168540,0
168544,0
168545,1
168547,1
168549,0
168555,0
168556,0
168559,0
168561,0
168562,0
168567,0
168568,0
168573,0
168579,1
168583,0
168585,0
168586,1
168593,1
168594,1
168597,0
168599,1
168600,0
168601,1
168604,0
168605,0
168609,0
168613,1
168614,0
168616,1
168617,0
168620,1
168621,1
168626,0
168629,1
168630,0
168632,0
168636,1
168637,1
168640,0
168644,0
168646,0
168648,1
168651,0
168653,1
168654,0
168655,1
168658,1
168663,0
168664,1
168665,1
168667,0
168672,0
168677,0
168683,0
168687,0
168688,0
168691,1
168696,0
168697,0
168698,1
168700,0
168702,0
168703,0
168708,0
168709,0
168711,1
168713,0
168715,1
168723,1
168730,1
168734,0
168735,1
168736,0
168737,0
168739,1
168740,1
168741,1
168742,1
168744,0
168746,0
168747,1
168748,0
168751,0
168752,1
168753,0
168754,0
168755,1
168758,0
168760,1
168762,0
168764,0
168765,0
168768,1
168773,0
168774,1
168775,0
168777,1
168779,1
168783,0
168785,1
168787,1
168788,0
168790,1
168793,1
168795,0
168804,0
168808,0
168809,1
168815,0
168816,1
168817,1
168819,0
168820,1
168822,1
168823,1
168824,0
168827,1
168832,1
168834,1
168840,0
168841,0
168842,1
168847,1
168849,0
168853,0
168855,1
168857,0
168860,0
168863,1
168868,0
168869,0
168874,0
168875,0
168878,1
168880,0
168882,0
168887,0
168891,0
168893,1
168894,1
168898,1
168899,0
168901,0
168905,0
168908,1
168909,0
168911,1
168912,1
168916,0
168918,0
168921,1
168924,0
168932,0
168933,1
168937,1
168938,0
168939,1
168942,0
168943,1
168946,0
168948,1
168949,0
168955,0
168956,0
168958,0
168964,0
168969,1
168971,1
168973,0
168975,1
168976,0
168977,0
168978,0
168982,0
168987,0
168989,0
168990,1
168991,1
168992,1
168996,1
168998,1
169000,1
169001,1
169004,0
169005,0
169006,1
169007,1
169009,0
169011,0
169013,1
169017,1
169021,0
169023,1
169026,1
169027,1
169032,1
169034,0
169036,1
169037,1
169038,1
169042,1
169043,1
169044,1
169046,0
169049,0
169051,0
169057,1
169059,0
169066,1
169067,0
169068,0
169075,0
169076,0
169077,0
169078,0
169079,1
169083,1
169088,1
169091,1
169092,0
169094,0
169095,1
169098,1
169099,1
169101,0
169103,1
169105,1
169107,1
169108,0
169109,0
169112,0
169113,0
169119,0
169126,0
169127,0
169128,0
169130,0
169132,1
169133,0
169136,1
169140,1
169145,1
169146,0
169149,0
169151,1
169152,1
169154,0
169158,0
169165,1
169170,0
169172,1
169173,1
169174,1
169175,1
169181,0
169182,0
169188,1
169189,1
169190,1
169191,1
169196,0
169198,1
169202,1
169204,0
169207,1
169211,1
169213,0
169216,0
169225,1
169226,0
169230,1
169231,1
169234,0
169235,1
169237,0
169246,0
169248,0
169251,0
169252,1
169253,0
169255,1
169256,1
169258,1
169260,0
169262,0
169263,1
169266,1
169270,0
169272,1
169274,1
169275,1
169279,1
169280,0
169283,0
169287,1
169288,0
169290,0
169291,0
169292,1
169295,1
169297,1
169302,0
169306,1
169308,0
169309,1
169311,0
169313,1
169317,1
169324,1
169328,1
169330,1
169332,1
169336,0
169338,0
169339,0
169340,1
169341,0
169342,0
169343,0
169344,0
169346,0
169349,1
169357,0
169359,1
169361,0
169364,1
169366,0
169372,1
169373,1
169374,1
169375,0
169377,0
169381,0
169382,0
169385,1
169386,1
169387,0
169391,1
169393,1
169394,0
169395,1
169398,0
169399,0
169401,1
169402,0
169406,1
169408,0
169411,0
169412,0
169415,1
169418,0
169423,0
169424,1
169426,1
169427,1
169430,0
169431,0
169432,0
169433,0
169434,1
169437,0
169438,0
169445,1
169446,1
169447,1
169448,1
169450,1
169454,1
169455,1
169459,0
169461,0
169462,0
169464,0
169465,0
169469,1
169470,0
169475,0
169476,1
169477,1
169478,1
169482,0
169485,1
169486,0
169488,1
169497,0
169500,1
169502,1
169506,0
169507,1
169509,0
169510,0
169514,1
169518,0
169519,1
169525,0
169528,0
169529,1
169532,1
169535,0
169540,0
169542,1
169544,1
169545,0
169547,1
169548,0
169552,1
169553,1
169554,0
169555,0
169556,0
169560,1
169562,1
169564,1
169565,0
169568,1
169573,0
169574,1
169575,0
169577,0
169580,0
169581,1
169584,1
169589,1
169591,1
169592,1
169593,1
169595,1
169598,1
169604,1
169607,1
169608,0
169615,0
169619,0
169620,1
169622,1
169623,0
169625,1
169627,0
169631,0
169632,0
169633,1
169652,0
169653,0
169654,0
169655,0
169659,0
169661,1
169662,0
169663,0
169664,1
169665,0
169667,0
169669,1
169675,1
169677,0
169679,1
169681,1
169687,0
169688,0
169689,0
169691,1
169692,0
169698,0
169699,0
169700,0
169705,0
169707,0
169710,1
169715,0
169723,0
169724,0
169728,0
169729,0
169730,1
169735,1
169743,1
169744,1
169747,0
169748,1
169749,0
169750,0
169752,0
169762,1
169763,1
169765,1
169766,0
169768,1
169777,1
169778,1
169783,0
169786,1
169789,0
169791,1
169793,0
169794,0
169797,1
169801,0
169806,0
169807,1
169808,1
169811,0
169815,1
169817,1
169820,1
169824,1
169825,0
169831,1
169833,0
169834,1
169838,0
169840,1
169843,1
169847,0
169848,0
169849,1
169851,0
169852,0
169854,1
169860,1
169861,0
169865,0
169866,1
169867,1
169877,0
169880,1
169884,1
169887,0
169890,0
169891,0
169894,1
169897,1
169898,1
169899,0
169903,0
169906,1
169908,0
169909,0
169911,0
169912,0
169914,1
169915,1
169917,0
169925,0
169926,0
169930,0
169932,1
169934,1
169935,0
169939,1
169941,0
169942,1
169943,0
169944,1
169945,1
169947,0
169948,1
169951,1
169953,1
169958,1
169959,0
169965,0
169967,1
169970,1
169974,0
169975,0
169978,1
169979,1
169981,1
169982,0
169984,0
169986,1
169988,0
169989,1
169990,0
169991,1
169992,1
169997,1
169998,0
170001,1
170006,0
170015,0
170019,0
170020,0
170022,0
170023,0
170025,1
170027,0
170028,1
170031,1
170035,0
170039,1
170041,0
170044,0
170045,1
170047,0
170049,1
170052,0
170055,1
170057,1
170060,1
170061,0
170063,0
170065,1
170072,1
170073,0
170074,1
170076,1
170077,1
170078,0
170079,0
170085,0
170088,1
170089,0
170092,0
170095,1
170096,1
170097,1
170098,1
170101,0
170102,1
170103,0
170108,0
170116,1
170119,0
170120,1
170122,0
170124,0
170128,1
170134,1
170135,0
170136,0
170140,0
170144,1
170147,1
170149,0
170151,1
170152,0
170155,1
170158,1
170160,1
170166,0
170167,0
170168,0
170171,0
170173,1
170175,1
170176,1
170177,0
170178,0
170179,0
170182,1
170183,1
170185,1
170188,1
170192,1
170194,0
170197,0
170198,1
170200,0
170201,0
170203,0
170206,0
170210,1
170211,0
170217,1
170219,1
170221,0
170222,1
170227,0
170228,1
170230,1
170232,0
170233,0
170234,1
170235,1
170236,1
170237,0
170239,0
170242,1
170245,0
170246,0
170247,0
170250,1
170254,1
170256,0
170258,0
170261,0
170263,0
170266,1
170275,0
170277,0
170280,0
170282,1
170283,0
170290,1
170295,0
170297,0
170299,0
170304,1
170305,0
170309,0
170310,0
170312,0
170315,1
170317,1
170318,0
170319,0
170320,0
170321,0
170323,0
170327,0
170334,1
170335,0
170336,0
170339,1
170348,0
170351,0
170363,0
170367,0
170370,1
170373,0
170380,1
170385,1
170388,0
170390,1
170391,0
170395,1
170396,0
170397,0
170398,0
170402,1
170404,0
170405,0
170406,0
170407,0
170408,0
170411,0
170412,1
170415,0
170416,0
170417,1
170419,1
170420,1
170421,0
170426,0
170428,1
170429,1
170436,0
170437,1
170445,0
170447,1
170448,1
170450,0
170451,1
170452,0
170453,0
170454,1
170455,0
170456,0
170459,0
170460,1
170462,1
170463,0
170465,1
170469,1
170471,1
170472,0
170478,1
170479,0
170483,0
170484,1
170486,0
170488,0
170493,0
170494,0
170495,1
170498,0
170504,0
170506,0
170508,0
170509,0
170513,1
170515,0
170517,0
170519,0
170522,0
170524,0
170526,0
170527,1
170528,0
170533,0
170535,1
170536,0
170539,1
170544,1
170545,0
170547,1
170548,0
170552,0
170553,1
170554,0
170556,1
170557,0
170560,0
170563,0
170564,0
170567,1
170568,1
170569,0
170578,1
170580,1
170581,1
170583,1
170584,1
170591,1
170592,0
170594,0
170599,0
170600,1
170603,1
170604,0
170606,0
170608,0
170609,0
170611,0
170612,1
170613,0
170620,0
170621,0
170622,0
170626,1
170631,0
170632,0
170633,1
170641,1
170642,0
170643,0
170646,0
170647,0
170650,0
170651,1
170654,0
170655,0
170657,1
170658,0
170659,0
170660,0
170662,1
170667,0
170673,0
170674,1
170675,0
170676,1
170677,0
170679,0
170680,1
170682,1
170684,0
170685,1
170687,0
170688,0
170690,1
170693,0
170701,0
170704,1
170705,1
170709,0
170711,0
170713,0
170718,0
170725,0
170727,1
170728,1
170731,0
170732,0
170733,1
170737,1
170741,0
170742,1
170745,0
170746,0
170750,1
170752,0
170753,0
170757,0
170759,1
170760,1
170766,0
170769,0
170770,0
170776,0
170778,0
170779,0
170780,1
170782,1
170784,1
170786,0
170787,1
170788,0
170790,1
170791,0
170793,0
170795,1
170799,1
170805,0
170807,1
170810,0
170811,0
170816,0
170817,0
170818,0
170823,0
170828,0
170829,0
170835,1
170836,1
170839,1
170842,0
170843,0
170845,0
170846,0
170847,0
170848,0
170861,0
170863,1
170868,0
170870,0
170871,1
170873,1
170879,0
170882,0
170889,0
170891,0
170894,1
170899,0
170900,0
170901,0
170902,1
170913,1
170915,0
170916,0
170918,1
170921,0
170923,1
170924,0
170927,0
170928,0
170929,0
170932,0
170934,1
170936,0
170940,0
170941,0
170943,0
170947,1
170948,0
170949,0
170950,0
170953,0
170955,0
170957,0
170962,0
170965,0
170970,0
170971,1
170973,0
170974,1
170975,0
170976,0
170979,0
170980,1
170983,1
170987,0
170989,1
170990,0
170993,0
170994,0
170995,1
171000,0
171001,1
171006,1
171009,1
171012,0
171014,0
171016,1
171017,1
171019,1
171022,1
171023,1
171024,1
171027,1
171029,1
171030,0
171035,0
171036,0
171038,1
171039,1
171040,0
171041,1
171042,0
171043,0
171044,1
171048,1
171056,1
171057,1
171059,0
171060,0
171062,1
171066,0
171067,0
171069,0
171075,1
171082,0
171084,0
171086,0
171087,1
171091,1
171092,1
171093,0
171094,1
171096,1
171098,0
171099,1
171101,1
171102,0
171107,0
171108,1
171113,0
171115,1
171116,0
171122,0
171123,0
171127,0
171129,1
171130,1
171132,1
171133,1
171136,1
171140,1
171142,0
171143,1
171144,1
171145,1
171148,0
171149,0
171150,1
171158,1
171160,1
171163,1
171165,0
171173,0
171174,1
171178,0
171182,1
171184,0
171185,0
171186,1
171199,1
171201,0
171202,0
171207,0
171210,0
171212,1
171213,1
171214,0
171216,1
171217,0
171220,0
171221,0
171222,1
171224,0
171225,1
171233,0
171234,0
171237,0
171241,0
171242,0
171243,1
171246,1
171248,0
171249,0
171250,0
171253,0
171255,0
171256,1
171262,0
171264,0
171267,0
171270,1
171272,0
171273,1
171274,0
171275,0
171276,0
171277,1
171278,0
171279,1
171280,0
171283,1
171285,0
171289,0
171290,0
171292,0
171294,0
171296,0
171300,0
171302,1
171303,1
171310,0
171311,0
171312,1
171314,0
171316,0
171319,1
171320,0
171324,0
171327,1
171331,0
171332,0
171333,0
171334,1
171336,1
171337,0
171338,0
171339,0
171341,1
171343,1
171345,1
171347,1
171349,1
171350,0
171354,1
171356,0
171357,0
171358,1
171359,0
171360,0
171361,0
171363,0
171364,1
171366,1
171370,0
171371,0
171374,0
171375,1
171376,1
171377,1
171382,0
171388,0
171392,1
171394,0
171396,0
171397,0
171399,0
171402,0
171405,1
171411,0
171415,0
171418,0
171419,0
171421,1
171422,0
171426,0
171428,1
171429,1
171430,0
171440,1
171441,0
171443,0
171445,1
171451,1
171456,0
171457,0
171467,0
171468,0
171469,0
171470,0
171473,1
171475,1
171479,0
171480,0
171482,1
171483,1
171484,1
171492,0
171494,0
171497,1
171500,1
171503,1
171504,1
171507,0
171509,1
171516,1
171518,0
171520,0
171522,0
171523,0
171528,1
171535,1
171537,0
171538,0
171539,0
171546,1
171547,1
171548,0
171550,0
171552,0
171554,0
171556,0
171557,0
171558,0
171559,1
171560,0
171562,0
171565,1
171567,1
171568,1
171569,1
171570,0
171571,0
171573,1
171576,0
171584,0
171585,1
171589,1
171591,0
171601,1
171606,0
171608,0
171611,0
171614,0
171617,1
171627,0
171628,0
171632,0
171639,0
171640,0
171642,0
171647,1
171648,0
171650,0
171652,0
171653,0
171657,1
171658,1
171659,1
171661,0
171663,0
171669,1
171672,0
171673,0
171676,0
171679,1
171689,0
171690,0
171691,0
171697,0
171698,0
171703,1
171708,0
171709,0
171716,1
171718,0
171719,0
171731,1
171732,0
171738,0
171739,0
171740,1
171741,0
171742,0
171745,1
171746,0
171747,0
171748,1
171749,0
171752,0
171755,0
171756,0
171759,1
171760,1
171761,0
171762,0
171766,0
171771,1
171774,0
171776,1
171777,0
171780,0
171781,1
171782,0
171784,0
171785,1
171786,0
171791,0
171793,1
171794,0
171795,0
171799,1
171802,1
171807,1
171808,0
171809,0
171810,0
171811,0
171814,1
171815,1
171816,0
171818,0
171819,0
171821,1
171822,1
171825,0
171826,0
171827,0
171828,1
171829,0
171832,0
171833,1
171837,0
171838,0
171840,1
171842,0
171843,1
171844,1
171845,1
171846,1
171847,1
171848,1
171852,1
171853,0
171855,0
171858,0
171864,0
171865,0
171866,0
171868,1
171874,0
171876,0
171877,1
171879,1
171880,1
171881,1
171882,0
171888,1
171890,1
171892,1
171893,1
171900,0
171901,1
171902,0
171903,0
171907,0
171911,1
171912,1
171914,0
171915,1
171916,1
171918,0
171919,1
171922,0
171929,0
171934,0
171935,0
171937,1
171938,1
171939,0
171943,0
171944,1
171946,0
171947,0
171948,0
171950,1
171951,0
171960,1
171961,0
171962,1
171967,0
171976,0
171977,0
171979,0
171981,0
171985,1
171989,1
171990,0
171992,0
171998,0
172001,0
172002,0
172004,1
172005,0
172007,1
172011,0
172012,0
172015,1
172016,1
172017,0
172019,0
172021,0
172024,1
172025,0
172026,1
172027,0
172031,0
172033,0
172034,0
172035,1
172038,0
172039,0
172040,1
172042,1
172043,1
172048,0
172049,0
172050,0
172053,1
172055,0
172056,1
172059,0
172060,0
172061,0
172062,0
172065,0
172066,0
172069,0
172070,0
172075,0
172080,0
172081,1
172082,1
172084,0
172086,0
172094,0
172095,0
172096,1
172098,0
172099,1
172103,0
172107,0
172109,1
172116,0
172117,0
172120,0
172125,1
172130,0
172135,0
172142,0
172144,1
172146,0
172149,0
172152,1
172160,1
172161,0
172162,0
172164,0
172165,0
172167,0
172168,1
172171,0
172174,0
172175,0
172179,0
172180,1
172181,0
172182,0
172185,0
172189,0
172194,1
172197,0
172198,0
172207,0
172208,1
172212,1
172215,1
172216,0
172225,1
172226,0
172227,0
172228,1
172229,0
172231,1
172233,0
172234,0
172235,1
172236,1
172239,1
172240,1
172241,1
172243,0
172244,1
172245,1
172249,0
172250,0
172254,0
172256,0
172261,0
172263,0
172264,1
172272,0
172275,0
172276,0
172277,1
172278,1
172281,0
172285,0
172288,1
172293,0
172294,1
172299,0
172300,1
172305,0
172307,0
172308,1
172310,0
172319,0
172322,1
172328,1
172330,1
172332,1
172337,0
172339,0
172341,0
172349,1
172353,1
172358,1
172359,0
172360,1
172363,0
172364,1
172368,1
172369,1
172370,0
172376,1
172379,0
172382,0
172383,0
172388,1
172389,0
172392,1
172394,0
172400,1
172402,0
172404,1
172406,0
172408,1
172409,0
172412,0
172415,0
172416,0
172418,0
172419,1
172421,1
172423,1
172425,0
172427,0
172428,0
172430,0
172432,1
172434,0
172435,0
172436,0
172447,1
172449,1
172450,0
172454,0
172455,1
172456,1
172459,1
172460,0
172462,0
172464,1
172467,0
172468,0
172469,1
172470,0
172472,0
172475,1
172476,1
172480,0
172481,1
172482,1
172483,0
172484,1
172486,0
172487,0
172488,1
172489,0
172493,1
172495,0
172503,0
172504,0
172505,1
172506,1
172507,0
172510,0
172513,0
172514,1
172515,1
172520,0
172523,1
172526,0
172527,0
172528,0
172536,1
172537,0
172542,0
172543,1
172544,1
172545,0
172552,0
172553,1
172554,1
172555,1
172557,0
172560,0
172561,1
172562,0
172563,0
172565,1
172568,0
172570,0
172576,0
172577,1
172598,1
172600,1
172602,0
172603,0
172605,0
172608,1
172609,0
172610,0
172612,0
172613,0
172615,0
172616,0
172620,1
172624,0
172626,0
172628,0
172629,0
172630,1
172633,0
172635,1
172637,0
172640,1
172641,0
172642,1
172643,0
172644,1
172649,0
172651,0
172655,0
172656,0
172658,1
172661,0
172663,1
172665,1
172669,0
172672,1
172673,1
172681,1
172682,0
172686,0
172687,1
172688,1
172690,0
172692,1
172693,1
172696,0
172697,0
172704,1
172709,0
172710,0
172713,1
172714,0
172715,0
172717,0
172720,0
172722,0
172727,0
172728,1
172729,1
172732,0
172733,0
172737,1
172741,0
172742,1
172744,0
172745,0
172748,1
172751,0
172758,0
172763,1
172764,1
172766,1
172768,0
172771,0
172773,1
172774,1
172780,1
172782,1
172785,0
172786,1
172788,0
172791,0
172793,0
172795,0
172796,1
172798,1
172802,0
172804,1
172806,1
172808,0
172815,1
172820,0
172821,1
172827,0
172830,1
172831,0
172835,1
172837,0
172840,0
172841,1
172846,0
172847,0
172848,0
172851,0
172852,1
172854,0
172855,1
172856,0
172862,0
172863,1
172865,1
172868,0
172871,1
172875,1
172877,0
172880,0
172881,0
172883,1
172884,0
172886,0
172887,0
172889,0
172890,0
172891,0
172894,0
172896,0
172897,1
172898,0
172901,1
172904,0
172908,0
172911,0
172912,1
172914,0
172915,0
172917,0
172920,0
172922,0
172923,1
172924,0
172925,1
172927,1
172930,0
172935,1
172937,1
172939,0
172942,0
172947,1
172949,0
172950,1
172951,1
172952,1
172953,0
172955,1
172958,0
172969,1
172972,0
172973,1
172974,0
172977,1
172984,0
172986,0
172988,1
172991,1
172992,1
172995,0
172998,0
173000,1
173002,0
173003,0
173004,1
173006,1
173010,0
173011,1
173013,1
173018,1
173019,0
173020,0
173021,0
173023,0
173026,1
173027,1
173033,1
173039,1
173040,0
173043,1
173045,1
173048,0
173052,0
173054,1
173055,1
173056,0
173057,1
173058,0
173059,0
173060,1
173062,0
173065,0
173066,0
173067,0
173069,0
173070,1
173074,1
173076,1
173080,0
173081,1
173087,0
173088,1
173091,0
173092,1
173093,1
173094,0
173097,1
173099,1
173102,1
173103,0
173105,0
173109,1
173111,1
173113,0
173119,1
173122,1
173123,0
173124,0
173128,1
173131,0
173133,0
173134,0
173135,1
173136,1
173137,1
173140,1
173141,1
173144,1
173147,1
173149,0
173152,1
173160,0
173161,0
173165,1
173166,1
173167,1
173172,1
173176,0
173178,0
173180,0
173184,1
173188,1
173189,0
173193,0
173197,1
173200,1
173201,1
173202,1
173216,1
173222,0
173224,1
173226,1
173231,0
173232,1
173233,0
173235,1
173237,0
173238,1
173243,1
173245,1
173246,1
173249,0
173259,1
173261,1
173263,0
173270,0
173271,1
173277,1
173280,1
173282,1
173284,1
173291,0
173294,0
173296,0
173301,0
173302,0
173304,0
173306,1
173307,1
173308,0
173312,1
173314,0
173315,1
173317,1
173318,1
173320,1
173321,0
173323,1
173328,0
173329,0
173330,1
173335,1
173338,1
173340,0
173345,1
173350,0
173354,1
173358,0
173359,1
173362,0
173363,1
173364,1
173367,1
173370,0
173373,0
173375,1
173377,0
173378,1
173380,0
173381,0
173385,1
173386,0
173389,1
173391,1
173392,1
173393,1
173399,1
173402,0
173403,0
173404,0
173407,0
173408,1
173413,1
173415,1
173421,0
173422,1
173425,0
173430,0
173431,0
173437,0
173438,0
173445,1
173448,0
173450,0
173451,1
173453,1
173457,1
173472,0
173474,1
173475,0
173482,1
173490,1
173492,1
173493,0
173495,0
173498,0
173500,1
173502,1
173509,0
173511,1
173515,1
173518,0
173520,1
173521,1
173523,1
173527,1
173533,1
173534,0
173535,1
173536,1
173542,1
173543,1
173545,0
173551,0
173555,1
173559,0
173567,0
173568,1
173569,0
173570,1
173573,0
173574,0
173577,0
173579,0
173581,0
173584,1
173585,1
173589,1
173590,1
173592,0
173593,0
173598,0
173599,0
173601,0
173604,1
173606,1
173608,0
173610,0
173611,1
173614,0
173617,1
173618,1
173619,0
173623,0
173624,0
173625,0
173628,0
173629,0
173630,1
173631,0
173632,0
173636,0
173638,0
173640,0
173641,0
173642,1
173644,1
173648,0
173649,1
173650,1
173653,0
173654,0
173658,0
173659,1
173663,0
173671,1
173672,1
173674,0
173675,0
173680,0
173681,1
173682,0
173684,1
173685,0
173692,0
173693,0
173696,1
173699,1
173700,1
173704,0
173705,0
173706,1
173709,0
173713,0
173715,0
173718,1
173720,1
173725,0
173726,1
173728,0
173729,0
173734,0
173735,1
173736,0
173737,0
173741,0
173742,1
173746,1
173747,1
173752,0
173756,0
173757,0
173758,0
173759,1
173762,0
173766,0
173769,1
173770,0
173775,0
173779,0
173788,1
173789,0
173790,0
173791,0
173793,0
173794,0
173796,1
173800,0
173805,0
173806,0
173807,0
173815,1
173820,1
173821,0
173824,0
173827,0
173829,0
173832,1
173833,0
173836,1
173837,0
173839,0
173847,0
173849,0
173850,1
173853,0
173856,1
173859,0
173862,1
173865,1
173870,1
173871,0
173873,0
173876,1
173880,0
173881,0
173882,1
173883,0
173888,0
173890,1
173891,0
173896,0
173897,0
173899,0
173900,1
173904,1
173905,0
173916,0
173922,1
173925,1
173926,0
173928,0
173929,1
173930,0
173932,1
173934,0
173940,0
173941,0
173951,1
173956,0
173957,0
173958,1
173960,0
173962,0
173963,0
173965,0
173966,0
173967,0
173968,0
173971,0
173975,0
173976,1
173977,1
173978,0
173980,0
173986,1
173987,0
173993,1
173995,0
173996,0
174000,1
174002,1
174003,1
174007,1
174009,1
174011,1
174014,1
174015,1
174019,1
174020,0
174021,0
174026,1
174033,0
174035,0
174036,0
174037,0
174039,0
174043,1
174050,1
174055,1
174061,1
174067,0
174068,0
174069,0
174072,0
174075,0
174080,0
174086,1
174090,1
174091,1
174093,1
174094,0
174095,0
174096,0
174104,0
174106,0
174107,0
174111,1
174116,1
174118,1
174119,1
174122,1
174127,0
174131,0
174133,0
174137,0
174138,1
174141,0
174144,0
174145,0
174149,0
174153,1
174154,1
174155,1
174156,0
174165,1
174166,0
174167,0
174177,1
174179,0
174187,0
174189,1
174193,1
174197,1
174198,0
174199,0
174200,0
174203,0
174204,0
174208,0
174217,0
174219,1
174220,1
174224,1
174227,0
174230,1
174234,0
174235,0
174240,0
174241,1
174245,0
174248,0
174250,1
174251,1
174255,0
174256,0
174257,1
174259,1
174261,1
174262,0
174264,1
174265,1
174266,1
174274,0
174275,0
174276,0
174280,0
174281,0
174282,0
174283,0
174284,0
174285,1
174287,0
174288,0
174289,0
174294,0
174298,0
174304,0
174306,0
174316,1
174317,0
174319,1
174322,0
174327,0
174329,0
174332,0
174334,0
174337,1
174340,1
174346,1
174350,1
174352,0
174353,1
174355,1
174358,0
174362,0
174363,1
174367,1
174368,1
174374,1
174375,1
174378,0
174380,0
174388,0
174391,0
174392,1
174395,1
174396,0
174399,0
174400,0
174401,1
174402,1
174405,0
174414,1
174426,0
174427,1
174431,1
174432,0
174433,1
174438,0
174439,0
174444,0
174445,1
174447,0
174449,0
174452,1
174454,0
174455,0
174457,1
174458,0
174460,0
174461,1
174467,1
174468,1
174469,1
174470,0
174475,0
174476,1
174478,1
174481,1
174483,0
174485,1
174486,0
174488,0
174492,0
174495,0
174496,0
174497,0
174500,0
174505,1
174506,0
174507,1
174508,0
174509,1
174511,1
174512,1
174514,1
174516,0
174517,1
174521,0
174523,0
174524,1
174527,0
174528,0
174529,0
174533,1
174534,1
174537,0
174538,1
174540,0
174541,1
174543,1
174544,1
174545,0
174546,1
174550,1
174551,1
174553,0
174555,0
174563,0
174564,1
174566,1
174568,0
174571,1
174572,0
174573,1
174580,0
174584,0
174587,1
174588,0
174591,0
174598,0
174600,1
174601,1
174602,0
174604,0
174606,0
174611,0
174614,1
174615,1
174620,0
174622,1
174628,0
174630,1
174632,1
174635,1
174636,1
174637,1
174639,0
174641,0
174642,1
174643,0
174645,0
174646,1
174647,0
174650,1
174652,0
174655,1
174658,0
174661,1
174671,0
174672,1
174674,0
174676,1
174678,0
174679,1
174683,0
174688,0
174692,1
174693,1
174695,1
174697,1
174700,1
174706,0
174708,0
174709,0
174710,0
174711,1
174712,0
174714,0
174715,0
174716,1
174723,0
174725,0
174726,0
174728,1
174729,0
174732,1
174733,1
174735,0
174741,0
174744,0
174747,1
174751,0
174753,0
174758,0
174759,0
174761,0
174762,0
174764,0
174765,1
174768,0
174769,0
174770,0
174771,0
174775,0
174778,0
174779,1
174783,1
174786,0
174788,0
174789,0
174790,1
174793,1
174797,0
174800,0
174804,0
174806,1
174809,1
174811,0
174814,1
174815,0
174816,1
174817,1
174819,0
174820,0
174822,1
174823,1
174826,1
174827,0
174828,0
174831,0
174832,1
174834,1
174836,1
174837,0
174838,1
174840,0
174843,1
174844,1
174846,1
174847,1
174848,0
174850,1
174852,0
174854,1
174855,1
174857,1
174858,0
174860,1
174863,0
174864,1
174866,0
174870,1
174873,1
174880,1
174881,1
174885,1
174889,0
174899,1
174901,0
174902,0
174903,1
174904,1
174907,1
174908,0
174909,0
174914,0
174916,0
174919,1
174920,0
174921,0
174922,0
174925,0
174926,0
174930,0
174937,0
174940,0
174941,0
174943,0
174944,1
174945,1
174946,0
174949,1
174952,1
174953,0
174954,1
174956,1
174957,1
174959,1
174960,1
174962,1
174964,0
174966,0
174967,1
174968,0
174969,1
174972,1
174975,0
174976,0
174977,0
174981,0
174983,1
174984,1
174991,0
174992,1
174993,1
174994,0
174995,1
174997,0
174998,0
174999,0
175000,1
175002,0
175005,0
175006,1
175009,1
175010,0
175012,0
175013,0
175016,0
175019,1
175021,1
175024,0
175025,1
175027,0
175032,0
175034,0
175035,1
175036,0
175037,1
175038,0
175039,1
175040,1
175046,0
175047,1
175050,0
175051,1
175052,0
175056,1
175058,0
175062,1
175067,1
175069,0
175070,1
175071,0
175072,1
175074,0
175075,1
175079,0
175080,0
175081,1
175082,0
175085,0
175086,1
175088,1
175089,0
175093,1
175095,1
175096,1
175098,1
175100,0
175101,1
175103,0
175108,0
175114,0
175115,0
175116,1
175118,1
175119,1
175120,0
175121,0
175127,0
175128,0
175129,0
175131,1
175132,0
175136,0
175139,0
175140,1
175145,0
175146,1
175147,0
175149,1
175151,1
175153,0
175154,0
175157,0
175162,0
175163,0
175167,0
175168,1
175172,1
175173,1
175174,1
175175,0
175177,0
175178,0
175189,1
175190,0
175191,0
175192,1
175195,0
175201,0
175203,1
175207,0
175211,0
175213,0
175214,1
175215,0
175216,0
175217,0
175218,1
175223,1
175232,0
175235,0
175236,1
175237,0
175238,1
175239,1
175241,1
175244,1
175245,0
175246,1
175247,0
175250,0
175254,1
175258,1
175262,0
175263,1
175264,0
175267,0
175269,0
175275,1
175277,1
175282,1
175283,0
175284,0
175290,0
175302,0
175304,0
175306,0
175307,1
175308,0
175310,0
175313,1
175316,1
175318,1
175319,1
175320,0
175323,1
175324,0
175327,1
175330,0
175331,0
175332,1
175333,1
175335,0
175340,0
175347,1
175349,0
175351,0
175355,0
175356,1
175360,1
175364,1
175366,1
175367,0
175369,0
175372,0
175374,0
175375,0
175376,0
175378,0
175379,0
175381,1
175382,0
175384,0
175385,0
175386,1
175391,0
175393,0
175398,1
175402,0
175405,0
175408,0
175409,0
175417,0
175418,1
175420,1
175425,1
175426,0
175427,1
175428,1
175431,0
175441,1
175446,1
175447,0
175448,0
175449,0
175450,0
175456,0
175458,0
175465,0
175467,0
175468,0
175470,1
175471,0
175472,1
175473,1
175475,1
175480,0
175487,1
175488,0
175489,0
175490,0
175491,0
175492,0
175494,1
175499,0
175501,0
175504,0
175510,1
175513,1
175514,1
175521,1
175525,1
175529,0
175531,1
175532,0
175533,0
175535,1
175538,1
175539,1
175545,1
175546,0
175548,0
175550,0
175554,1
175558,1
175559,0
175562,0
175563,1
175565,0
175568,1
175572,1
175574,0
175575,0
175576,0
175579,0
175582,0
175583,1
175584,0
175585,0
175587,0
175588,1
175589,0
175590,0
175591,0
175593,0
175595,0
175596,0
175598,0
175605,0
175608,1
175610,0
175612,1
175614,0
175618,0
175620,1
175621,1
175622,0
175625,0
175628,1
175630,0
175634,0
175635,1
175636,0
175637,0
175641,0
175643,0
175644,0
175645,0
175649,0
175651,0
175652,1
175653,1
175656,0
175658,1
175659,0
175661,1
175663,1
175664,1
175666,0
175667,0
175669,0
175670,0
175671,0
175672,0
175679,0
175683,1
175687,0
175690,0
175692,1
175698,1
175699,0
175703,0
175704,1
175708,0
175711,0
175712,0
175716,0
175717,0
175718,0
175719,0
175721,0
175722,1
175723,0
175724,1
175727,0
175728,0
175729,0
175734,1
175740,1
175742,1
175744,0
175746,1
175749,0
175750,1
175752,1
175753,0
175754,0
175755,0
175757,1
175758,0
175759,0
175763,1
175764,1
175770,0
175771,0
175772,0
175774,0
175775,0
175777,1
175780,0
175783,1
175784,0
175788,0
175794,1
175795,0
175797,0
175798,0
175799,0
175801,0
175804,0
175805,0
175811,0
175813,0
175818,1
175822,0
175825,1
175827,1
175830,0
175831,1
175835,1
175836,0
175837,1
175838,0
175839,1
175840,0
175842,0
175843,1
175845,0
175852,0
175856,1
175862,1
175863,0
175864,1
175865,0
175866,1
175867,0
175869,1
175871,0
175876,0
175878,1
175879,1
175881,0
175883,0
175885,0
175888,1
175889,0
175893,0
175894,1
175897,0
175898,0
175900,1
175906,0
175911,1
175918,1
175919,0
175922,0
175923,0
175929,1
175931,0
175937,1
175939,0
175940,1
175946,0
175947,1
175948,0
175950,1
175952,0
175953,1
175955,0
175961,0
175962,1
175967,0
175968,1
175974,0
175977,0
175978,1
175982,1
175986,1
175987,0
175990,1
175992,0
175995,1
175996,0
175997,1
176004,1
176007,1
176008,1
176010,1
176011,1
176012,0
176015,0
176016,0
176017,0
176018,0
176021,1
176026,0
176027,0
176030,0
176033,1
176035,1
176036,1
176037,0
176042,0
176043,1
176044,0
176045,0
176046,1
176048,1
176049,0
176062,0
176063,1
176065,0
176069,1
176072,0
176077,0
176078,1
176080,0
176083,0
176084,0
176087,0
176091,1
176092,1
176093,1
176094,1
176095,0
176096,0
176099,0
176101,0
176103,0
176108,0
176115,0
176117,1
176119,0
176120,1
176121,1
176122,0
176125,0
176126,0
176128,0
176129,0
176130,1
176132,0
176134,1
176138,0
176143,1
176144,0
176145,0
176147,0
176149,1
176150,1
176151,1
176153,0
176159,0
176160,0
176162,0
176163,1
176166,0
176170,0
176171,1
176173,1
176176,0
176177,0
176178,1
176180,1
176181,0
176182,0
176184,0
176185,0
176186,1
176187,0
176188,1
176189,1
176190,1
176192,0
176196,1
176198,1
176199,0
176205,0
176206,0
176207,0
176208,1
176209,0
176210,0
176213,1
176217,1
176220,0
176223,1
176226,1
176227,0
176228,0
176231,0
176232,0
176233,0
176235,1
176236,0
176243,0
176247,1
176250,1
176252,1
176257,0
176259,0
176261,1
176262,0
176264,0
176265,0
176266,1
176268,1
176271,0
176278,0
176280,1
176281,1
176283,1
176286,0
176289,0
176290,1
176292,1
176293,0
176296,1
176298,1
176299,1
176303,1
176304,1
176308,1
176310,0
176311,0
176312,0
176314,0
176315,0
176316,0
176317,0
176324,1
176327,0
176328,1
176329,0
176330,1
176331,1
176338,0
176340,1
176343,1
176349,1
176351,0
176356,0
176358,0
176359,1
176360,1
176362,1
176364,1
176365,1
176369,0
176370,0
176371,1
176372,0
176373,0
176374,0
176378,0
176380,0
176387,1
176388,0
176389,0
176390,0
176391,0
176399,1
176402,0
176406,1
176410,1
176413,1
176414,1
176417,0
176419,0
176421,1
176424,1
176425,0
176428,0
176429,0
176430,1
176432,1
176433,1
176435,1
176436,0
176438,1
176440,0
176442,0
176444,1
176450,0
176454,1
176456,0
176462,0
176464,0
176467,1
176469,1
176470,0
176472,1
176474,0
176477,1
176479,0
176485,0
176486,0
176489,1
176490,1
176493,0
176494,0
176495,1
176497,0
176500,1
176502,1
176504,0
176505,0
176507,0
176510,0
176512,0
176514,1
176515,1
176516,1
176517,0
176518,1
176519,1
176526,1
176527,1
176529,0
176531,0
176533,1
176536,0
176540,1
176546,1
176547,1
176557,0
176558,1
176559,1
176560,0
176562,0
176566,0
176568,0
176570,0
176576,1
176583,1
176584,0
176591,0
176593,1
176595,0
176596,1
176597,0
176602,0
176603,0
176604,0
176606,0
176609,1
176611,0
176612,0
176614,0
176625,0
176627,1
176628,0
176633,1
176636,0
176638,0
176639,1
176649,0
176652,0
176654,0
176656,1
176657,1
176659,0
176660,1
176663,0
176664,0
176665,1
176667,1
176671,1
176673,1
176676,0
176677,1
176678,0
176680,1
176688,0
176689,1
176691,0
176692,1
176693,0
176694,0
176695,0
176699,1
176704,0
176706,0
176709,0
176713,0
176714,0
176716,1
176717,1
176718,0
176721,0
176722,0
176724,1
176725,1
176726,1
176728,0
176731,0
176734,1
176735,1
176736,0
176737,0
176742,1
176749,0
176752,0
176754,1
176757,1
176759,1
176765,1
176769,1
176773,1
176774,1
176775,1
176779,0
176783,1
176784,0
176785,1
176786,1
176787,0
176791,0
176792,1
176796,0
176797,0
176802,1
176803,0
176808,0
176811,1
176812,1
176814,0
176817,0
176818,1
176821,1
176822,1
176824,0
176826,0
176829,1
176830,1
176832,1
176838,0
176840,1
176841,1
176844,1
176845,1
176847,1
176848,0
176849,1
176856,1
176857,0
176858,0
176860,0
176861,1
176863,0
176865,1
176868,0
176870,0
176873,1
176875,0
176883,1
176885,1
176886,0
176887,0
176891,0
176893,0
176895,0
176896,0
176901,0
176902,0
176905,0
176906,1
176909,0
176910,0
176913,1
176917,0
176918,0
176930,0
176934,1
176935,0
176936,1
176937,0
176938,0
176940,1
176942,1
176945,0
176946,0
176948,1
176951,1
176952,1
176955,1
176956,1
176959,1
176960,0
176964,0
176966,1
176974,0
176977,0
176978,0
176983,0
176985,0
176986,0
176987,1
176988,1
176991,0
176996,0
176998,1
177000,1
177003,0
177005,0
177006,0
177007,0
177009,1
177010,1
177016,0
177021,0
177026,0
177031,0
177034,1
177035,1
177038,0
177041,0
177042,1
177051,0
177052,0
177054,0
177056,0
177057,1
177058,1
177059,0
177060,0
177062,0
177066,0
177067,0
177076,0
177080,1
177081,1
177086,1
177088,0
177089,0
177090,0
177100,1
177103,0
177105,1
177108,1
177109,1
177110,0
177113,1
177114,0
177116,1
177117,1
177119,0
177126,0
177128,0
177129,0
177130,0
177131,1
177134,1
177135,0
177137,0
177138,0
177139,1
177140,1
177141,0
177142,1
177143,0
177144,0
177149,1
177150,0
177151,0
177152,0
177153,0
177156,1
177157,0
177160,1
177162,0
177163,0
177165,0
177171,0
177172,1
177173,0
177174,1
177177,1
177186,1
177188,1
177194,0
177195,1
177201,0
177205,0
177207,0
177208,1
177210,0
177211,1
177212,0
177214,0
177217,0
177221,0
177222,0
177225,0
177228,0
177229,0
177230,1
177237,0
177238,0
177242,1
177248,1
177249,1
177251,0
177252,1
177259,0
177263,0
177266,0
177268,0
177270,0
177272,1
177274,1
177277,1
177278,0
177281,1
177286,1
177290,1
177293,1
177295,1
177297,0
177299,1
177302,0
177304,1
177305,0
177308,1
177312,0
177313,1
177317,0
177320,1
177324,0
177331,1
177332,1
177336,1
177339,0
177342,0
177345,0
177347,0
177349,1
177352,1
177354,0
177355,1
177356,0
177357,0
177358,0
177361,0
177364,0
177368,0
177369,0
177374,0
177379,0
177380,1
177386,0
177387,1
177389,1
177390,0
177391,1
177392,1
177393,1
177394,1
177397,0
177399,0
177405,0
177409,0
177410,0
177411,0
177412,1
177413,0
177416,0
177421,0
177423,0
177426,1
177429,1
177432,0
177434,1
177440,0
177443,0
177444,1
177449,1
177450,1
177452,0
177453,1
177455,0
177456,1
177460,0
177461,0
177462,0
177465,0
177470,0
177477,1
177483,1
177484,0
177486,0
177488,0
177491,1
177492,0
177495,0
177497,0
177500,1
177501,0
177503,1
177505,1
177509,0
177510,0
177511,0
177516,1
177520,1
177521,0
177524,0
177529,0
177530,0
177531,0
177533,0
177535,0
177536,0
177538,0
177541,0
177542,0
177546,1
177549,1
177550,0
177552,0
177554,1
177562,1
177563,1
177564,0
177569,0
177573,0
177575,0
177577,1
177580,1
177581,0
177584,0
177586,1
177589,1
177592,0
177594,0
177595,1
177603,1
177604,1
177605,0
177607,1
177608,0
177610,1
177611,1
177612,0
177618,1
177619,1
177621,0
177627,0
177629,0
177633,1
177634,0
177637,1
177639,0
177642,0
177643,0
177645,0
177646,0
177648,0
177652,0
177653,0
177655,1
177665,0
177666,0
177667,1
177675,0
177680,1
177681,0
177683,1
177684,1
177687,0
177693,1
177696,0
177699,1
177706,1
177707,0
177709,1
177712,0
177713,0
177714,0
177715,0
177719,0
177720,1
177723,0
177725,1
177726,0
177728,1
177731,0
177733,0
177734,0
177735,1
177736,0
177742,0
177743,0
177748,1
177749,1
177752,0
177753,0
177755,1
177757,0
177764,0
177765,1
177767,0
177770,0
177773,0
177780,1
177781,0
177788,0
177789,1
177791,1
177792,1
177793,1
177795,0
177797,1
177798,0
177800,0
177801,0
177807,1
177808,0
177809,0
177814,0
177815,0
177819,1
177824,1
177829,0
177831,1
177832,0
177834,0
177837,1
177845,0
177846,1
177848,0
177852,0
177853,1
177858,1
177859,1
177860,1
177862,0
177863,0
177864,0
177866,0
177867,1
177868,0
177871,1
177873,1
177886,0
177888,0
177890,1
177891,1
177892,1
177897,1
177898,1
177900,0
177902,0
177905,0
177907,1
177908,1
177909,1
177914,1
177915,0
177919,1
177922,0
177926,0
177928,1
177937,1
177941,0
177943,1
177945,1
177946,1
177947,0
177948,1
177950,1
177951,1
177952,0
177954,1
177955,1
177959,1
177960,1
177961,1
177970,0
177971,1
177974,0
177976,1
177978,1
177979,0
177980,1
177983,0
177988,0
177989,1
177990,0
177992,1
177993,0
177994,0
177996,1
177997,1
177998,1
178001,1
178005,0
178008,0
178013,1
178015,1
178016,1
178019,1
178023,0
178024,0
178025,1
178026,0
178027,0
178029,1
178032,0
178035,0
178036,1
178040,1
178046,0
178052,0
178062,0
178064,1
178067,1
178068,0
178070,0
178073,0
178080,0
178083,0
178084,0
178085,0
178086,0
178087,1
178088,1
178089,1
178092,1
178094,0
178096,1
178097,1
178102,0
178104,0
178106,1
178107,1
178108,1
178112,0
178113,1
178117,0
178119,0
178120,0
178122,1
178126,0
178128,1
178133,1
178135,1
178136,0
178137,0
178139,0
178141,1
178143,0
178144,1
178145,1
178146,1
178147,0
178148,0
178153,0
178159,1
178163,1
178164,0
178165,1
178166,0
178167,1
178170,1
178173,0
178177,1
178179,0
178180,0
178182,1
178189,0
178191,0
178192,0
178193,1
178195,1
178196,0
178199,0
178200,0
178204,0
178208,0
178210,0
178211,1
178215,1
178218,1
178222,0
178224,0
178225,0
178228,1
178230,1
178234,1
178239,0
178240,1
178241,0
178243,0
178245,0
178247,0
178248,0
178250,1
178251,1
178253,0
178254,0
178255,0
178256,1
178257,0
178261,1
178263,1
178267,0
178268,0
178270,0
178274,0
178275,0
178276,0
178278,1
178280,1
178284,1
178286,1
178287,0
178289,1
178290,0
178293,0
178294,1
178300,1
178301,1
178310,1
178311,1
178319,1
178320,0
178327,0
178328,1
178332,1
178337,1
178339,1
178342,0
178346,0
178347,0
178348,0
178350,1
178351,0
178352,0
178357,1
178358,1
178361,0
178362,1
178365,0
178369,1
178370,1
178371,0
178372,1
178376,0
178379,0
178380,0
178381,0
178382,0
178385,0
178387,1
178389,0
178392,0
178394,1
178396,0
178397,1
178399,1
178400,0
178401,0
178404,0
178405,1
178408,0
178409,0
178410,1
178411,0
178417,1
178419,0
178421,0
178423,1
178424,0
178426,0
178435,1
178437,0
178446,0
178449,0
178451,0
178452,1
178453,1
178454,0
178457,1
178461,0
178464,1
178466,1
178468,0
178470,0
178471,1
178472,0
178475,1
178476,1
178479,0
178481,0
178482,0
178483,1
178484,0
178486,1
178487,1
178488,1
178490,0
178491,0
178492,0
178493,1
178495,0
178497,1
178498,1
178499,1
178500,0
178501,1
178509,0
178511,0
178513,0
178515,1
178516,1
178517,1
178522,0
178523,0
178526,0
178529,1
178531,0
178533,0
178534,1
178535,1
178538,0
178542,0
178546,1
178550,0
178559,1
178560,0
178561,1
178562,0
178563,0
178565,1
178568,0
178571,1
178576,0
178577,1
178579,0
178583,0
178584,0
178586,0
178587,0
178588,1
178590,1
178591,1
178593,0
178594,0
178595,1
178597,0
178598,0
178602,0
178607,0
178608,0
178613,0
178614,1
178615,0
178616,0
178619,0
178621,0
178624,0
178628,1
178630,1
178631,1
178632,0
178634,0
178641,0
178642,0
178644,0
178645,0
178647,0
178648,0
178649,1
178650,0
178651,0
178657,0
178663,1
178664,1
178666,1
178667,1
178672,1
178675,0
178681,0
178687,0
178688,0
178689,0
178691,0
178694,0
178695,1
178699,0
178700,0
178703,1
178704,1
178705,1
178709,0
178712,0
178715,0
178716,0
178721,0
178724,1
178739,0
178740,0
178743,0
178744,1
178746,1
178747,0
178753,0
178754,1
178755,1
178757,1
178759,0
178760,0
178761,0
178766,1
178767,1
178771,0
178778,1
178779,0
178790,1
178791,1
178792,0
178793,0
178797,1
178799,1
178800,1
178802,1
178806,1
178807,0
178810,0
178814,0
178821,0
178824,1
178826,0
178831,1
178834,1
178836,1
178838,0
178839,0
178843,1
178844,1
178849,1
178853,0
178856,1
178857,1
178858,1
178859,1
178860,1
178864,0
178865,1
178870,0
178871,1
178872,1
178875,1
178881,1
178886,0
178890,1
178894,0
178901,1
178903,0
178904,0
178907,0
178910,1
178912,1
178913,1
178917,1
178919,0
178920,1
178921,0
178923,0
178925,1
178926,1
178927,1
178931,0
178937,0
178943,1
178944,1
178950,1
178951,0
178953,1
178954,1
178955,0
178958,1
178959,0
178960,0
178962,0
178963,0
178965,1
178968,1
178971,0
178972,1
178976,1
178978,1
178981,0
178983,1
178984,1
178985,0
178986,0
178987,0
178988,1
178989,0
178990,0
178992,0
178993,0
178994,1
178996,1
178998,1
178999,0
179000,1
179001,1
179005,1
179007,0
179008,0
179011,1
179019,1
179022,0
179026,1
179028,0
179031,0
179036,0
179041,0
179042,0
179044,0
179052,0
179054,0
179059,0
179060,0
179061,0
179062,0
179068,1
179071,0
179073,1
179075,1
179076,1
179081,0
179084,0
179086,0
179091,0
179096,1
179098,1
179100,0
179101,1
179102,0
179103,1
179107,0
179109,0
179110,0
179112,1
179114,0
179116,1
179118,0
179119,0
179121,1
179126,1
179138,0
179141,1
179143,1
179153,0
179155,0
179160,0
179161,0
179164,0
179165,0
179166,1
179167,0
179168,0
179170,0
179171,1
179172,0
179173,0
179174,0
179176,0
179177,0
179178,1
179180,1
179182,1
179184,1
179185,1
179186,0
179189,1
179191,1
179196,0
179198,1
179201,0
179202,0
179205,1
179210,0
179211,1
179214,1
179216,0
179218,0
179221,0
179222,0
179226,1
179227,1
179228,0
179229,1
179230,0
179235,0
179239,0
179240,1
179241,1
179242,1
179247,0
179249,1
179252,1
179253,0
179259,1
179260,0
179261,1
179262,1
179265,1
179266,0
179271,1
179272,1
179274,0
179275,1
179276,1
179279,1
179280,1
179285,0
179287,1
179288,1
179289,0
179290,0
179291,0
179294,1
179298,0
179302,1
179306,0
179308,1
179309,1
179313,1
179318,0
179320,1
179322,0
179327,1
179329,1
179334,0
179335,0
179337,1
179340,1
179341,1
179342,1
179343,1
179348,1
179352,0
179358,0
179359,1
179361,0
179362,0
179363,1
179365,0
179368,0
179370,0
179371,0
179375,1
179378,0
179381,1
179382,1
179383,1
179384,0
179388,0
179389,1
179390,1
179394,1
179395,0
179396,0
179403,1
179404,1
179406,1
179407,0
179408,0
179410,1
179411,1
179412,0
179413,0
179414,1
179415,1
179418,0
179419,0
179421,0
179423,0
179425,0
179429,1
179431,1
179434,1
179437,1
179438,0
179443,0
179444,1
179445,0
179447,0
179450,1
179453,1
179456,0
179459,1
179460,1
179461,1
179469,1
179475,0
179476,1
179482,1
179483,0
179484,1
179485,1
179486,0
179488,0
179491,1
179492,1
179494,1
179496,0
179499,1
179500,0
179503,0
179504,1
179505,1
179514,0
179517,0
179519,0
179520,1
179522,0
179528,1
179536,0
179541,1
179544,0
179551,1
179553,1
179554,0
179555,0
179557,1
179560,0
179561,1
179564,0
179571,0
179572,1
179575,0
179578,0
179591,0
179598,1
179602,0
179603,1
179610,0
179611,0
179613,1
179614,0
179616,1
179620,1
179621,0
179623,0
179624,1
179625,0
179629,1
179630,0
179632,0
179633,1
179634,0
179635,1
179637,0
179638,1
179642,1
179643,0
179644,0
179647,0
179649,0
179664,0
179668,1
179670,0
179671,0
179672,0
179675,0
179676,0
179677,0
179679,1
179681,0
179684,1
179690,0
179698,0
179701,0
179705,1
179708,0
179713,0
179715,0
179719,0
179724,0
179726,1
179730,0
179737,1
179740,1
179741,1
179742,0
179743,1
179745,0
179747,0
179750,0
179751,1
179755,0
179756,0
179757,0
179758,1
179760,0
179761,0
179763,0
179764,0
179765,0
179769,0
179773,0
179776,1
179780,0
179784,0
179787,1
179788,1
179790,1
179791,0
179792,0
179793,0
179794,0
179796,0
179799,0
179802,1
179806,0
179807,1
179808,0
179809,1
179811,1
179813,1
179815,1
179820,0
179822,1
179825,0
179826,0
179833,0
179835,0
179838,0
179840,0
179841,0
179842,1
179844,1
179846,0
179857,1
179860,0
179862,1
179863,0
179865,1
179867,1
179868,1
179873,0
179874,0
179875,1
179877,0
179879,1
179880,1
179882,0
179887,0
179891,1
179892,1
179894,0
179896,1
179899,1
179901,1
179902,1
179904,0
179912,0
179915,0
179917,0
179918,1
179925,1
179926,1
179934,1
179935,0
179941,0
179942,0
179945,0
179950,1
179951,0
179955,1
179956,1
179959,0
179961,0
179962,1
179963,0
179964,0
179967,1
179970,0
179974,0
179984,1
179986,0
179987,1
179988,1
179990,1
179991,1
179998,0
179999,0
180000,0
180002,1
180007,0
180010,0
180011,0
180014,1
180016,0
180020,1
180024,1
180025,1
180027,0
180030,1
180032,0
180034,0
180035,0
180037,0
180038,0
180040,0
180041,1
180043,0
180049,1
180051,0
180055,1
180058,1
180060,1
180063,0
180065,0
180066,0
180071,0
180073,1
180074,0
180077,0
180080,0
180082,1
180086,0
180090,0
180093,0
180096,1
180100,0
180104,1
180106,0
180111,1
180114,0
180115,0
180116,1
180118,1
180120,1
180121,1
180123,0
180124,0
180127,0
180128,1
180129,0
180132,0
180133,0
180135,0
180138,1
180139,1
180140,1
180143,0
180144,0
180147,0
180152,0
180155,1
180156,0
180157,0
180158,0
180159,0
180161,1
180162,1
180163,1
180164,0
180165,1
180166,1
180168,0
180170,1
180172,0
180173,0
180177,0
180179,1
180181,0
180183,1
180185,0
180187,0
180191,1
180193,1
180197,0
180198,0
180199,1
180200,0
180205,1
180206,0
180208,0
180209,0
180210,1
180213,0
180214,0
180220,1
180224,1
180225,0
180227,0
180228,1
180231,1
180233,1
180237,0
180240,1
180241,1
180244,1
180247,0
180251,1
180254,0
180258,1
180259,0
180263,1
180269,0
180272,0
180273,1
180274,1
180276,1
180277,1
180278,1
180280,0
180285,0
180289,1
180291,0
180293,1
180298,0
180305,1
180308,0
180310,0
180311,0
180320,0
180322,1
180324,1
180327,0
180328,0
180333,1
180335,0
180336,1
180340,1
180345,1
180347,1
180348,1
180350,1
180353,1
180355,1
180356,0
180357,0
180358,0
180360,1
180361,0
180365,0
180366,0
180367,1
180369,0
180377,1
180389,0
180394,1
180397,0
180398,0
180399,1
180400,0
180402,1
180403,0
180404,0
180405,1
180407,1
180411,1
180419,0
180423,1
180424,1
180433,0
180434,1
180441,0
180442,0
180444,0
180445,1
180456,0
180460,0
180462,0
180463,1
180465,0
180466,1
180470,0
180480,0
180485,0
180486,0
180487,0
180490,0
180493,1
180495,1
180507,0
180508,1
180509,1
180512,0
180513,1
180520,0
180522,1
180523,1
180525,0
180526,0
180527,1
180533,1
180543,1
180544,1
180546,0
180553,0
180555,1
180557,0
180558,1
180562,0
180564,1
180570,0
180573,1
180574,0
180580,1
180587,1
180590,1
180592,0
180594,0
180600,0
180603,0
180606,0
180608,0
180610,0
180611,1
180613,0
180615,0
180617,0
180625,1
180631,1
180632,0
180633,1
180634,1
180635,0
180636,0
180637,0
180639,1
180640,1
180643,1
180645,0
180647,1
180649,1
180651,1
180655,1
180658,0
180663,0
180664,1
180668,1
180669,1
180671,0
180672,0
180673,1
180674,0
180679,1
180686,1
180689,1
180691,0
180698,1
180699,1
180703,1
180707,1
180708,0
180709,1
180711,0
180718,0
180721,1
180722,1
180725,1
180730,0
180735,1
180737,0
180741,0
180744,0
180746,0
180747,1
180748,1
180752,0
180753,1
180754,1
180755,0
180759,0
180762,0
180769,0
180770,1
180771,1
180773,1
180778,1
180779,0
180780,1
180781,0
180783,1
180785,1
180787,1
180790,1
180791,1
180792,1
180793,1
180794,1
180798,0
180800,1
180802,0
180804,0
180805,0
180808,0
180809,1
180810,0
180811,0
180813,1
180818,1
180821,1
180824,1
180825,1
180826,1
180828,1
180829,0
180830,0
180838,1
180839,1
180845,1
180846,1
180847,0
180855,0
180857,1
180862,1
180865,0
180867,0
180869,1
180872,1
180873,1
180874,1
180882,1
180886,1
180889,0
180890,0
180891,0
180910,0
180915,0
180917,1
180919,0
180922,0
180923,0
180925,0
180927,0
180929,0
180930,0
180932,0
180935,0
180936,0
180937,0
180945,0
180946,0
180948,0
180952,1
180953,1
180961,1
180966,0
180967,0
180968,1
180973,1
180975,1
180979,1
180982,1
180984,0
180987,1
180989,1
180991,0
180992,1
180994,0
180995,1
180996,1
180997,1
180998,0
181001,0
181002,1
181004,1
181011,0
181012,0
181015,0
181016,0
181018,0
181020,0
181021,0
181023,0
181025,0
181027,0
181030,0
181033,0
181034,1
181035,1
181036,1
181039,0
181040,1
181041,1
181043,0
181045,0
181046,0
181047,1
181048,1
181049,0
181050,0
181052,0
181056,1
181057,1
181059,0
181067,1
181070,0
181074,1
181076,0
181078,0
181080,1
181084,1
181085,1
181088,1
181090,0
181095,1
181099,0
181100,0
181101,0
181104,0
181111,0
181114,1
181117,1
181121,0
181122,1
181124,1
181125,0
181129,1
181130,0
181131,1
181132,0
181133,1
181134,0
181135,1
181136,0
181137,1
181139,0
181141,1
181142,0
181143,1
181146,1
181147,0
181148,0
181152,0
181153,0
181155,1
181156,1
181157,0
181164,1
181165,0
181166,0
181168,1
181172,1
181173,1
181177,0
181179,1
181184,0
181185,0
181186,0
181191,0
181192,0
181194,0
181196,1
181197,0
181199,1
181203,1
181206,0
181208,0
181210,1
181213,0
181214,1
181216,0
181217,0
181220,0
181221,1
181222,0
181223,0
181224,1
181225,0
181226,0
181228,0
181231,0
181233,1
181234,0
181238,1
181240,0
181241,0
181242,0
181243,0
181247,0
181249,0
181250,1
181252,1
181253,1
181262,0
181264,1
181267,0
181269,1
181270,1
181271,1
181275,0
181278,0
181280,0
181287,1
181294,0
181297,1
181298,1
181299,1
181303,1
181304,0
181307,0
181308,0
181310,0
181311,0
181312,1
181314,1
181320,0
181324,0
181325,1
181331,0
181334,0
181336,1
181339,1
181342,0
181343,0
181345,0
181348,0
181349,0
181351,0
181352,0
181353,0
181356,1
181358,0
181360,0
181364,0
181367,0
181368,1
181369,0
181370,1
181372,0
181373,0
181378,0
181379,1
181381,1
181385,1
181388,1
181390,0
181391,0
181393,1
181395,0
181396,0
181400,0
181404,1
181405,0
181406,0
181408,0
181409,0
181414,1
181415,1
181419,0
181421,1
181422,0
181423,0
181424,0
181431,1
181433,1
181435,1
181438,0
181439,0
181440,1
181442,0
181443,1
181446,0
181447,0
181451,1
181452,0
181456,0
181457,0
181458,0
181459,1
181461,1
181464,0
181467,0
181469,0
181470,1
181471,0
181472,1
181475,0
181476,0
181477,1
181478,1
181479,0
181482,0
181483,0
181484,0
181486,1
181494,1
181495,0
181497,1
181499,0
181502,0
181505,0
181514,1
181518,0
181519,0
181520,0
181521,0
181522,1
181524,1
181526,0
181528,1
181530,0
181532,1
181534,0
181535,1
181536,1
181538,0
181541,0
181543,0
181544,1
181545,1
181549,0
181552,1
181560,0
181563,0
181568,1
181576,0
181581,0
181583,0
181585,0
181586,0
181588,0
181589,1
181595,0
181596,0
181597,0
181598,0
181599,1
181600,0
181601,0
181602,0
181604,1
181607,1
181608,0
181611,1
181612,0
181615,0
181617,0
181621,0
181625,0
181626,0
181627,0
181628,0
181632,1
181633,0
181635,0
181638,1
181639,0
181641,1
181642,0
181645,0
181646,0
181647,0
181650,1
181651,0
181653,1
181654,0
181656,0
181658,0
181660,1
181662,0
181663,0
181666,0
181667,0
181668,0
181674,1
181681,0
181682,0
181683,0
181684,0
181691,0
181693,1
181695,0
181696,0
181697,0
181700,1
181703,0
181705,1
181708,1
181710,1
181712,0
181714,0
181715,1
181719,1
181720,0
181723,1
181724,0
181725,0
181727,0
181729,1
181731,0
181732,0
181734,1
181739,0
181744,0
181745,1
181750,1
181759,1
181762,1
181778,0
181783,0
181785,1
181786,0
181790,0
181791,1
181793,0
181794,0
181798,0
181799,0
181801,0
181804,0
181806,1
181817,1
181819,1
181823,0
181828,1
181840,0
181846,1
181849,1
181856,1
181858,1
181860,0
181862,1
181869,1
181870,1
181873,1
181880,1
181881,1
181885,0
181886,0
181889,0
181890,1
181891,0
181893,0
181895,0
181896,0
181897,0
181902,0
181906,0
181908,1
181909,0
181911,1
181917,0
181920,1
181922,0
181923,0
181924,1
181925,0
181928,0
181929,0
181931,1
181933,1
181934,0
181935,0
181936,0
181937,0
181941,0
181945,1
181947,0
181948,1
181950,0
181952,1
181953,1
181955,1
181956,1
181957,0
181960,1
181961,1
181967,1
181969,0
181970,1
181971,0
181973,0
181976,0
181979,0
181980,1
181981,1
181982,0
181992,1
181995,1
181997,1
181998,1
182003,0
182007,0
182014,0
182016,1
182022,1
182023,1
182030,1
182031,0
182034,0
182035,1
182039,1
182040,0
182044,0
182045,0
182047,1
182050,0
182052,0
182053,1
182054,1
182061,0
182063,0
182064,0
182067,0
182070,1
182075,1
182076,0
182078,1
182085,1
182087,1
182088,1
182097,1
182101,1
182104,1
182105,0
182106,0
182107,1
182108,1
182109,1
182110,0
182111,1
182113,1
182116,0
182117,1
182119,0
182121,0
182124,0
182127,1
182128,0
182129,0
182130,1
182135,0
182140,0
182143,1
182144,1
182145,0
182147,0
182148,1
182149,0
182150,1
182152,0
182156,0
182158,0
182160,1
182162,1
182168,0
182169,1
182170,0
182174,0
182180,1
182182,0
182186,1
182188,1
182190,0
182191,1
182192,1
182193,0
182194,1
182195,1
182196,1
182201,0
182203,1
182205,1
182206,1
182210,0
182211,0
182213,0
182215,1
182218,0
182219,0
182220,0
182225,1
182226,1
182228,1
182229,0
182230,0
182231,1
182234,1
182235,1
182238,1
182240,1
182241,0
182242,0
182246,1
182247,0
182248,0
182252,1
182255,0
182256,1
182257,1
182265,1
182267,1
182268,1
182270,0
182272,0
182274,1
182278,1
182279,0
182281,0
182282,0
182285,0
182289,1
182290,0
182291,0
182295,1
182296,0
182297,0
182299,0
182300,1
182301,0
182302,1
182304,0
182306,1
182307,1
182309,1
182313,0
182314,1
182317,0
182319,1
182321,1
182322,1
182323,1
182324,1
182330,0
182332,0
182333,1
182335,0
182345,0
182346,1
182356,0
182359,0
182361,0
182366,1
182369,0
182371,0
182374,1
182377,0
182385,1
182387,1
182390,1
182393,0
182396,0
182397,0
182398,1
182399,0
182401,1
182402,0
182407,0
182409,1
182417,0
182421,1
182422,1
182425,0
182427,0
182433,0
182435,0
182437,0
182441,0
182444,0
182445,0
182446,1
182449,0
182450,0
182455,0
182456,0
182458,0
182461,0
182465,0
182470,1
182471,0
182479,0
182480,0
182481,1
182482,1
182485,1
182486,0
182489,0
182490,1
182494,1
182495,0
182496,0
182498,0
182504,0
182506,0
182507,0
182508,0
182512,0
182513,1
182516,1
182518,1
182519,1
182521,0
182525,1
182527,0
182534,1
182535,1
182536,0
182539,0
182540,0
182542,0
182544,0
182549,1
182551,1
182556,0
182559,1
182561,0
182568,1
182570,0
182576,1
182580,0
182582,0
182583,0
182584,0
182585,0
182586,0
182589,0
182590,0
182594,0
182595,0
182598,0
182600,0
182602,1
182603,0
182605,0
182608,0
182612,1
182613,0
182617,0
182618,1
182619,0
182620,0
182621,1
182625,0
182626,0
182628,0
182629,0
182633,0
182634,0
182635,1
182637,1
182638,1
182641,0
182642,0
182643,0
182644,1
182645,0
182646,0
182647,1
182649,1
182656,1
182659,0
182664,1
182667,0
182668,0
182676,0
182681,1
182686,1
182688,1
182689,0
182690,0
182694,0
182695,0
182699,0
182703,1
182706,0
182711,0
182717,1
182718,0
182719,1
182722,0
182724,0
182726,0
182727,1
182729,1
182731,1
182734,1
182738,1
182739,1
182742,0
182743,1
182749,0
182751,0
182752,1
182753,0
182759,1
182760,1
182762,1
182764,0
182767,1
182770,1
182771,1
182772,1
182774,1
182783,1
182784,0
182785,1
182786,1
182792,0
182793,0
182796,1
182804,0
182805,1
182807,0
182809,0
182811,1
182813,1
182814,1
182816,0
182819,0
182821,1
182822,0
182823,0
182826,1
182828,0
182832,0
182833,0
182842,0
182844,1
182845,0
182848,0
182849,0
182851,1
182854,1
182855,0
182856,1
182857,0
182862,0
182864,1
182868,0
182869,0
182870,0
182876,0
182878,0
182879,0
182880,0
182883,1
182884,0
182885,0
182887,0
182893,1
182895,0
182898,1
182899,1
182900,0
182901,0
182903,1
182905,1
182910,0
182912,0
182913,0
182917,0
182920,0
182921,1
182922,0
182924,0
182925,0
182928,1
182930,1
182933,0
182935,0
182938,0
182940,0
182941,1
182943,1
182949,0
182951,1
182952,1
182954,1
182955,0
182957,0
182958,0
182959,1
182962,1
182965,0
182966,1
182968,0
182979,1
182984,1
182989,1
182990,0
182993,0
182996,1
183007,0
183008,0
183011,0
183020,0
183021,0
183022,0
183024,0
183026,0
183027,0
183029,1
183033,0
183035,0
183038,1
183042,1
183044,1
183046,1
183050,0
183052,0
183054,1
183056,1
183057,1
183058,0
183062,0
183063,0
183064,1
183065,0
183067,1
183068,0
183071,1
183074,0
183077,1
183080,0
183081,1
183082,0
183083,0
183087,0
183089,1
183091,0
183093,0
183094,1
183098,0
183099,0
183102,1
183103,1
183106,0
183108,1
183114,0
183115,0
183116,1
183121,1
183124,0
183125,0
183127,1
183129,0
183131,0
183132,0
183133,1
183138,0
183140,0
183144,0
183146,1
183149,1
183152,1
183153,1
183154,1
183159,0
183160,1
183161,0
183163,1
183165,1
183166,1
183167,1
183171,1
183173,0
183174,0
183177,1
183179,1
183180,1
183185,1
183191,1
183192,1
183195,0
183197,0
183198,1
183200,0
183201,0
183203,0
183204,0
183211,0
183214,1
183218,0
183223,1
183226,1
183227,0
183228,1
183229,0
183230,1
183235,0
183236,0
183237,1
183238,1
183239,0
183246,0
183248,0
183250,0
183252,0
183254,1
183256,0
183257,0
183259,1
183262,1
183263,1
183265,0
183267,0
183273,0
183277,0
183279,1
183280,0
183285,0
183291,0
183294,0
183296,0
183298,1
183301,1
183308,1
183309,1
183313,0
183315,1
183317,0
183319,1
183320,1
183324,1
183325,1
183330,1
183335,1
183338,0
183339,0
183340,0
183341,1
183342,0
183344,1
183346,0
183351,0
183353,0
183356,1
183357,0
183361,0
183362,1
183363,1
183365,0
183366,0
183367,1
183376,0
183377,1
183380,0
183382,1
183384,0
183386,0
183389,1
183390,1
183396,0
183397,1
183399,0
183400,1
183403,0
183404,1
183406,1
183407,1
183413,0
183416,1
183419,1
183422,0
183423,0
183424,0
183429,1
183431,0
183433,1
183434,0
183435,0
183436,0
183437,0
183438,0
183446,0
183448,1
183450,0
183454,0
183456,0
183457,1
183459,1
183460,0
183461,0
183466,0
183469,0
183472,1
183475,1
183478,1
183484,0
183486,0
183488,0
183489,1
183490,0
183491,0
183493,1
183497,1
183499,1
183500,0
183505,0
183507,0
183509,0
183510,1
183511,0
183513,0
183514,0
183516,0
183520,1
183521,0
183522,1
183525,0
183529,0
183530,1
183535,1
183536,1
183537,1
183538,0
183539,0
183540,0
183541,0
183543,0
183545,1
183546,0
183549,1
183553,0
183558,1
183567,1
183570,0
183572,0
183573,0
183587,1
183588,1
183589,0
183591,1
183593,0
183596,1
183597,0
183598,1
183600,0
183601,0
183603,0
183607,1
183608,1
183610,1
183613,0
183618,1
183621,0
183622,1
183623,0
183626,1
183628,1
183631,1
183633,0
183635,1
183639,1
183640,1
183641,1
183642,0
183644,1
183651,0
183654,1
183655,0
183658,0
183659,1
183664,1
183667,1
183668,0
183669,0
183670,0
183672,1
183676,1
183677,1
183678,1
183679,1
183680,0
183681,1
183684,1
183685,0
183687,0
183691,1
183693,0
183696,1
183700,0
183702,1
183705,1
183710,0
183711,0
183713,0
183718,0
183719,0
183726,1
183728,0
183736,0
183737,0
183738,0
183741,0
183744,0
183746,1
183749,1
183755,0
183759,1
183760,0
183761,1
183763,0
183764,1
183767,1
183770,0
183773,0
183774,0
183775,0
183776,1
183777,0
183780,0
183783,0
183787,0
183788,1
183795,0
183799,1
183804,1
183807,0
183809,1
183811,0
183812,0
183814,1
183815,0
183816,1
183817,0
183820,1
183823,1
183824,0
183826,0
183827,0
183829,1
183831,1
183832,1
183834,0
183840,0
183841,0
183843,0
183845,1
183847,0
183848,0
183853,1
183862,0
183864,0
183865,1
183866,0
183868,0
183874,0
183882,1
183883,0
183886,1
183887,0
183888,0
183889,1
183892,0
183894,1
183895,1
183897,0
183900,1
183901,0
183905,0
183906,0
183907,0
183908,1
183913,1
183915,1
183916,1
183921,0
183923,1
183924,1
183926,0
183927,1
183928,0
183939,1
183940,1
183943,1
183946,0
183947,1
183948,0
183950,0
183951,0
183952,1
183953,0
183954,0
183956,0
183962,0
183966,1
183968,0
183970,0
183973,1
183974,1
183975,1
183976,1
183980,0
183981,1
183984,0
183985,0
183987,0
183992,0
183993,1
183998,0
183999,0
184000,0
184001,1
184002,0
184005,0
184006,0
184008,0
184010,0
184011,1
184012,0
184016,1
184017,0
184019,0
184021,1
184023,1
184028,0
184030,0
184034,1
184036,0
184040,0
184041,0
184044,0
184051,1
184052,1
184056,0
184058,1
184059,0
184061,0
184063,0
184065,0
184068,0
184069,1
184070,0
184071,0
184072,0
184073,0
184075,0
184077,0
184079,0
184080,0
184083,1
184084,0
184088,1
184092,1
184094,1
184096,0
184099,0
184100,0
184101,0
184104,0
184108,1
184113,1
184121,0
184122,0
184131,0
184133,0
184134,0
184137,0
184139,0
184140,1
184141,0
184148,1
184149,0
184150,0
184151,0
184152,1
184153,0
184154,0
184156,0
184162,0
184163,0
184165,1
184166,0
184171,0
184173,1
184176,1
184177,0
184181,0
184188,0
184193,1
184194,0
184197,0
184198,0
184200,1
184201,0
184205,1
184207,1
184209,1
184213,0
184214,0
184215,1
184217,0
184220,0
184221,1
184224,0
184225,1
184229,0
184232,0
184234,1
184238,1
184239,0
184240,0
184243,0
184244,1
184248,0
184249,1
184252,0
184253,1
184256,1
184260,1
184261,0
184263,0
184265,1
184267,0
184269,1
184274,1
184279,0
184280,0
184281,0
184284,1
184286,1
184288,0
184291,0
184292,0
184293,1
184294,1
184296,0
184297,0
184299,1
184304,1
184308,1
184309,1
184312,0
184315,0
184316,0
184319,0
184320,1
184324,0
184326,1
184330,1
184331,1
184332,0
184333,1
184337,0
184339,1
184340,1
184344,1
184345,1
184353,0
184356,1
184357,1
184358,1
184362,0
184364,1
184365,0
184367,1
184370,1
184378,0
184380,0
184384,1
184385,0
184386,0
184388,1
184389,0
184390,0
184391,1
184393,0
184394,1
184395,1
184402,1
184404,1
184406,0
184407,0
184408,0
184410,1
184411,0
184412,0
184414,0
184415,1
184417,1
184418,0
184419,1
184421,0
184422,0
184426,1
184427,0
184430,0
184431,0
184432,0
184434,1
184436,0
184438,1
184441,0
184442,0
184443,1
184446,1
184447,1
184451,0
184455,1
184456,0
184457,1
184463,0
184467,0
184471,1
184475,1
184478,0
184480,0
184481,0
184486,1
184487,0
184489,0
184490,1
184493,0
184494,1
184500,1
184501,0
184502,1
184503,1
184504,0
184507,0
184510,0
184512,1
184515,0
184516,1
184520,0
184524,0
184525,0
184529,1
184533,1
184535,1
184536,1
184539,1
184541,1
184544,0
184545,0
184546,1
184551,1
184552,1
184557,0
184558,1
184559,0
184562,0
184563,0
184567,0
184568,0
184569,1
184571,0
184572,1
184575,0
184577,0
184580,0
184581,0
184583,1
184585,1
184587,0
184589,0
184590,0
184592,0
184593,0
184594,1
184597,1
184599,1
184602,0
184603,1
184605,0
184606,1
184609,0
184610,1
184611,0
184613,0
184614,1
184616,1
184618,1
184619,1
184632,1
184634,1
184636,0
184638,1
184639,0
184641,0
184642,0
184643,0
184644,1
184645,0
184648,0
184650,1
184651,1
184652,0
184653,0
184654,1
184655,1
184656,1
184659,1
184661,0
184663,1
184666,0
184667,1
184669,0
184670,1
184674,1
184678,0
184680,0
184684,1
184687,0
184690,1
184692,0
184693,1
184694,0
184699,1
184704,0
184708,0
184710,0
184714,0
184719,1
184720,0
184721,0
184726,0
184728,1
184732,0
184733,1
184734,0
184736,1
184737,0
184738,0
184742,1
184743,0
184747,0
184750,0
184751,1
184752,0
184753,0
184754,0
184759,1
184766,0
184767,1
184771,0
184774,1
184775,1
184778,0
184782,0
184783,0
184784,1
184788,0
184789,0
184790,0
184792,1
184793,1
184801,1
184804,1
184805,1
184806,0
184807,0
184808,1
184810,1
184812,1
184813,1
184819,1
184826,0
184827,1
184830,1
184832,1
184834,1
184838,0
184839,0
184842,1
184844,1
184851,0
184852,0
184854,0
184855,0
184856,1
184857,0
184859,1
184860,1
184862,1
184863,1
184864,1
184865,1
184866,0
184867,0
184868,1
184871,1
184872,0
184875,0
184877,1
184879,0
184881,1
184882,0
184886,0
184887,1
184891,0
184892,1
184893,0
184896,1
184897,0
184899,0
184900,1
184904,0
184905,1
184909,0
184911,0
184914,0
184922,1
184923,0
184928,0
184929,1
184930,0
184933,0
184935,0
184936,0
184937,1
184938,1
184943,0
184944,1
184947,0
184948,1
184950,1
184952,1
184953,0
184955,0
184956,0
184957,0
184962,0
184965,0
184967,0
184969,1
184971,1
184977,0
184978,1
184981,1
184984,0
184985,1
184990,1
184991,1
184992,0
184994,1
184995,0
184996,0
184998,0
185001,0
185005,0
185008,0
185009,0
185011,0
185013,0
185016,1
185020,1
185023,0
185024,0
185025,1
185026,0
185027,1
185029,1
185033,0
185034,0
185035,0
185038,1
185039,1
185045,1
185047,1
185048,0
185053,1
185054,1
185055,0
185057,0
185058,1
185059,0
185062,0
185063,0
185065,0
185076,1
185077,0
185081,0
185086,1
185089,1
185092,0
185094,0
185096,0
185099,1
185105,0
185106,0
185110,1
185111,0
185112,0
185113,0
185115,0
185118,0
185119,0
185122,0
185123,0
185126,1
185127,0
185128,1
185130,1
185134,0
185135,0
185136,0
185139,0
185142,1
185145,1
185148,1
185151,0
185152,0
185156,0
185157,1
185159,1
185161,0
185162,1
185163,0
185166,0
185167,0
185170,1
185172,0
185173,0
185177,1
185179,0
185181,1
185183,1
185185,0
185186,0
185187,0
185188,0
185190,0
185193,1
185197,0
185200,0
185201,1
185202,0
185203,1
185205,0
185206,0
185208,0
185210,0
185213,0
185214,1
185217,0
185218,1
185221,0
185222,0
185224,1
185226,0
185229,1
185230,0
185234,1
185236,1
185237,1
185239,1
185242,0
185245,0
185246,1
185249,1
185255,0
185257,1
185266,0
185268,0
185270,1
185272,1
185273,1
185275,1
185282,0
185284,0
185285,1
185286,1
185287,1
185289,0
185291,0
185292,0
185293,0
185295,0
185296,0
185297,1
185298,0
185299,0
185300,1
185302,0
185303,1
185305,1
185308,0
185310,1
185311,1
185313,1
185320,1
185322,1
185324,0
185327,0
185328,0
185329,0
185331,1
185333,0
185334,1
185335,0
185339,0
185340,0
185341,1
185342,0
185345,0
185347,1
185348,1
185349,1
185350,0
185351,1
185352,1
185353,0
185357,0
185358,0
185359,1
185361,1
185363,1
185364,0
185365,1
185367,1
185368,0
185371,1
185378,0
185379,0
185380,1
185381,1
185385,1
185391,1
185394,0
185395,0
185396,1
185397,1
185398,0
185399,0
185401,0
185404,1
185406,1
185411,0
185415,0
185417,0
185419,1
185421,1
185425,0
185430,1
185431,1
185432,0
185435,0
185438,1
185442,0
185445,0
185447,0
185449,1
185450,1
185454,0
185455,0
185456,1
185462,0
185465,0
185466,0
185468,0
185472,0
185473,0
185474,0
185476,1
185482,1
185484,0
185492,0
185494,0
185495,0
185497,1
185498,1
185507,1
185508,0
185509,0
185513,1
185516,1
185517,0
185518,1
185521,0
185522,1
185523,1
185524,0
185525,0
185526,1
185529,0
185530,0
185532,0
185535,1
185537,0
185541,1
185545,0
185547,0
185550,0
185552,0
185555,1
185557,1
185559,1
185563,0
185568,0
185569,1
185570,0
185571,0
185575,0
185581,0
185582,0
185583,0
185585,0
185587,0
185596,1
185597,1
185598,1
185600,1
185601,0
185609,1
185610,1
185620,0
185621,0
185623,1
185625,1
185626,1
185628,1
185630,1
185633,1
185638,1
185640,0
185641,1
185647,0
185649,1
185651,1
185658,1
185663,0
185668,1
185671,0
185672,0
185673,1
185677,0
185679,1
185680,1
185681,0
185682,0
185683,1
185685,1
185687,0
185689,1
185690,0
185692,1
185693,0
185694,0
185696,0
185698,1
185699,1
185704,1
185707,1
185708,1
185710,0
185713,1
185714,0
185715,0
185719,0
185724,0
185725,0
185726,1
185727,0
185731,0
185732,1
185734,1
185735,0
185743,1
185746,1
185752,1
185755,0
185756,1
185757,1
185758,0
185759,0
185762,1
185765,1
185770,0
185772,0
185776,1
185778,0
185781,0
185784,0
185785,0
185786,0
185789,0
185791,0
185794,0
185796,0
185797,0
185798,0
185801,1
185805,0
185806,1
185813,0
185814,0
185819,0
185820,1
185821,1
185823,0
185825,1
185828,1
185831,0
185834,1
185836,0
185841,0
185842,0
185844,1
185846,0
185847,1
185848,1
185850,0
185852,0
185854,0
185855,1
185856,0
185859,1
185863,1
185868,0
185870,0
185871,1
185872,1
185875,1
185876,1
185878,1
185880,0
185881,0
185887,1
185890,0
185891,1
185892,1
185899,0
185902,0
185906,1
185910,1
185912,0
185915,1
185917,1
185918,0
185919,0
185927,1
185935,0
185936,0
185944,1
185945,1
185946,1
185949,1
185954,1
185955,0
185957,1
185958,1
185963,1
185971,0
185972,0
185974,1
185975,1
185976,0
185978,0
185982,0
185983,0
185984,1
185991,1
185993,1
185994,0
185996,0
185999,1
186000,1
186001,0
186004,0
186005,0
186009,0
186012,1
186013,1
186018,0
186020,0
186023,1
186024,0
186026,0
186027,0
186029,0
186034,0
186036,1
186038,0
186039,1
186040,1
186043,1
186044,0
186046,1
186053,1
186055,1
186058,1
186062,0
186069,1
186075,1
186076,1
186078,0
186083,0
186084,0
186088,0
186089,1
186090,0
186092,0
186095,0
186098,1
186102,0
186104,1
186106,1
186108,0
186109,0
186113,0
186116,0
186118,0
186119,1
186123,0
186125,0
186130,0
186135,0
186136,0
186137,0
186138,0
186139,0
186142,1
186143,1
186144,0
186145,0
186146,0
186147,0
186148,1
186149,1
186150,0
186152,1
186155,0
186157,0
186159,0
186161,0
186166,0
186167,0
186168,1
186172,1
186173,1
186175,0
186176,1
186180,0
186181,0
186182,0
186183,0
186188,0
186193,0
186194,0
186195,0
186196,0
186199,0
186200,0
186204,0
186205,0
186207,0
186209,0
186212,0
186214,1
186215,0
186217,1
186218,0
186219,0
186222,0
186225,0
186227,0
186230,1
186235,0
186237,0
186242,0
186243,1
186246,1
186247,1
186249,0
186251,0
186259,0
186261,0
186265,0
186268,1
186272,1
186275,1
186278,0
186279,1
186282,0
186284,1
186286,1
186291,0
186292,1
186294,1
186300,0
186302,1
186303,0
186305,0
186306,0
186308,0
186309,0
186310,0
186312,0
186314,1
186315,0
186316,0
186317,1
186318,0
186320,0
186326,1
186327,0
186328,0
186329,1
186333,0
186334,1
186339,1
186340,0
186342,0
186347,0
186348,1
186349,0
186353,0
186354,1
186356,0
186357,0
186364,1
186366,0
186369,0
186370,1
186376,1
186381,1
186383,1
186385,0
186389,0
186390,0
186393,0
186396,1
186397,0
186398,1
186399,1
186400,0
186404,1
186406,0
186408,1
186410,0
186411,1
186414,0
186419,1
186420,0
186422,0
186431,0
186434,1
186436,0
186442,0
186444,0
186445,1
186449,1
186451,1
186455,0
186459,1
186464,0
186465,0
186470,1
186471,0
186473,0
186475,1
186480,1
186481,1
186484,0
186485,0
186486,1
186488,1
186494,0
186495,1
186496,0
186498,0
186501,0
186505,0
186506,1
186507,1
186508,0
186509,1
186511,1
186512,1
186513,0
186514,0
186516,0
186518,0
186519,1
186530,0
186532,0
186533,1
186536,1
186542,0
186544,1
186548,1
186550,0
186553,1
186560,0
186566,0
186569,0
186571,1
186577,0
186578,1
186580,0
186581,0
186584,0
186586,0
186588,0
186590,0
186591,1
186592,1
186594,0
186595,0
186597,0
186598,1
186600,0
186601,1
186602,1
186607,0
186609,0
186611,1
186613,1
186614,1
186619,0
186621,1
186627,1
186629,1
186630,0
186640,0
186643,0
186645,1
186646,0
186647,1
186648,1
186649,0
186653,0
186655,0
186657,0
186658,0
186660,0
186663,0
186665,1
186670,0
186673,1
186678,0
186679,1
186682,0
186684,0
186685,0
186698,0
186702,1
186703,1
186705,1
186707,1
186709,0
186710,0
186712,0
186713,0
186716,1
186718,1
186719,1
186722,1
186723,1
186730,0
186734,0
186735,1
186736,1
186737,0
186740,0
186741,1
186745,0
186746,0
186747,1
186749,1
186750,1
186751,0
186755,1
186756,0
186758,0
186759,1
186760,0
186762,1
186763,1
186765,0
186772,1
186773,1
186774,0
186775,1
186776,0
186783,0
186784,1
186787,0
186788,1
186791,0
186792,1
186794,1
186796,1
186797,0
186798,1
186802,1
186803,0
186804,1
186807,1
186809,1
186812,1
186813,0
186815,0
186818,0
186819,1
186820,0
186824,0
186825,1
186826,1
186829,1
186833,0
186837,1
186841,1
186843,0
186844,0
186846,0
186847,1
186852,0
186854,0
186858,1
186859,1
186860,1
186865,1
186867,1
186868,0
186873,1
186874,0
186878,0
186879,0
186882,1
186883,0
186885,1
186886,0
186892,0
186893,1
186894,1
186896,1
186898,0
186899,0
186902,0
186904,0
186905,1
186906,1
186909,0
186911,1
186912,0
186913,0
186914,0
186916,0
186917,0
186918,0
186921,1
186922,1
186925,1
186926,1
186932,0
186937,1
186948,0
186951,0
186953,1
186954,0
186955,1
186957,1
186958,1
186966,1
186969,1
186970,1
186972,0
186975,1
186978,1
186980,0
186981,0
186982,1
186985,1
186986,1
186989,0
186991,1
186992,0
186995,0
186996,1
186997,1
186999,0
187001,0
187007,1
187008,0
187010,1
187012,0
187014,1
187018,1
187020,1
187023,0
187029,1
187031,1
187032,1
187035,1
187038,1
187039,0
187040,0
187041,0
187042,1
187044,1
187045,0
187047,1
187049,1
187051,0
187054,1
187056,0
187058,1
187060,0
187064,0
187068,1
187069,0
187073,0
187075,0
187076,0
187077,0
187080,1
187085,0
187087,0
187092,0
187093,0
187094,1
187095,1
187097,0
187099,0
187100,0
187103,0
187104,0
187105,1
187106,1
187107,0
187108,1
187109,1
187110,1
187111,0
187112,0
187113,0
187114,1
187117,1
187118,0
187119,1
187123,0
187125,1
187126,0
187128,1
187131,1
187132,1
187133,0
187135,1
187140,1
187141,0
187142,0
187143,0
187144,1
187146,1
187151,0
187163,0
187165,0
187166,0
187169,0
187171,1
187173,1
187176,0
187177,0
187178,0
187184,0
187185,1
187188,0
187189,0
187192,1
187194,0
187195,1
187199,0
187200,1
187201,0
187202,0
187203,1
187204,1
187205,0
187211,0
187214,0
187216,0
187218,1
187219,0
187220,0
187223,0
187225,0
187229,1
187232,1
187238,1
187242,1
187243,0
187244,1
187247,0
187252,1
187253,0
187254,1
187255,0
187256,0
187259,0
187261,0
187262,0
187268,0
187273,1
187278,0
187280,1
187283,0
187286,1
187287,0
187292,1
187293,1
187295,0
187298,1
187300,0
187302,0
187306,1
187308,1
187311,1
187313,1
187317,0
187318,1
187319,0
187320,1
187321,0
187322,1
187323,1
187329,1
187330,0
187336,0
187338,0
187343,0
187344,0
187345,1
187346,0
187348,1
187356,0
187357,0
187358,0
187361,1
187363,0
187364,1
187369,0
187376,1
187382,1
187387,0
187388,0
187389,1
187394,0
187398,1
187399,1
187401,0
187403,0
187406,0
187407,0
187408,0
187409,0
187415,1
187423,1
187430,0
187436,0
187437,0
187439,1
187445,1
187448,0
187449,0
187452,0
187453,1
187454,0
187457,1
187458,1
187461,1
187462,0
187463,1
187464,0
187465,1
187467,0
187470,0
187471,0
187474,1
187477,1
187479,0
187482,0
187483,0
187484,0
187488,1
187489,0
187491,0
187492,0
187493,1
187494,1
187496,0
187499,1
187501,0
187502,0
187505,0
187510,1
187513,1
187515,0
187517,1
187520,1
187521,0
187522,1
187523,0
187529,1
187530,0
187534,1
187535,0
187537,1
187540,1
187542,1
187545,0
187547,0
187549,1
187552,1
187557,1
187563,1
187564,0
187565,0
187567,0
187569,1
187573,1
187574,1
187577,1
187578,1
187579,1
187584,0
187586,1
187587,1
187590,1
187592,0
187595,0
187596,0
187598,0
187601,1
187605,1
187608,1
187609,0
187610,0
187614,0
187615,0
187616,1
187619,1
187620,1
187621,1
187628,1
187633,1
187640,0
187643,1
187648,1
187649,1
187650,0
187651,0
187658,1
187659,1
187661,1
187663,0
187664,1
187665,1
187666,1
187667,0
187668,0
187669,1
187670,0
187672,1
187674,1
187675,1
187677,1
187678,1
187680,1
187681,1
187682,0
187683,0
187684,0
187685,1
187686,0
187687,1
187690,1
187695,1
187698,0
187699,0
187700,0
187701,0
187702,0
187703,1
187704,1
187705,1
187709,1
187712,0
187714,0
187718,0
187720,0
187721,1
187731,1
187732,0
187734,1
187735,1
187736,0
187737,1
187742,0
187744,1
187746,1
187748,1
187749,1
187752,0
187757,1
187759,0
187760,0
187765,1
187768,0
187770,1
187771,0
187773,1
187774,1
187778,0
187780,1
187781,1
187786,0
187788,0
187790,1
187791,0
187797,0
187802,1
187804,1
187805,0
187808,1
187809,0
187811,0
187812,0
187813,0
187814,0
187817,0
187819,0
187822,0
187833,0
187834,0
187837,1
187840,0
187841,0
187842,1
187845,1
187846,0
187847,1
187848,0
187849,0
187850,0
187851,0
187854,0
187855,1
187857,0
187861,0
187862,0
187868,1
187871,1
187872,0
187873,0
187875,1
187876,0
187877,0
187879,0
187880,1
187882,1
187884,0
187885,1
187892,0
187894,1
187895,1
187897,1
187901,0
187904,1
187905,1
187907,0
187908,1
187915,0
187917,0
187918,0
187921,0
187923,0
187929,0
187931,1
187933,0
187935,1
187936,1
187939,0
187942,0
187944,0
187946,0
187947,1
187950,1
187952,1
187955,0
187957,1
187959,0
187960,0
187961,1
187966,0
187967,0
187972,0
187974,0
187975,1
187983,0
187984,1
187987,0
187989,1
187994,1
187995,0
187996,1
187997,1
187999,0
188001,0
188002,1
188003,1
188004,0
188007,0
188008,1
188009,0
188012,0
188017,0
188019,0
188022,1
188026,0
188028,0
188031,0
188033,1
188035,1
188039,0
188040,0
188041,0
188043,0
188049,0
188052,0
188055,1
188067,1
188069,1
188071,0
188073,0
188074,0
188076,1
188077,1
188078,0
188080,1
188081,1
188085,1
188086,0
188089,0
188096,0
188097,0
188098,0
188109,1
188111,1
188113,1
188118,0
188120,0
188122,0
188124,1
188127,1
188128,0
188130,1
188135,1
188140,0
188143,0
188145,1
188146,1
188148,1
188149,1
188152,1
188157,1
188163,0
188165,0
188166,1
188167,0
188170,1
188182,1
188186,1
188188,0
188189,0
188192,1
188194,0
188195,0
188196,0
188198,1
188202,0
188206,1
188209,0
188212,1
188216,1
188218,0
188221,0
188223,0
188224,0
188225,0
188229,0
188230,0
188231,1
188238,1
188240,1
188241,1
188242,1
188243,0
188245,1
188246,0
188247,0
188248,1
188250,0
188252,0
188253,0
188255,1
188257,1
188258,0
188260,0
188264,1
188265,0
188268,1
188270,0
188278,1
188281,0
188283,1
188284,0
188285,0
188286,1
188289,0
188290,0
188291,0
188294,0
188297,0
188298,1
188302,0
188304,1
188305,1
188306,1
188307,1
188311,0
188312,1
188313,0
188314,1
188315,0
188317,0
188318,1
188327,1
188328,0
188330,1
188334,0
188335,1
188338,0
188339,1
188344,0
188346,0
188347,0
188348,0
188350,0
188351,1
188352,1
188356,0
188357,1
188358,0
188359,0
188361,0
188362,0
188364,0
188366,0
188368,0
188369,0
188370,0
188371,1
188372,0
188373,1
188376,0
188379,0
188380,0
188382,1
188384,0
188385,0
188386,0
188390,1
188394,0
188396,1
188398,1
188401,1
188402,1
188406,1
188410,1
188411,1
188415,1
188418,0
188420,0
188425,0
188427,1
188430,0
188432,0
188436,0
188437,0
188438,1
188439,0
188442,1
188443,0
188444,1
188447,1
188448,0
188450,0
188452,1
188457,0
188458,0
188459,1
188460,0
188461,0
188467,0
188468,1
188472,1
188478,1
188479,0
188480,1
188482,0
188483,0
188485,1
188489,0
188490,1
188494,0
188495,0
188500,0
188503,0
188504,1
188505,1
188507,0
188508,1
188512,0
188514,0
188517,0
188521,1
188524,1
188525,0
188526,1
188527,0
188528,0
188532,0
188536,1
188537,1
188539,0
188540,0
188541,1
188542,0
188544,0
188546,1
188548,1
188549,1
188552,1
188554,0
188559,0
188563,1
188564,1
188565,1
188567,0
188568,1
188572,1
188573,0
188575,0
188576,0
188580,0
188581,0
188582,0
188586,1
188593,0
188594,0
188597,1
188598,0
188599,0
188601,0
188604,1
188605,1
188607,0
188608,0
188609,0
188610,0
188611,1
188612,0
188614,1
188619,1
188621,0
188624,0
188628,1
188629,1
188632,0
188634,1
188635,0
188637,1
188642,0
188645,1
188646,0
188648,0
188654,1
188657,0
188663,0
188666,0
188668,1
188669,0
188670,0
188674,0
188678,1
188681,0
188682,1
188683,0
188684,0
188688,1
188689,1
188690,1
188694,1
188696,1
188697,0
188698,1
188699,0
188700,1
188702,0
188703,0
188712,1
188713,1
188715,1
188717,0
188721,0
188722,1
188723,1
188725,1
188726,0
188733,0
188734,0
188735,0
188736,1
188737,0
188739,0
188741,1
188742,1
188743,1
188747,1
188748,0
188750,0
188752,0
188755,1
188756,0
188757,1
188759,0
188761,1
188762,1
188765,0
188766,0
188771,0
188772,1
188773,1
188775,0
188777,0
188781,1
188783,1
188786,1
188792,0
188795,1
188798,0
188799,0
188802,1
188805,0
188806,0
188811,1
188814,1
188817,1
188820,1
188821,0
188823,1
188825,0
188826,0
188827,0
188829,0
188831,1
188832,1
188833,1
188836,0
188837,0
188838,0
188839,1
188841,0
188845,0
188850,0
188851,0
188855,0
188858,0
188859,1
188861,0
188862,1
188863,0
188866,0
188869,0
188871,1
188877,1
188881,1
188883,1
188886,1
188887,0
188889,0
188890,0
188895,0
188897,1
188905,1
188906,0
188907,1
188908,1
188909,0
188910,0
188911,1
188916,1
188918,0
188921,0
188922,0
188923,0
188924,0
188926,1
188927,1
188929,0
188930,1
188935,1
188937,1
188938,0
188940,0
188944,1
188945,0
188946,0
188947,1
188948,1
188950,0
188954,0
188956,0
188958,0
188960,0
188965,0
188970,0
188971,1
188972,0
188973,0
188979,1
188980,0
188983,0
188984,0
188986,0
188988,0
188989,0
188992,1
188995,0
188996,0
189005,1
189009,1
189010,1
189012,0
189017,0
189018,1
189020,1
189021,0
189022,0
189023,0
189025,1
189027,1
189028,0
189029,0
189030,0
189032,1
189034,1
189035,0
189038,0
189040,0
189041,0
189043,0
189044,1
189047,1
189049,1
189052,0
189053,0
189055,0
189059,0
189060,1
189062,0
189064,0
189065,1
189066,0
189067,1
189068,1
189069,0
189071,0
189077,1
189085,1
189086,1
189087,1
189091,0
189094,0
189098,0
189099,1
189101,0
189104,0
189106,0
189107,0
189108,0
189109,1
189110,1
189112,0
189117,0
189118,1
189120,0
189121,0
189124,1
189126,0
189131,0
189132,0
189133,0
189138,1
189141,1
189142,0
189143,1
189144,0
189147,1
189154,1
189155,1
189158,0
189159,1
189162,1
189164,0
189166,1
189172,1
189182,1
189186,1
189187,1
189191,0
189194,0
189197,1
189202,1
189207,0
189209,0
189210,0
189211,1
189212,1
189213,0
189215,0
189216,0
189220,1
189223,1
189224,1
189228,0
189231,0
189237,0
189238,1
189240,0
189242,0
189245,0
189249,0
189252,1
189254,1
189256,0
189258,1
189261,1
189262,0
189265,1
189271,0
189275,1
189276,1
189279,1
189280,0
189282,0
189284,1
189285,0
189289,1
189290,0
189291,1
189294,0
189297,0
189300,0
189301,0
189303,0
189310,1
189311,1
189313,0
189315,1
189317,0
189319,1
189332,0
189333,1
189334,1
189336,1
189339,0
189340,0
189343,1
189345,1
189346,0
189351,0
189352,1
189353,0
189357,1
189358,0
189360,1
189371,0
189372,1
189374,1
189376,1
189377,0
189378,0
189382,1
189384,0
189389,1
189392,0
189393,1
189397,1
189398,1
189399,1
189400,0
189406,0
189407,0
189408,0
189411,0
189416,1
189418,1
189419,0
189422,1
189424,1
189426,0
189428,1
189434,1
189437,1
189444,1
189446,0
189451,0
189453,1
189454,1
189455,0
189458,1
189460,0
189463,1
189464,0
189465,0
189466,1
189467,0
189471,0
189474,0
189475,1
189476,1
189477,1
189478,1
189487,1
189489,0
189493,1
189494,1
189497,0
189504,0
189507,1
189510,1
189513,0
189514,1
189515,0
189525,0
189526,1
189527,1
189530,0
189535,1
189536,0
189537,0
189538,0
189543,1
189545,1
189546,0
189547,1
189548,1
189549,0
189550,1
189557,0
189562,0
189565,1
189566,1
189567,1
189571,0
189572,0
189575,1
189577,0
189585,0
189586,0
189589,0
189590,0
189596,0
189599,0
189603,0
189614,0
189615,1
189616,0
189622,0
189625,0
189627,0
189628,1
189630,0
189633,1
189635,0
189636,1
189638,0
189642,0
189643,1
189644,1
189645,0
189646,1
189647,0
189648,1
189653,0
189654,0
189656,0
189657,1
189659,0
189661,0
189662,0
189663,0
189664,0
189676,0
189677,0
189678,1
189682,0
189683,0
189686,1
189698,1
189699,0
189701,1
189707,0
189708,1
189712,0
189719,0
189720,1
189721,1
189726,0
189728,1
189729,1
189730,0
189731,0
189736,0
189738,0
189742,0
189745,0
189747,0
189750,0
189751,0
189752,1
189754,0
189759,0
189762,1
189763,1
189766,0
189767,1
189769,1
189770,0
189771,1
189772,0
189773,1
189774,1
189777,0
189778,0
189779,1
189780,0
189781,0
189783,1
189784,0
189786,0
189788,1
189789,1
189791,0
189792,0
189793,1
189794,0
189798,0
189803,0
189804,0
189805,1
189806,1
189808,1
189809,0
189810,0
189815,0
189821,1
189822,1
189827,0
189828,1
189829,0
189830,0
189831,0
189833,1
189834,1
189835,1
189838,0
189846,1
189849,1
189851,0
189853,1
189856,0
189859,1
189861,0
189864,0
189866,1
189868,0
189871,1
189876,1
189877,1
189881,1
189882,1
189883,0
189886,0
189888,0
189901,1
189902,1
189904,1
189908,0
189911,0
189914,1
189915,0
189923,0
189924,1
189925,0
189928,1
189931,1
189934,1
189937,0
189939,0
189940,0
189944,0
189947,0
189948,0
189951,0
189955,1
189956,0
189957,0
189958,1
189959,1
189960,0
189964,1
189968,0
189974,0
189975,0
189978,0
189983,1
189988,1
189990,1
189998,1
189999,0
190000,0
190001,0
190004,0
190005,0
190006,1
190011,0
190013,1
190026,1
190029,0
190034,1
190038,0
190040,0
190045,1
190047,0
190055,1
190063,0
190067,0
190070,1
190072,1
190075,1
190076,0
190078,1
190079,1
190081,1
190082,1
190085,0
190088,1
190091,0
190092,0
190093,0
190096,0
190100,1
190102,1
190104,1
190106,0
190109,1
190114,1
190117,0
190118,1
190121,1
190122,0
190123,1
190125,0
190126,0
190128,1
190133,0
190134,1
190135,0
190136,1
190139,0
190143,0
190145,0
190146,1
190148,0
190150,1
190151,1
190152,0
190159,1
190161,0
190162,1
190164,1
190170,1
190171,1
190173,1
190174,0
190178,1
190183,0
190186,0
190187,1
190190,0
190192,1
190194,0
190195,0
190200,0
190202,1
190204,0
190206,0
190210,0
190211,0
190212,0
190214,1
190215,1
190217,0
190220,1
190223,0
190228,0
190229,0
190239,1
190241,1
190242,1
190246,0
190247,0
190251,1
190252,0
190253,1
190257,1
190258,0
190260,1
190261,0
190266,0
190267,1
190269,0
190272,1
190274,1
190280,0
190281,1
190282,0
190284,0
190286,0
190293,0
190295,1
190296,1
190297,0
190298,1
190301,1
190303,0
190306,1
190307,0
190312,0
190313,0
190316,0
190319,1
190325,1
190330,0
190333,0
190337,0
190338,1
190342,1
190345,0
190346,0
190349,0
190352,1
190354,1
190359,1
190360,1
190361,0
190366,0
190367,1
190368,0
190370,1
190373,1
190379,0
190382,0
190386,1
190391,1
190392,1
190393,1
190395,1
190397,0
190400,1
190403,0
190407,1
190409,0
190410,0
190413,1
190414,0
190415,0
190416,1
190425,1
190426,0
190428,1
190430,1
190434,1
190435,1
190436,0
190438,1
190439,0
190445,1
190448,0
190451,1
190457,0
190458,0
190461,1
190462,0
190467,0
190468,0
190469,0
190474,1
190476,1
190486,0
190487,1
190490,1
190491,0
190492,1
190493,0
190499,0
190503,1
190506,0
190508,0
190509,0
190512,0
190517,0
190521,0
190529,0
190533,1
190534,0
190535,1
190536,1
190537,0
190539,1
190541,0
190542,1
190545,1
190546,1
190548,1
190549,0
190550,1
190551,0
190552,0
190554,1
190558,0
190561,1
190562,0
190563,0
190567,0
190568,0
190571,0
190576,0
190578,0
190579,1
190580,1
190582,1
190583,1
190584,1
190585,1
190591,0
190593,1
190596,0
190599,1
190601,0
190605,1
190608,1
190609,1
190610,1
190613,0
190614,0
190623,1
190624,0
190626,0
190629,1
190630,0
190631,0
190632,1
190635,0
190639,1
190640,0
190641,1
190642,0
190643,1
190645,0
190652,1
190657,1
190664,1
190682,1
190683,1
190684,0
190685,0
190686,1
190689,0
190690,0
190691,0
190693,0
190696,1
190697,0
190699,1
190700,1
190702,0
190704,0
190707,0
190710,0
190711,0
190713,1
190717,0
190720,0
190723,1
190724,0
190725,0
190727,0
190729,0
190730,0
190732,0
190733,1
190739,1
190742,1
190745,1
190746,1
190748,1
190750,0
190751,0
190754,1
190755,0
190756,1
190762,1
190764,1
190766,1
190767,0
190770,0
190771,1
190773,0
190774,0
190775,1
190779,0
190781,0
190787,0
190794,0
190795,0
190801,0
190802,1
190803,1
190805,1
190808,1
190809,0
190810,0
190815,1
190817,1
190818,1
190819,1
190824,0
190826,1
190827,1
190828,0
190829,0
190838,1
190839,1
190841,0
190842,0
190843,0
190844,0
190845,0
190847,1
190850,1
190853,0
190854,0
190855,1
190856,0
190858,0
190859,0
190860,1
190862,0
190869,1
190874,1
190880,1
190885,1
190889,0
190895,1
190896,1
190897,0
190898,0
190899,0
190902,0
190904,0
190905,1
190912,1
190914,1
190918,1
190919,0
190920,1
190921,1
190925,0
190928,0
190933,0
190939,1
190941,0
190942,0
190944,1
190945,1
190953,1
190954,1
190955,1
190956,1
190957,0
190962,1
190970,0
190971,0
190972,1
190974,0
190978,1
190979,0
190980,0
190981,0
190982,0
190983,0
190987,1
190989,0
190991,1
190994,1
190995,0
190998,1
190999,1
191000,1
191001,1
191005,0
191007,1
191008,0
191010,0
191011,0
191012,0
191020,0
191021,1
191022,1
191024,0
191025,1
191026,0
191028,0
191033,0
191038,1
191039,0
191041,0
191043,0
191045,1
191046,0
191047,0
191048,1
191049,0
191050,1
191052,0
191053,0
191056,0
191059,1
191061,1
191064,0
191068,0
191073,1
191074,0
191088,1
191093,1
191095,0
191096,1
191100,0
191101,0
191102,0
191103,0
191104,1
191108,1
191110,0
191112,0
191114,1
191115,1
191118,0
191119,0
191120,0
191121,1
191122,0
191124,0
191127,0
191128,1
191129,0
191132,0
191133,0
191135,0
191136,1
191137,0
191138,1
191140,1
191142,0
191147,0
191148,0
191149,0
191153,0
191161,1
191165,0
191166,0
191167,0
191171,0
191172,0
191174,1
191176,0
191179,0
191182,1
191187,1
191188,1
191192,0
191194,1
191195,1
191197,0
191199,1
191200,0
191208,1
191212,0
191214,0
191216,1
191217,0
191219,1
191220,1
191222,0
191224,1
191228,0
191229,0
191230,1
191233,0
191235,0
191236,1
191239,0
191241,1
191243,0
191244,1
191245,0
191249,0
191252,1
191256,0
191260,1
191261,0
191263,0
191264,0
191269,1
191279,1
191283,0
191287,1
191288,1
191291,0
191295,0
191297,1
191299,1
191300,0
191304,0
191307,1
191309,0
191310,1
191312,0
191314,0
191316,0
191319,0
191321,0
191325,1
191327,0
191337,0
191338,0
191339,1
191341,0
191342,0
191344,0
191345,1
191347,1
191348,0
191351,1
191354,1
191356,0
191358,0
191362,0
191364,0
191368,0
191370,0
191372,1
191374,1
191375,0
191380,0
191382,1
191383,0
191387,1
191388,0
191389,1
191393,0
191400,0
191402,0
191403,0
191404,1
191405,0
191406,0
191410,0
191411,1
191412,1
191415,1
191416,0
191418,0
191422,0
191423,1
191432,0
191435,1
191438,0
191439,1
191442,0
191443,1
191446,0
191447,0
191450,0
191451,1
191452,0
191453,0
191459,1
191461,1
191463,1
191464,1
191465,0
191466,0
191467,1
191470,1
191471,0
191472,0
191474,0
191477,1
191479,0
191480,0
191484,0
191487,1
191488,0
191489,1
191491,1
191494,0
191495,0
191496,0
191500,0
191502,0
191503,0
191504,0
191506,1
191515,0
191523,0
191524,1
191526,0
191527,1
191528,1
191529,0
191530,1
191533,0
191537,1
191538,0
191541,0
191542,0
191543,1
191560,1
191562,0
191564,0
191568,0
191572,1
191578,1
191583,1
191586,1
191588,0
191589,0
191591,1
191592,0
191594,1
191600,1
191603,0
191605,1
191610,1
191612,1
191616,1
191619,0
191620,0
191622,1
191624,1
191625,1
191628,1
191630,0
191634,0
191637,1
191642,0
191644,1
191645,0
191646,0
191650,0
191652,0
191653,1
191654,0
191655,0
191657,1
191659,1
191664,1
191668,1
191671,0
191674,1
191678,0
191680,1
191683,0
191684,0
191685,1
191686,1
191688,0
191689,1
191694,1
191695,0
191700,0
191708,1
191709,1
191710,0
191714,0
191716,0
191717,0
191719,1
191720,0
191721,1
191727,0
191728,0
191730,0
191735,1
191736,0
191738,1
191740,0
191745,1
191746,1
191747,1
191748,0
191752,0
191753,0
191755,1
191759,1
191764,0
191765,0
191766,0
191768,0
191772,1
191774,1
191779,0
191781,1
191782,0
191783,0
191784,1
191785,1
191790,1
191792,1
191797,1
191801,1
191803,0
191808,1
191809,1
191810,0
191812,0
191816,0
191817,0
191819,1
191821,1
191822,0
191823,0
191825,0
191827,0
191828,0
191830,1
191833,1
191835,0
191843,0
191845,1
191847,0
191848,1
191851,0
191852,1
191853,1
191854,1
191855,1
191860,1
191862,1
191863,0
191865,1
191866,1
191869,1
191871,0
191879,1
191882,1
191883,0
191885,0
191887,0
191892,1
191893,0
191894,1
191899,0
191900,1
191901,0
191903,0
191912,1
191914,1
191916,1
191921,1
191922,1
191923,0
191924,1
191932,0
191934,1
191941,1
191943,1
191946,1
191947,1
191948,1
191950,0
191954,0
191955,0
191957,1
191958,0
191959,0
191960,0
191962,0
191968,1
191972,0
191975,0
191979,1
191980,0
191982,1
191983,1
191989,1
191995,1
191997,0
191998,1
192002,1
192004,0
192005,0
192008,0
192009,0
192018,0
192020,1
192023,1
192025,1
192026,0
192027,1
192028,1
192029,0
192035,0
192039,0
192041,0
192045,1
192047,1
192049,0
192050,1
192057,1
192060,0
192064,0
192071,1
192072,0
192075,0
192079,0
192080,1
192083,1
192084,0
192087,1
192088,0
192095,0
192096,0
192098,1
192105,1
192110,0
192111,0
192113,0
192117,1
192121,1
192123,0
192128,0
192130,0
192131,1
192132,0
192133,1
192138,1
192140,0
192142,1
192144,1
192146,0
192147,1
192150,0
192151,0
192152,0
192154,0
192156,0
192161,0
192162,0
192163,1
192164,0
192165,1
192166,0
192167,1
192168,0
192169,1
192170,0
192177,0
192178,0
192179,0
192183,1
192187,1
192188,0
192190,0
192191,0
192192,1
192195,0
192198,0
192199,1
192202,0
192203,1
192206,0
192209,0
192211,1
192214,0
192215,1
192216,0
192218,0
192219,1
192222,1
192225,0
192227,0
192228,1
192229,1
192233,0
192234,0
192236,1
192239,1
192241,0
192242,0
192246,1
192247,1
192250,0
192252,1
192253,1
192259,0
192260,1
192263,0
192264,0
192265,1
192266,0
192268,1
192272,1
192273,1
192276,0
192277,1
192282,0
192285,1
192289,1
192290,0
192291,1
192292,1
192293,1
192295,0
192300,0
192302,0
192304,1
192306,1
192308,0
192309,0
192311,1
192313,1
192317,1
192320,1
192323,1
192324,0
192325,0
192327,0
192329,1
192330,0
192331,1
192332,1
192333,1
192334,1
192337,1
192338,1
192339,1
192341,1
192342,1
192343,0
192348,0
192349,1
192351,0
192352,1
192353,0
192362,1
192364,1
192365,0
192367,0
192369,1
192371,1
192373,0
192376,0
192377,0
192381,1
192384,1
192385,1
192388,1
192392,0
192395,0
192396,0
192397,1
192401,1
192403,0
192404,1
192407,1
192411,0
192415,1
192418,0
192419,1
192421,1
192424,1
192425,0
192427,1
192431,0
192433,0
192436,1
192439,1
192440,1
192442,0
192445,0
192446,0
192448,1
192449,0
192451,0
192454,1
192456,0
192457,0
192459,1
192461,1
192463,0
192464,1
192467,0
192476,1
192477,1
192479,0
192480,1
192488,1
192492,1
192493,1
192496,1
192497,1
192498,0
192500,0
192502,1
192505,1
192509,1
192510,1
192511,0
192516,0
192517,0
192518,0
192520,1
192521,1
192524,1
192525,0
192530,1
192531,1
192533,1
192536,0
192537,1
192538,1
192539,1
192540,0
192545,1
192546,1
192548,1
192549,0
192554,0
192555,1
192556,0
192558,0
192559,0
192561,0
192563,1
192565,1
192566,0
192567,0
192570,1
192571,0
192573,1
192576,0
192577,1
192578,1
192579,0
192581,0
192584,0
192586,1
192587,0
192588,0
192591,0
192596,1
192599,1
192600,0
192601,0
192603,1
192606,0
192607,0
192608,0
192612,1
192615,0
192616,0
192617,0
192618,0
192620,0
192623,0
192624,1
192625,1
192633,0
192635,0
192636,1
192642,1
192644,1
192652,1
192655,1
192656,1
192661,0
192662,1
192663,0
192666,0
192668,1
192672,1
192673,0
192674,0
192675,1
192690,1
192691,1
192692,1
192698,0
192700,0
192706,0
192709,0
192714,0
192716,1
192719,1
192720,0
192724,0
192727,0
192730,0
192733,0
192735,1
192738,0
192740,1
192741,0
192743,0
192745,0
192748,1
192751,1
192753,0
192754,1
192756,1
192757,1
192760,1
192762,1
192763,1
192764,0
192765,0
192766,0
192767,1
192768,1
192770,1
192773,1
192774,1
192778,1
192779,0
192780,0
192784,1
192785,1
192786,0
192789,0
192790,1
192792,0
192793,1
192795,0
192797,1
192798,1
192802,0
192806,1
192807,0
192809,0
192813,0
192814,0
192817,0
192820,0
192825,0
192826,0
192831,0
192833,1
192840,1
192842,1
192844,0
192845,0
192848,0
192852,0
192856,1
192858,1
192859,0
192860,1
192866,0
192868,0
192869,0
192876,0
192877,0
192879,1
192880,1
192886,0
192890,0
192891,0
192893,0
192898,0
192900,1
192902,0
192904,0
192905,1
192908,0
192909,0
192911,0
192912,1
192913,0
192915,1
192920,1
192922,1
192923,1
192934,1
192938,1
192939,0
192946,0
192949,0
192950,1
192951,1
192953,1
192956,0
192961,0
192963,0
192964,0
192965,0
192966,1
192973,1
192974,0
192982,1
192990,0
192992,1
192993,0
192994,0
192995,0
192997,0
193004,0
193005,0
193008,1
193012,0
193014,0
193019,1
193022,0
193023,1
193024,0
193025,1
193030,1
193033,0
193034,1
193035,0
193037,0
193038,0
193039,1
193040,1
193045,1
193046,1
193049,1
193050,0
193051,0
193056,0
193058,1
193060,0
193062,0
193063,0
193064,0
193065,0
193070,0
193071,0
193072,0
193075,0
193076,1
193077,0
193080,1
193084,0
193086,0
193089,0
193091,1
193096,1
193099,0
193103,1
193106,0
193109,0
193113,1
193116,0
193117,1
193121,0
193125,0
193126,0
193127,1
193128,0
193132,0
193136,1
193137,1
193144,0
193146,0
193147,0
193148,0
193151,1
193152,0
193154,0
193155,0
193156,0
193158,0
193159,0
193161,0
193162,0
193163,0
193165,1
193174,0
193175,1
193178,1
193181,1
193185,1
193186,1
193187,0
193188,0
193191,1
193193,1
193195,0
193198,1
193199,1
193206,1
193208,0
193209,1
193210,0
193212,1
193213,0
193214,0
193224,1
193227,0
193228,0
193229,0
193245,0
193246,0
193247,0
193249,1
193251,0
193254,0
193255,0
193258,1
193259,0
193260,0
193263,1
193264,0
193271,0
193272,0
193273,0
193277,1
193280,1
193283,0
193286,1
193287,0
193293,0
193299,0
193300,0
193303,0
193306,1
193309,0
193316,1
193319,0
193323,1
193324,0
193327,0
193328,1
193332,1
193336,1
193337,0
193339,0
193342,1
193344,1
193346,0
193348,0
193351,0
193352,1
193356,1
193357,1
193358,0
193359,0
193361,0
193365,0
193370,0
193372,1
193374,0
193375,1
193377,1
193380,0
193382,0
193384,1
193385,0
193390,1
193393,0
193396,0
193397,0
193398,0
193401,0
193410,0
193411,0
193413,1
193416,0
193417,0
193418,1
193420,1
193428,1
193432,0
193434,0
193435,0
193437,0
193442,1
193444,1
193446,0
193447,1
193452,0
193453,0
193454,0
193457,1
193458,0
193461,1
193464,1
193465,1
193467,0
193470,0
193472,1
193473,1
193480,0
193481,0
193485,1
193486,0
193490,1
193495,1
193497,1
193499,1
193500,0
193502,0
193509,0
193515,1
193518,0
193519,1
193520,0
193521,0
193528,1
193530,0
193531,0
193535,0
193537,1
193538,1
193540,0
193542,0
193543,1
193544,1
193548,0
193549,1
193551,1
193552,1
193559,1
193560,0
193566,0
193568,1
193570,0
193575,1
193577,1
193579,0
193582,1
193583,0
193585,1
193592,0
193595,0
193598,0
193599,0
193600,1
193601,0
193605,0
193606,1
193607,0
193609,0
193611,0
193613,0
193614,1
193615,0
193619,1
193621,0
193623,0
193626,0
193631,0
193632,0
193633,1
193634,0
193638,1
193640,1
193641,1
193648,0
193650,1
193655,0
193656,1
193658,1
193659,1
193661,0
193665,0
193666,1
193671,1
193673,1
193678,0
193680,1
193681,1
193686,0
193692,0
193693,1
193694,0
193695,0
193700,0
193705,0
193710,0
193711,0
193712,1
193713,0
193718,0
193720,1
193723,1
193730,1
193737,1
193739,1
193740,1
193748,1
193750,0
193754,1
193756,1
193759,0
193760,0
193761,1
193762,0
193767,0
193769,1
193773,0
193774,1
193775,0
193777,0
193779,0
193780,1
193787,0
193789,1
193793,0
193797,1
193800,0
193801,0
193804,1
193807,1
193811,0
193814,0
193819,0
193821,0
193827,0
193832,0
193834,0
193837,0
193841,1
193844,0
193845,0
193848,1
193850,1
193854,0
193857,0
193860,0
193861,0
193864,1
193867,0
193868,0
193869,1
193876,0
193878,0
193879,1
193881,1
193882,0
193884,0
193885,0
193886,1
193889,0
193895,1
193899,0
193905,0
193906,1
193908,0
193910,0
193911,0
193915,0
193922,1
193924,0
193925,0
193934,1
193937,1
193940,1
193942,0
193945,0
193946,0
193948,1
193950,1
193951,0
193952,1
193953,0
193954,0
193956,1
193959,0
193960,0
193964,1
193968,1
193970,1
193971,0
193978,1
193988,0
193990,0
193992,0
193996,0
193997,1
194001,1
194004,0
194005,1
194009,0
194013,0
194014,0
194016,0
194023,0
194024,0
194025,1
194026,1
194027,1
194029,0
194031,0
194034,0
194040,1
194043,0
194046,1
194047,0
194052,0
194057,0
194061,0
194062,0
194069,1
194070,0
194071,1
194074,1
194075,1
194076,0
194079,1
194083,0
194084,0
194086,1
194087,1
194089,1
194090,0
194091,0
194092,1
194094,0
194095,0
194098,1
194099,0
194102,0
194105,0
194106,1
194112,0
194115,0
194116,1
194120,0
194123,1
194126,1
194131,1
194134,1
194137,1
194138,0
194139,0
194145,0
194146,1
194149,0
194152,0
194153,0
194154,0
194156,0
194161,1
194167,0
194168,0
194174,0
194175,1
194177,1
194178,0
194179,0
194180,1
194183,1
194188,1
194189,0
194192,1
194193,0
194195,0
194197,0
194203,1
194204,0
194206,0
194207,1
194208,1
194216,0
194219,0
194220,1
194224,1
194225,1
194226,1
194228,0
194229,1
194230,0
194232,0
194233,1
194234,1
194235,0
194239,0
194250,0
194252,1
194254,0
194255,0
194258,1
194259,0
194262,0
194263,0
194265,0
194269,0
194273,0
194275,1
194279,1
194283,1
194287,0
194288,1
194289,0
194298,1
194299,1
194301,0
194302,1
194303,1
194305,0
194307,1
194309,1
194312,0
194313,1
194316,0
194321,0
194323,1
194327,1
194328,0
194329,1
194330,1
194334,1
194336,0
194337,0
194338,1
194340,0
194347,0
194350,1
194352,1
194353,0
194354,0
194357,0
194358,0
194361,0
194362,0
194365,1
194366,0
194370,1
194374,0
194376,0
194379,1
194380,0
194381,1
194382,0
194384,0
194385,1
194388,1
194389,0
194390,0
194392,1
194393,1
194394,1
194398,1
194401,1
194404,1
194407,1
194411,0
194412,1
194416,1
194423,1
194426,0
194433,0
194435,1
194436,1
194437,0
194439,0
194440,0
194445,0
194446,0
194448,0
194449,0
194452,0
194453,1
194455,0
194458,1
194460,0
194462,0
194463,0
194464,1
194467,0
194468,0
194469,0
194471,0
194472,1
194473,1
194477,0
194479,0
194486,1
194487,0
194491,1
194495,1
194496,0
194498,0
194502,0
194506,1
194509,0
194510,1
194514,0
194516,0
194519,0
194520,1
194522,1
194523,1
194524,1
194527,1
194533,0
194536,1
194537,0
194549,1
194551,0
194552,1
194554,0
194557,0
194559,0
194560,0
194563,1
194570,1
194575,1
194577,0
194578,0
194584,1
194585,0
194588,0
194592,0
194595,0
194596,0
194598,0
194599,1
194601,0
194603,0
194604,0
194608,1
194618,1
194619,0
194620,1
194622,1
194623,1
194628,1
194630,0
194631,1
194632,0
194633,0
194635,0
194636,1
194638,0
194639,1
194641,1
194643,0
194644,1
194645,1
194646,0
194647,0
194650,1
194655,0
194656,0
194657,0
194658,0
194668,1
194669,1
194671,1
194672,1
194674,1
194675,0
194677,0
194679,1
194684,1
194685,0
194692,0
194693,0
194698,1
194701,0
194702,1
194703,1
194705,1
194712,0
194714,1
194715,1
194720,0
194721,1
194723,0
194727,0
194730,0
194733,1
194734,1
194741,0
194742,0
194744,1
194746,0
194748,0
194751,0
194752,0
194753,1
194758,0
194759,1
194762,0
194764,1
194770,1
194771,0
194772,1
194775,1
194778,1
194784,0
194786,1
194788,1
194790,0
194797,1
194803,0
194805,0
194807,1
194810,1
194817,0
194818,1
194820,0
194825,1
194826,0
194827,1
194828,1
194834,0
194835,0
194838,0
194841,1
194845,1
194849,1
194856,1
194857,0
194859,1
194860,0
194861,0
194862,1
194863,1
194866,1
194867,1
194870,0
194871,1
194872,0
194873,1
194875,0
194876,0
194877,1
194879,0
194880,1
194885,0
194888,0
194889,0
194890,0
194893,1
194895,0
194896,0
194897,0
194900,0
194906,1
194908,1
194909,1
194915,0
194919,0
194922,0
194923,1
194924,0
194928,1
194929,0
194931,1
194932,1
194934,0
194937,1
194941,0
194942,0
194944,0
194946,0
194951,1
194956,0
194957,1
194963,0
194965,1
194969,0
194973,0
194983,0
194985,0
194988,0
194990,0
194992,0
194994,1
194995,1
194996,1
194999,0
195000,0
195005,1
195006,0
195007,0
195010,0
195019,0
195020,0
195021,0
195024,0
195027,0
195031,1
195036,1
195043,1
195048,1
195052,0
195055,0
195057,1
195058,1
195059,0
195060,1
195062,0
195063,0
195072,0
195076,0
195080,0
195081,1
195082,0
195090,0
195095,1
195096,0
195097,0
195098,1
195099,0
195100,0
195101,1
195107,1
195113,0
195114,0
195115,0
195118,0
195119,1
195123,0
195124,0
195128,1
195131,1
195135,0
195136,0
195137,1
195140,1
195143,0
195145,0
195146,0
195155,0
195157,0
195158,1
195159,0
195163,0
195167,1
195168,0
195171,1
195172,0
195173,1
195174,1
195179,1
195182,1
195185,1
195187,1
195193,0
195196,1
195203,1
195204,0
195207,1
195211,1
195214,1
195218,0
195221,1
195228,0
195231,1
195232,1
195235,1
195237,0
195238,1
195239,0
195242,1
195249,0
195250,0
195254,1
195255,0
195258,1
195260,0
195263,0
195266,1
195268,0
195269,0
195271,0
195272,0
195274,1
195276,0
195277,1
195278,1
195281,1
195283,0
195285,1
195287,0
195296,0
195299,0
195300,0
195302,0
195303,1
195306,0
195307,1
195308,1
195310,1
195311,0
195313,1
195321,1
195322,0
195325,1
195326,1
195328,0
195330,0
195331,1
195336,0
195337,0
195338,0
195340,0
195346,0
195349,1
195351,0
195357,0
195358,1
195359,0
195362,1
195363,1
195364,1
195365,0
195366,0
195368,1
195371,1
195376,0
195380,1
195381,0
195386,1
195390,1
195393,0
195395,0
195396,0
195397,0
195398,0
195400,1
195402,1
195403,0
195404,1
195405,0
195411,0
195412,0
195414,1
195417,0
195418,0
195420,1
195423,0
195424,0
195426,1
195430,0
195431,0
195432,1
195436,1
195437,0
195440,0
195444,1
195445,1
195448,0
195449,1
195450,0
195452,0
195453,1
195454,1
195458,1
195460,1
195466,1
195469,0
195470,0
195471,1
195472,1
195475,0
195481,0
195489,1
195490,0
195492,0
195494,0
195495,0
195498,1
195500,0
195502,0
195505,0
195506,1
195507,0
195508,0
195510,0
195514,0
195515,0
195516,0
195518,1
195519,1
195521,0
195522,0
195523,1
195525,0
195526,0
195528,0
195529,0
195531,1
195533,0
195534,0
195537,0
195539,0
195540,0
195542,1
195543,1
195545,0
195546,1
195547,0
195553,1
195554,0
195556,1
195557,0
195559,0
195561,0
195562,0
195566,0
195570,0
195571,0
195572,0
195573,1
195577,0
195585,1
195587,0
195588,0
195590,0
195593,0
195596,0
195597,1
195600,1
195601,1
195602,1
195604,0
195605,0
195606,0
195609,0
195611,0
195614,0
195616,0
195621,0
195622,0
195623,0
195624,1
195625,0
195628,0
195629,1
195630,0
195633,0
195637,0
195638,0
195639,0
195640,0
195642,0
195643,0
195652,0
195653,0
195655,1
195657,0
195660,0
195666,0
195668,0
195669,0
195671,0
195674,1
195678,0
195680,1
195683,0
195684,0
195685,0
195688,0
195694,0
195696,1
195701,0
195702,0
195704,0
195705,1
195707,0
195708,1
195709,0
195713,0
195717,1
195718,0
195721,0
195723,0
195724,0
195728,0
195731,1
195734,0
195737,0
195739,1
195740,1
195743,1
195744,0
195745,0
195746,0
195754,1
195756,1
195760,0
195762,0
195765,1
195766,1
195767,0
195770,1
195774,1
195775,1
195780,1
195783,0
195784,0
195788,1
195796,0
195797,1
195798,0
195801,1
195803,1
195804,0
195805,1
195808,0
195809,0
195812,1
195818,1
195819,1
195821,1
195822,0
195828,0
195830,0
195832,0
195833,0
195835,0
195836,1
195840,0
195844,1
195849,0
195851,0
195852,1
195855,1
195858,0
195860,1
195863,0
195869,0
195874,0
195877,0
195878,1
195880,0
195887,0
195888,0
195889,0
195891,0
195893,0
195894,1
195897,0
195899,1
195900,1
195906,0
195911,0
195913,0
195915,0
195917,1
195919,1
195920,1
195921,0
195923,0
195925,0
195927,0
195931,0
195935,1
195938,0
195939,0
195942,1
195944,1
195949,1
195950,0
195951,1
195954,0
195957,0
195961,1
195965,0
195966,1
195970,1
195971,1
195973,0
195975,0
195977,0
195978,1
195982,0
195983,0
195997,1
196004,0
196005,1
196012,0
196013,0
196020,0
196022,0
196024,1
196026,1
196027,0
196028,0
196029,1
196031,0
196033,1
196034,1
196038,1
196041,1
196043,1
196044,1
196047,0
196052,0
196056,1
196061,1
196064,0
196065,0
196066,1
196068,1
196073,1
196074,1
196075,0
196077,1
196079,1
196080,1
196084,0
196086,1
196087,0
196090,0
196092,1
196095,0
196097,1
196098,0
196099,0
196101,1
196103,1
196105,1
196108,0
196109,0
196110,0
196111,1
196113,0
196114,1
196115,1
196124,0
196126,0
196129,0
196130,1
196134,1
196137,1
196138,0
196139,0
196141,0
196145,0
196148,1
196150,0
196153,0
196155,0
196157,0
196158,1
196159,1
196161,0
196162,0
196163,1
196165,1
196166,0
196173,0
196175,0
196183,0
196186,1
196187,1
196192,0
196193,1
196194,0
196195,1
196198,1
196200,0
196203,0
196206,1
196207,0
196210,1
196211,0
196212,1
196215,1
196216,1
196217,0
196228,0
196231,1
196232,0
196233,0
196235,0
196238,1
196239,1
196242,0
196244,1
196246,0
196247,0
196251,0
196253,0
196255,0
196256,0
196259,1
196264,1
196266,0
196267,1
196270,1
196271,0
196272,0
196273,0
196274,0
196279,0
196281,0
196283,1
196284,1
196287,0
196294,1
196295,0
196298,0
196299,1
196305,0
196306,1
196308,0
196312,1
196315,1
196316,0
196317,1
196322,1
196326,0
196327,1
196329,0
196333,1
196336,1
196341,0
196344,1
196345,1
196351,0
196352,0
196354,0
196358,0
196359,1
196362,0
196367,1
196372,1
196373,1
196375,1
196376,1
196379,0
196381,1
196383,1
196384,0
196388,0
196390,0
196392,0
196395,0
196396,1
196398,1
196401,1
196402,0
196403,0
196404,0
196405,0
196406,0
196407,1
196408,1
196413,0
196414,0
196416,0
196418,1
196419,0
196423,0
196427,1
196429,0
196430,0
196435,0
196439,0
196440,0
196442,0
196443,1
196449,0
196451,0
196452,0
196453,1
196456,0
196457,1
196464,1
196466,1
196467,0
196468,1
196469,1
196470,0
196472,1
196473,1
196474,0
196475,0
196484,1
196485,1
196486,1
196487,1
196489,0
196490,0
196492,0
196493,1
196495,1
196497,1
196499,0
196501,1
196506,0
196508,0
196510,1
196516,0
196520,1
196521,0
196526,0
196527,0
196529,1
196534,0
196540,0
196548,1
196552,0
196553,0
196556,1
196557,0
196560,0
196564,0
196565,0
196568,1
196570,1
196571,0
196573,0
196576,0
196577,0
196580,1
196583,1
196590,0
196591,0
196592,1
196595,0
196596,0
196597,1
196598,1
196599,0
196601,1
196604,0
196607,0
196608,0
196610,1
196616,0
196621,1
196624,1
196627,0
196628,1
196629,1
196630,0
196635,0
196638,0
196639,1
196640,1
196648,1
196649,0
196650,1
196652,0
196654,1
196656,0
196657,1
196661,1
196667,1
196671,1
196674,0
196675,1
196678,0
196684,0
196685,0
196688,0
196689,1
196692,1
196693,0
196694,0
196695,1
196696,1
196697,1
196704,1
196705,0
196706,0
196707,0
196714,0
196719,0
196721,0
196723,0
196724,0
196726,0
196727,0
196733,1
196735,1
196736,1
196737,0
196740,0
196743,1
196745,0
196746,0
196748,1
196749,0
196755,1
196756,1
196761,1
196765,0
196766,1
196777,0
196781,1
196786,1
196787,0
196788,1
196790,0
196794,0
196796,0
196799,1
196801,1
196803,1
196806,1
196807,1
196809,1
196810,0
196816,1
196821,0
196822,0
196823,0
196832,1
196833,0
196834,1
196835,0
196838,0
196846,1
196851,1
196852,1
196855,0
196859,1
196866,0
196873,1
196874,1
196877,1
196880,1
196881,1
196882,0
196887,1
196891,0
196893,0
196894,0
196900,0
196901,0
196905,0
196906,1
196908,0
196911,1
196914,0
196915,0
196917,1
196918,1
196920,1
196921,0
196923,0
196924,0
196926,1
196927,0
196928,0
196929,0
196933,0
196939,1
196941,1
196945,1
196946,1
196947,1
196948,0
196949,0
196951,0
196952,0
196955,0
196958,0
196959,1
196960,1
196961,0
196962,1
196963,1
196968,0
196969,0
196971,0
196972,0
196973,1
196976,0
196987,1
196994,1
197001,0
197002,1
197006,0
197008,1
197009,1
197011,0
197012,0
197015,1
197024,1
197027,1
197033,0
197041,0
197042,1
197045,0
197049,0
197055,1
197061,1
197064,0
197066,1
197067,0
197068,1
197069,0
197072,0
197073,0
197078,1
197080,0
197085,0
197089,0
197094,0
197096,1
197097,1
197101,1
197103,1
197104,1
197107,0
197109,0
197111,0
197114,0
197118,1
197119,0
197120,1
197121,0
197123,1
197124,0
197131,1
197133,1
197135,1
197139,0
197142,1
197148,1
197151,0
197155,1
197156,1
197157,1
197158,0
197161,1
197164,0
197165,0
197167,1
197169,0
197172,0
197173,0
197181,0
197183,0
197185,0
197187,0
197188,0
197189,1
197192,1
197194,0
197195,0
197197,0
197198,1
197199,0
197208,0
197211,0
197212,0
197213,0
197214,1
197215,0
197216,1
197217,1
197218,0
197220,0
197223,0
197225,0
197227,1
197228,1
197229,0
197232,0
197233,0
197234,1
197235,0
197238,0
197239,0
197240,0
197242,0
197243,1
197244,1
197246,0
197248,0
197249,1
197252,0
197253,0
197254,1
197262,0
197263,0
197264,0
197267,1
197269,0
197270,0
197271,0
197272,1
197273,1
197274,0
197275,0
197276,0
197278,0
197279,0
197284,1
197288,0
197289,1
197294,0
197295,0
197297,0
197298,0
197303,0
197307,0
197308,0
197309,1
197310,0
197311,0
197312,0
197314,0
197316,0
197318,1
197319,0
197323,1
197325,0
197326,0
197328,1
197329,0
197331,0
197333,1
197334,1
197335,1
197336,1
197337,0
197338,0
197340,0
197343,1
197344,1
197345,0
197346,0
197348,0
197354,1
197356,0
197357,1
197359,0
197360,1
197365,1
197366,1
197375,0
197377,0
197379,0
197380,0
197384,1
197388,0
197389,1
197392,1
197393,1
197396,0
197397,0
197398,1
197399,0
197402,0
197404,0
197411,1
197414,0
197419,1
197424,1
197426,0
197427,0
197428,0
197429,0
197431,1
197433,1
197434,0
197435,1
197436,0
197438,0
197440,1
197443,0
197444,1
197446,0
197447,0
197449,0
197450,0
197451,0
197452,0
197453,1
197455,0
197467,0
197475,0
197478,0
197481,0
197482,1
197483,0
197486,1
197490,0
197492,1
197494,1
197495,1
197497,0
197501,0
197503,0
197504,1
197506,0
197509,0
197510,1
197512,0
197514,0
197518,1
197521,0
197522,0
197525,1
197527,1
197528,0
197529,0
197530,1
197539,1
197541,0
197542,1
197543,0
197545,0
197546,1
197551,0
197552,0
197554,0
197555,0
197558,0
197563,0
197564,1
197565,1
197568,0
197569,0
197571,0
197574,1
197579,1
197580,1
197582,0
197584,1
197586,0
197593,0
197596,0
197597,0
197602,0
197607,0
197612,0
197613,1
197615,0
197618,0
197623,0
197627,1
197630,0
197634,0
197635,0
197636,1
197638,0
197640,0
197641,0
197642,1
197645,0
197648,0
197650,0
197651,1
197657,0
197659,1
197660,0
197661,0
197663,1
197664,1
197667,0
197668,0
197673,0
197674,1
197676,0
197678,1
197679,0
197680,0
197682,1
197683,0
197688,0
197689,1
197690,1
197694,0
197700,0
197706,1
197707,1
197708,1
197710,1
197711,0
197716,1
197718,0
197719,1
197720,1
197721,0
197722,1
197726,0
197728,0
197730,1
197731,0
197732,1
197733,0
197735,1
197736,0
197745,1
197747,0
197748,0
197749,1
197750,0
197754,0
197755,1
197757,0
197759,1
197762,1
197765,0
197766,0
197767,1
197771,1
197772,1
197773,1
197774,1
197775,1
197777,0
197778,1
197784,0
197785,1
197787,0
197789,0
197794,0
197798,0
197800,0
197803,1
197808,1
197809,1
197814,0
197816,1
197817,1
197820,1
197826,1
197828,0
197829,1
197835,0
197836,0
197837,0
197844,0
197849,1
197852,1
197855,0
197864,0
197867,0
197868,0
197871,1
197874,1
197878,0
197879,0
197883,1
197884,1
197886,0
197890,1
197891,0
197894,1
197901,0
197902,1
197903,0
197904,1
197909,0
197914,1
197915,1
197919,1
197922,1
197924,1
197926,1
197930,1
197935,1
197936,0
197938,0
197939,1
197945,0
197946,1
197948,1
197949,1
197954,0
197955,1
197956,0
197967,1
197971,0
197974,0
197975,0
197978,0
197979,0
197981,1
197985,1
197987,1
197989,0
197991,0
198000,0
198002,1
198005,1
198008,1
198011,1
198013,1
198018,1
198022,0
198024,0
198028,1
198029,0
198030,1
198031,0
198034,1
198035,1
198037,1
198038,0
198042,0
198043,0
198044,0
198045,0
198049,1
198051,0
198052,1
198054,1
198056,0
198057,1
198058,0
198059,0
198061,0
198063,1
198064,1
198065,0
198066,1
198067,0
198068,1
198069,0
198070,0
198071,0
198073,0
198076,0
198078,0
198082,1
198084,0
198085,0
198086,1
198087,0
198088,1
198091,0
198095,0
198103,0
198105,0
198106,0
198108,0
198110,0
198113,1
198115,1
198116,1
198118,1
198121,0
198125,0
198127,1
198130,0
198132,1
198136,1
198137,1
198140,0
198141,0
198142,1
198145,0
198146,0
198151,0
198154,1
198155,1
198158,1
198160,0
198164,0
198166,0
198167,1
198168,0
198172,0
198174,0
198175,0
198177,0
198178,0
198182,1
198186,1
198187,0
198192,1
198193,1
198194,0
198195,0
198196,0
198199,0
198203,1
198204,0
198205,0
198206,0
198209,0
198213,1
198214,0
198217,0
198219,1
198221,0
198222,1
198224,1
198225,1
198227,1
198229,1
198230,1
198232,1
198233,0
198234,1
198235,0
198236,0
198239,0
198242,1
198247,0
198248,0
198251,0
198252,0
198253,1
198254,0
198255,0
198256,0
198259,1
198262,0
198264,0
198265,1
198267,1
198271,1
198273,1
198275,0
198276,1
198277,0
198288,0
198291,1
198294,0
198296,0
198300,1
198302,0
198308,1
198309,1
198311,0
198319,0
198323,1
198324,0
198326,0
198327,0
198331,0
198333,1
198337,1
198339,1
198341,0
198343,1
198344,0
198346,0
198349,1
198350,0
198351,1
198352,0
198353,0
198356,1
198357,0
198359,0
198361,0
198365,0
198366,1
198367,0
198374,0
198376,1
198379,1
198382,0
198383,1
198385,1
198387,0
198388,0
198395,1
198397,0
198405,1
198406,0
198408,0
198409,1
198411,0
198414,0
198416,0
198417,1
198420,1
198424,0
198428,1
198431,1
198434,0
198435,1
198436,1
198437,1
198439,1
198440,0
198441,1
198442,0
198445,1
198446,1
198453,1
198454,1
198456,0
198458,1
198464,0
198465,1
198467,0
198469,1
198473,1
198475,0
198481,1
198482,0
198483,1
198486,1
198487,0
198489,0
198491,0
198493,0
198497,0
198503,0
198504,1
198506,0
198512,1
198518,0
198521,1
198524,1
198525,0
198528,1
198529,1
198530,0
198534,0
198535,1
198538,1
198539,0
198543,1
198547,1
198550,0
198552,1
198556,1
198557,0
198558,1
198559,1
198560,1
198561,1
198567,1
198568,1
198569,1
198575,1
198576,1
198577,1
198582,0
198583,0
198585,1
198588,1
198592,1
198593,0
198595,0
198596,1
198597,0
198603,1
198606,1
198607,1
198608,0
198610,1
198613,1
198614,0
198616,0
198620,0
198622,0
198629,1
198630,1
198632,1
198635,0
198636,1
198639,0
198641,0
198643,0
198644,1
198645,0
198646,1
198652,0
198658,0
198660,1
198662,1
198664,1
198665,0
198666,0
198667,1
198669,1
198670,1
198672,0
198674,1
198676,0
198682,0
198683,1
198685,1
198686,0
198689,0
198692,0
198695,0
198696,1
198698,1
198704,0
198705,1
198706,0
198707,1
198708,0
198711,1
198713,0
198715,1
198716,1
198717,0
198719,0
198721,0
198723,1
198724,0
198725,0
198726,1
198727,1
198728,0
198729,1
198730,0
198731,1
198732,0
198734,0
198736,1
198738,1
198739,1
198742,1
198743,0
198744,0
198745,0
198748,1
198751,0
198756,1
198758,1
198762,0
198766,0
198769,0
198772,0
198775,0
198776,0
198779,1
198780,0
198783,1
198784,0
198785,1
198786,1
198787,0
198789,1
198794,0
198798,0
198804,0
198805,1
198806,1
198809,1
198814,0
198816,0
198818,1
198820,0
198822,0
198825,0
198835,1
198836,1
198839,0
198843,0
198844,1
198846,0
198847,1
198848,0
198851,1
198855,0
198861,1
198864,1
198865,1
198866,0
198867,1
198868,0
198871,0
198872,0
198874,1
198875,1
198880,1
198886,0
198888,1
198900,1
198901,0
198905,1
198906,1
198908,0
198910,1
198911,1
198912,0
198914,1
198918,0
198921,0
198923,0
198924,1
198927,0
198930,1
198935,0
198941,1
198944,0
198947,1
198950,0
198955,0
198958,1
198961,0
198963,0
198964,1
198965,1
198971,0
198974,1
198976,0
198977,0
198980,0
198981,1
198983,1
198984,1
198985,1
198988,0
198994,0
198997,1
198999,1
199000,0
199001,1
199009,1
199013,0
199014,0
199016,0
199017,0
199020,0
199025,1
199028,1
199030,0
199031,1
199038,1
199041,0
199046,0
199047,1
199048,0
199051,1
199053,0
199054,0
199056,0
199058,1
199062,0
199063,1
199064,0
199071,0
199072,1
199073,1
199074,0
199079,0
199080,0
199087,1
199089,1
199090,0
199091,0
199095,0
199102,0
199103,0
199105,0
199106,0
199112,0
199115,0
199117,1
199119,0
199121,1
199123,1
199124,1
199126,1
199128,0
199129,1
199131,0
199132,0
199137,1
199138,0
199142,0
199144,0
199150,0
199152,0
199153,0
199155,0
199156,0
199157,0
199160,1
199161,1
199164,1
199165,1
199166,0
199171,1
199172,1
199173,1
199175,0
199176,1
199179,1
199183,0
199189,0
199191,0
199192,1
199195,1
199196,1
199200,0
199203,0
199207,1
199209,0
199211,0
199214,1
199216,0
199217,1
199218,1
199219,1
199220,0
199228,1
199230,0
199238,0
199240,1
199241,1
199243,0
199244,0
199245,0
199247,1
199250,1
199252,1
199255,0
199256,0
199257,0
199258,0
199264,1
199265,0
199274,0
199277,1
199281,1
199282,1
199283,1
199285,0
199286,1
199293,0
199295,1
199302,0
199311,1
199314,1
199319,0
199323,0
199324,0
199327,0
199328,0
199329,0
199330,1
199331,1
199338,1
199341,0
199342,0
199344,1
199351,0
199352,0
199356,0
199357,0
199359,0
199360,0
199365,0
199366,1
199367,1
199370,0
199371,1
199372,0
199374,1
199375,1
199376,1
199377,0
199378,0
199382,0
199384,1
199388,0
199392,1
199393,1
199394,0
199396,0
199397,0
199398,0
199404,0
199406,0
199410,1
199411,1
199415,0
199417,1
199419,1
199422,0
199426,1
199427,0
199429,1
199431,1
199434,0
199436,1
199437,1
199440,0
199441,0
199442,1
199447,0
199449,1
199453,1
199454,0
199459,0
199466,1
199469,1
199476,0
199477,0
199479,1
199480,1
199483,0
199484,1
199487,0
199489,0
199490,0
199491,0
199492,0
199494,1
199495,0
199502,0
199506,1
199509,0
199512,0
199515,0
199516,1
199519,1
199523,0
199524,0
199528,1
199529,1
199530,1
199531,1
199532,1
199535,0
199536,0
199543,0
199549,0
199551,1
199559,1
199561,1
199562,1
199564,1
199567,1
199569,1
199571,0
199579,0
199580,1
199581,0
199588,0
199589,0
199590,1
199591,1
199595,0
199597,0
199600,1
199601,0
199603,0
199604,0
199605,1
199606,1
199607,0
199608,0
199609,0
199610,0
199611,0
199615,0
199617,1
199618,1
199620,1
199621,0
199622,0
199624,1
199625,1
199626,1
199628,1
199630,0
199634,1
199635,1
199643,0
199647,1
199654,0
199659,1
199661,0
199662,1
199667,0
199671,1
199672,0
199675,0
199677,0
199679,0
199680,0
199682,0
199688,1
199690,0
199691,1
199693,1
199705,1
199706,0
199709,0
199710,1
199711,0
199713,1
199714,1
199715,1
199717,0
199718,0
199720,1
199724,1
199725,1
199726,1
199727,1
199730,1
199731,0
199732,1
199733,0
199735,0
199738,0
199740,0
199741,1
199742,0
199743,1
199745,0
199746,0
199747,0
199749,1
199752,0
199755,0
199756,1
199758,0
199761,1
199765,1
199766,1
199767,0
199768,1
199773,0
199778,0
199783,0
199784,0
199785,0
199786,1
199787,0
199788,1
199792,0
199794,1
199796,0
199800,0
199802,0
199806,1
199807,0
199808,0
199809,1
199811,1
199813,1
199815,0
199819,1
199820,0
199823,1
199825,0
199826,0
199828,0
199829,0
199830,1
199838,0
199840,1
199848,0
199856,1
199858,0
199862,1
199863,0
199864,1
199865,1
199868,0
199875,0
199876,0
199877,0
199879,1
199880,1
199884,1
199885,0
199886,1
199887,1
199888,1
199890,0
199891,1
199898,0
199900,1
199903,1
199907,0
199911,0
199913,0
199916,1
199917,0
199918,1
199922,0
199926,1
199930,1
199935,1
199936,0
199938,0
199939,1
199942,1
199947,0
199948,1
199950,1
199955,1
199957,1
199958,0
199961,0
199964,1
199965,1
199967,1
199968,1
199970,1
199971,1
199972,0
199973,0
199977,0
199978,0
199979,0
199981,0
199982,0
199983,0
199985,1
199986,0
199987,0
199991,0
199995,0
199996,1
199997,1
199998,1
199999,0
200000,1
200002,1
200003,0
200005,0
200008,1
200009,1
200010,1
200016,0
200021,1
200024,0
200025,1
200027,1
200030,0
200034,0
200036,1
200038,0
200040,0
200041,0
200045,0
200047,1
200049,1
200050,1
200052,1
200053,0
200054,1
200055,1
200056,0
200057,1
200058,1
200059,1
200067,0
200068,1
200077,1
200078,0
200079,0
200083,0
200085,0
200092,0
200093,1
200097,0
200099,0
200102,0
200104,1
200105,0
200106,0
200107,0
200108,0
200109,0
200112,0
200113,0
200115,0
200116,1
200118,0
200125,0
200126,1
200131,1
200132,0
200133,0
200134,0
200137,0
200139,1
200140,0
200142,0
200144,1
200145,1
200147,1
200148,1
200149,0
200150,0
200151,1
200154,1
200156,1
200161,0
200163,0
200166,0
200167,0
200169,0
200170,0
200171,0
200172,1
200174,1
200176,1
200178,0
200181,0
200183,1
200184,0
200185,1
200187,0
200190,0
200193,1
200194,0
200195,1
200198,1
200200,1
200202,0
200203,1
200204,1
200207,0
200208,1
200209,1
200210,0
200212,1
200214,0
200217,1
200218,0
200222,1
200223,0
200226,1
200227,0
200228,0
200230,0
200232,1
200233,1
200235,0
200236,0
200242,0
200243,0
200244,1
200245,0
200246,0
200250,0
200252,1
200255,1
200257,0
200258,0
200259,0
200261,1
200264,0
200265,0
200266,0
200268,1
200269,0
200270,0
200272,1
200274,1
200276,1
200278,0
200282,1
200285,0
200287,0
200294,0
200300,0
200301,1
200306,0
200308,1
200310,1
200311,0
200313,1
200319,0
200320,0
200322,1
200323,1
200325,0
200326,0
200331,0
200332,1
200338,1
200342,1
200343,0
200346,1
200351,1
200354,1
200356,0
200362,1
200365,0
200366,0
200372,0
200376,1
200379,1
200380,1
200382,1
200383,1
200387,1
200389,1
200390,0
200391,0
200392,1
200393,1
200394,0
200396,0
200397,1
200400,1
200405,1
200410,1
200416,1
200417,1
200419,1
200421,1
200423,1
200426,0
200430,0
200431,0
200432,0
200434,1
200435,1
200438,0
200440,1
200441,0
200442,0
200444,0
200445,0
200446,1
200450,1
200451,1
200453,0
200456,1
200458,1
200459,0
200460,1
200461,1
200465,1
200466,1
200469,0
200473,1
200474,0
200475,0
200479,1
200481,0
200486,1
200492,1
200502,0
200503,1
200504,0
200506,0
200508,1
200510,0
200512,0
200513,0
200514,1
200516,1
200523,1
200524,0
200526,1
200527,0
200529,1
200532,1
200533,1
200534,1
200536,0
200540,0
200541,1
200544,1
200546,0
200551,0
200553,0
200558,0
200559,1
200563,0
200566,0
200568,1
200571,1
200572,0
200573,0
200576,1
200579,0
200581,0
200582,1
200585,0
200586,1
200590,1
200594,1
200596,0
200598,0
200601,0
200603,0
200607,1
200608,0
200609,0
200611,0
200614,1
200617,1
200618,1
200622,0
200623,1
200632,1
200633,1
200634,1
200636,0
200642,1
200643,1
200645,0
200647,0
200648,0
200649,0
200656,1
200657,1
200663,1
200669,0
200670,0
200671,1
200678,1
200679,1
200682,1
200683,1
200685,0
200686,0
200688,0
200690,0
200691,0
200692,1
200695,1
200696,0
200698,0
200699,1
200700,1
200707,1
200708,1
200710,1
200714,0
200716,1
200718,1
200720,0
200723,1
200727,1
200735,0
200738,1
200745,1
200746,0
200747,0
200748,0
200751,1
200755,1
200757,0
200758,1
200761,0
200765,0
200766,1
200768,0
200769,0
200770,0
200771,0
200772,0
200773,0
200774,0
200776,0
200777,0
200778,1
200779,0
200781,1
200782,1
200783,0
200784,0
200785,0
200788,0
200793,0
200794,1
200796,0
200801,1
200806,0
200808,1
200812,1
200814,0
200815,0
200819,1
200820,1
200821,1
200822,1
200824,0
200827,1
200828,0
200829,1
200832,0
200835,1
200840,0
200841,1
200843,0
200845,0
200847,1
200849,0
200850,1
200851,1
200852,1
200854,1
200856,0
200861,0
200862,0
200863,0
200869,1
200870,0
200871,0
200872,0
200873,0
200874,0
200878,1
200879,0
200882,0
200883,1
200886,0
200887,0
200889,0
200893,0
200895,1
200897,1
200898,1
200899,0
200902,0
200903,0
200905,0
200907,0
200908,1
200910,0
200913,1
200915,0
200916,0
200918,1
200920,0
200922,0
200923,0
200927,0
200930,0
200931,1
200933,1
200936,1
200939,0
200940,0
200941,0
200944,0
200945,1
200947,0
200948,0
200950,1
200951,1
200959,1
200961,0
200962,0
200967,0
200969,0
200970,0
200971,0
200973,0
200975,0
200979,1
200981,1
200982,0
200984,1
200987,0
200988,1
200990,1
200994,0
201001,0
201002,1
201006,1
201007,1
201008,1
201009,1
201015,1
201016,0
201017,1
201020,1
201023,0
201025,0
201027,0
201030,0
201031,1
201036,0
201037,0
201040,0
201042,1
201045,1
201046,0
201047,0
201049,1
201050,0
201052,1
201054,1
201056,1
201064,0
201065,0
201067,0
201070,0
201071,1
201074,0
201075,1
201077,1
201078,0
201082,1
201085,0
201088,1
201093,0
201100,1
201101,0
201104,1
201105,1
201110,0
201112,1
201114,1
201118,0
201121,0
201123,1
201124,0
201126,1
201135,0
201136,1
201137,0
201140,0
201143,0
201147,0
201149,0
201156,0
201157,0
201158,0
201159,0
201161,1
201163,1
201166,0
201168,0
201170,1
201171,1
201172,0
201173,0
201175,1
201176,0
201177,1
201178,1
201185,1
201190,1
201192,1
201193,0
201194,1
201195,1
201196,1
201198,0
201201,0
201206,0
201209,0
201214,0
201217,0
201218,0
201219,0
201220,1
201222,0
201227,1
201230,0
201232,0
201236,0
201238,0
201240,1
201241,0
201249,1
201250,1
201252,0
201253,0
201255,0
201256,0
201258,1
201259,0
201261,0
201265,0
201266,1
201267,1
201269,1
201272,0
201274,0
201276,0
201277,0
201279,0
201280,0
201282,0
201285,1
201297,0
201298,0
201300,1
201301,0
201303,1
201304,0
201305,0
201309,0
201310,0
201311,1
201315,0
201316,0
201317,1
201319,1
201320,0
201321,1
201322,0
201325,0
201326,1
201329,0
201331,1
201334,0
201335,1
201336,1
201337,0
201338,1
201340,0
201342,0
201344,1
201350,0
201352,0
201353,1
201356,1
201359,1
201361,0
201363,1
201365,1
201368,0
201369,0
201371,1
201373,1
201375,0
201384,1
201385,1
201386,0
201387,0
201393,1
201396,1
201398,0
201399,1
201401,1
201407,0
201409,0
201410,1
201414,0
201416,1
201418,0
201420,0
201422,0
201427,0
201428,0
201429,0
201430,0
201435,0
201436,1
201437,0
201438,0
201442,0
201443,0
201446,1
201447,1
201453,0
201457,1
201458,0
201459,0
201462,1
201463,0
201465,0
201466,0
201468,1
201469,0
201473,1
201474,0
201475,0
201477,1
201479,1
201480,1
201482,0
201483,0
201484,1
201488,0
201490,1
201493,1
201495,1
201496,1
201499,0
201501,0
201505,0
201506,0
201507,1
201509,1
201510,0
201516,0
201522,1
201523,0
201524,1
201527,0
201529,0
201530,0
201532,0
201534,1
201541,0
201542,0
201543,1
201545,0
201546,1
201549,0
201550,1
201551,0
201555,0
201556,1
201564,1
201565,1
201566,1
201567,0
201570,1
201572,0
201573,1
201575,0
201579,0
201581,1
201583,0
201585,0
201596,0
201597,0
201600,1
201602,1
201603,0
201605,1
201608,0
201609,0
201613,0
201614,0
201615,1
201618,0
201619,0
201624,1
201626,0
201629,0
201630,1
201631,1
201632,1
201633,1
201640,0
201643,0
201644,0
201646,0
201655,1
201656,0
201657,0
201658,0
201660,0
201661,0
201662,0
201664,0
201666,1
201668,1
201669,1
201670,1
201671,1
201674,1
201681,1
201685,1
201686,1
201687,0
201689,0
201690,0
201691,1
201696,0
201697,1
201699,1
201700,1
201704,1
201705,0
201712,1
201713,0
201714,0
201717,0
201718,1
201720,0
201724,1
201725,0
201726,0
201727,0
201728,0
201729,1
201734,0
201735,0
201740,0
201741,1
201743,1
201749,0
201751,0
201752,0
201756,1
201759,0
201760,0
201763,1
201767,1
201775,0
201776,1
201777,1
201778,0
201781,0
201783,1
201784,1
201788,0
201789,1
201791,1
201798,1
201803,0
201804,0
201805,0
201808,1
201811,0
201815,1
201816,0
201817,0
201820,1
201821,0
201823,0
201824,1
201828,1
201830,1
201834,0
201835,0
201836,0
201838,0
201842,1
201843,0
201844,1
201849,1
201850,0
201855,0
201857,1
201868,0
201869,0
201870,0
201873,1
201875,1
201879,0
201880,1
201882,0
201889,0
201890,1
201891,0
201894,0
201896,1
201897,0
201905,1
201908,1
201911,1
201912,0
201915,0
201916,1
201917,0
201927,0
201934,0
201935,1
201936,1
201941,0
201942,0
201944,0
201945,1
201950,0
201952,0
201953,0
201957,1
201959,0
201962,0
201963,0
201965,1
201967,0
201970,0
201974,0
201977,0
201979,0
201980,0
201982,0
201983,1
201986,0
201989,1
201993,0
201994,0
201995,1
201999,1
202002,1
202005,1
202007,1
202008,1
202012,0
202013,0
202019,1
202020,1
202025,0
202026,0
202028,0
202029,0
202042,1
202043,1
202045,0
202047,1
202049,0
202057,1
202058,1
202064,0
202067,1
202070,0
202072,1
202075,1
202078,1
202079,1
202083,0
202084,0
202086,0
202087,1
202089,1
202095,0
202097,1
202099,0
202101,0
202106,1
202108,1
202109,0
202114,0
202115,0
202116,0
202119,0
202121,1
202123,0
202126,1
202128,0
202133,0
202134,0
202138,0
202140,1
202144,0
202145,0
202149,0
202159,0
202160,0
202161,0
202162,0
202165,0
202166,1
202167,1
202175,0
202189,0
202197,0
202198,0
202199,0
202201,0
202203,1
202204,1
202206,0
202214,0
202215,1
202217,1
202218,0
202222,0
202223,0
202224,1
202225,0
202226,0
202227,0
202229,0
202235,0
202236,1
202239,0
202244,1
202247,1
202248,1
202251,1
202252,1
202254,0
202257,0
202259,1
202261,0
202264,1
202266,0
202269,1
202270,0
202274,1
202277,0
202282,0
202283,1
202287,1
202289,0
202290,1
202292,0
202293,1
202297,0
202299,0
202300,0
202303,1
202304,1
202305,1
202306,1
202308,0
202309,0
202311,0
202312,1
202313,0
202314,0
202317,0
202318,0
202319,1
202326,1
202328,1
202331,1
202332,0
202335,0
202342,1
202343,0
202348,1
202349,1
202350,0
202351,0
202352,1
202356,1
202362,1
202364,0
202366,1
202367,1
202375,0
202378,0
202379,1
202381,1
202385,1
202386,0
202390,0
202392,0
202393,0
202394,1
202397,0
202399,1
202403,0
202406,1
202407,0
202413,1
202417,0
202423,0
202426,1
202427,0
202431,1
202433,0
202436,0
202437,1
202441,0
202442,0
202444,1
202446,0
202451,0
202454,0
202458,0
202459,0
202464,0
202469,0
202470,0
202473,1
202475,0
202482,0
202483,1
202489,0
202490,0
202491,0
202493,1
202494,1
202495,0
202499,0
202501,0
202503,1
202505,1
202507,1
202508,1
202511,1
202512,1
202514,1
202515,1
202516,0
202518,0
202521,0
202522,0
202523,1
202525,0
202526,0
202527,0
202529,1
202531,1
202534,0
202536,0
202538,1
202540,1
202542,1
202543,0
202546,1
202547,1
202548,0
202549,1
202552,0
202554,0
202561,0
202562,0
202563,0
202564,1
202568,0
202571,1
202572,0
202573,1
202574,0
202575,1
202576,1
202579,0
202584,1
202587,0
202588,0
202589,0
202592,0
202595,1
202599,1
202606,0
202607,1
202608,0
202610,0
202611,0
202612,1
202613,1
202622,0
202624,1
202625,0
202629,0
202633,0
202634,1
202642,0
202643,0
202645,0
202646,1
202647,0
202648,1
202650,0
202653,1
202656,0
202657,0
202659,1
202660,1
202661,1
202662,1
202664,0
202665,0
202668,1
202670,0
202673,1
202676,1
202679,1
202683,1
202684,0
202685,0
202692,0
202705,1
202711,1
202713,1
202716,1
202718,0
202721,0
202729,0
202731,1
202734,1
202735,1
202737,0
202739,0
202741,1
202742,1
202743,1
202744,1
202746,0
202749,1
202755,0
202756,0
202758,1
202760,0
202761,1
202763,1
202765,0
202766,0
202768,1
202770,1
202774,0
202775,0
202778,0
202780,0
202781,0
202786,0
202790,1
202791,1
202793,0
202797,0
202801,1
202803,0
202808,0
202813,1
202814,1
202815,0
202820,1
202824,0
202825,1
202827,0
202829,0
202832,1
202833,0
202834,1
202842,1
202846,0
202847,0
202848,1
202850,0
202854,0
202859,1
202860,0
202863,1
202865,1
202869,0
202870,1
202878,1
202882,1
202883,0
202884,0
202885,0
202886,1
202887,0
202888,0
202890,0
202894,0
202895,0
202896,0
202899,0
202901,0
202902,1
202907,0
202908,0
202909,0
202915,0
202917,1
202918,1
202919,1
202921,1
202923,1
202924,0
202926,0
202930,0
202933,1
202934,1
202939,1
202942,1
202943,0
202949,1
202950,0
202952,1
202953,0
202955,1
202956,0
202957,1
202958,1
202963,0
202967,1
202968,0
202970,0
202973,0
202974,1
202975,0
202981,0
202982,0
202987,0
202988,0
202993,0
202997,0
203000,0
203004,1
203006,1
203007,1
203009,1
203013,1
203015,1
203016,0
203017,1
203020,1
203027,0
203028,0
203029,1
203030,1
203032,1
203035,0
203036,1
203038,1
203039,1
203040,0
203046,0
203048,1
203051,1
203053,0
203057,0
203058,1
203060,0
203063,0
203064,1
203065,1
203066,1
203071,0
203073,0
203074,0
203077,1
203078,1
203081,0
203082,1
203084,1
203085,0
203087,0
203088,0
203089,0
203091,0
203094,1
203100,0
203103,1
203104,1
203105,1
203106,1
203107,0
203114,0
203115,1
203117,0
203122,0
203123,1
203125,1
203127,1
203131,0
203133,1
203137,1
203141,1
203142,1
203145,1
203148,1
203152,0
203153,1
203154,0
203155,0
203156,1
203160,0
203161,0
203163,0
203164,1
203165,0
203168,1
203170,0
203172,0
203173,1
203174,1
203175,0
203178,1
203180,1
203181,1
203185,0
203186,0
203187,0
203192,1
203195,0
203196,0
203198,0
203199,1
203200,0
203208,1
203209,0
203212,1
203215,0
203218,1
203220,1
203221,1
203225,0
203231,1
203232,1
203240,0
203241,0
203242,1
203243,0
203245,0
203249,0
203253,1
203254,0
203255,0
203259,0
203268,1
203270,1
203274,1
203275,0
203276,0
203279,0
203281,0
203283,1
203285,1
203287,1
203290,1
203293,1
203294,1
203297,1
203299,0
203300,0
203302,0
203304,0
203309,1
203311,0
203312,0
203314,1
203315,1
203316,0
203319,1
203320,0
203321,1
203323,0
203326,0
203327,0
203329,0
203334,0
203337,0
203340,1
203341,0
203348,1
203352,1
203353,0
203360,0
203362,1
203363,1
203365,0
203366,1
203369,1
203370,0
203371,0
203375,1
203378,0
203382,0
203386,0
203387,1
203388,0
203395,0
203397,0
203398,0
203400,0
203408,1
203413,0
203414,1
203416,1
203417,1
203420,0
203422,1
203424,0
203425,0
203428,0
203431,1
203434,0
203437,1
203439,1
203442,0
203444,0
203449,0
203450,1
203452,0
203458,1
203461,1
203464,1
203468,1
203469,0
203475,1
203478,1
203479,0
203480,1
203485,1
203488,1
203489,0
203490,1
203491,0
203492,1
203494,1
203498,0
203500,0
203504,1
203505,1
203507,0
203511,1
203512,0
203514,1
203518,0
203519,0
203524,1
203529,0
203531,0
203532,1
203541,0
203544,0
203545,1
203547,1
203548,1
203550,1
203552,1
203553,1
203558,0
203559,1
203560,1
203561,1
203562,1
203564,0
203566,0
203571,1
203572,0
203573,0
203574,1
203577,1
203580,0
203581,1
203583,0
203585,0
203587,0
203591,1
203592,1
203593,0
203594,1
203596,1
203598,1
203600,0
203601,0
203613,0
203614,0
203617,1
203623,1
203624,1
203625,0
203632,1
203638,0
203640,0
203643,1
203647,1
203648,1
203649,0
203650,1
203651,1
203654,0
203656,0
203661,0
203662,1
203665,0
203666,0
203672,1
203674,0
203677,1
203678,0
203680,1
203687,0
203689,0
203692,0
203695,0
203699,1
203701,0
203702,1
203711,0
203712,1
203715,1
203718,0
203720,0
203721,1
203726,1
203727,0
203728,0
203729,1
203733,1
203734,0
203735,1
203736,0
203737,1
203739,1
203741,0
203746,0
203749,0
203752,0
203753,0
203755,0
203757,0
203758,0
203762,0
203765,0
203766,1
203767,0
203769,1
203776,0
203788,1
203789,0
203790,0
203791,1
203795,1
203799,0
203800,1
203803,0
203806,0
203813,0
203818,1
203819,0
203826,1
203830,1
203831,1
203833,0
203834,0
203835,0
203837,1
203842,0
203843,1
203844,1
203847,0
203850,1
203851,0
203852,1
203855,0
203858,0
203859,0
203860,0
203861,0
203862,0
203863,1
203868,0
203870,0
203871,0
203872,0
203873,1
203875,0
203876,1
203877,0
203878,0
203879,0
203880,0
203882,1
203886,0
203887,1
203889,1
203892,0
203895,0
203896,1
203897,1
203899,0
203901,1
203903,0
203907,1
203910,0
203911,1
203912,0
203913,1
203914,0
203917,1
203920,0
203922,1
203923,1
203924,1
203930,1
203931,0
203936,1
203937,1
203938,0
203939,1
203942,1
203944,1
203946,0
203950,1
203952,1
203954,0
203962,1
203964,1
203965,1
203968,0
203969,0
203972,1
203973,0
203974,0
203977,0
203978,0
203981,1
203984,0
203991,0
203992,1
203995,0
203996,1
203997,0
204001,1
204007,1
204011,1
204013,0
204015,0
204016,1
204017,0
204019,1
204022,0
204023,1
204024,0
204031,0
204034,1
204036,0
204039,1
204041,1
204043,0
204044,1
204045,1
204050,1
204051,1
204053,0
204063,1
204065,0
204066,0
204067,0
204068,0
204072,1
204076,0
204078,0
204079,0
204083,0
204084,0
204085,0
204087,1
204088,1
204091,0
204094,0
204095,0
204096,1
204098,0
204105,1
204106,0
204109,0
204114,0
204120,0
204123,1
204125,1
204128,0
204129,0
204130,0
204136,1
204137,1
204138,0
204142,0
204143,0
204145,0
204148,1
204149,0
204150,1
204152,1
204153,0
204155,1
204159,1
204160,0
204161,1
204163,1
204166,0
204171,0
204173,0
204176,0
204180,0
204181,1
204183,1
204184,1
204192,1
204193,1
204196,0
204198,0
204203,1
204204,0
204205,0
204206,1
204210,1
204212,0
204219,0
204220,0
204221,1
204224,1
204225,1
204227,1
204228,1
204231,0
204232,1
204233,1
204234,1
204239,0
204240,1
204241,1
204243,1
204246,1
204247,0
204249,0
204251,0
204252,0
204258,1
204259,0
204262,1
204263,1
204266,0
204268,0
204271,0
204274,0
204276,0
204278,1
204280,1
204281,1
204284,1
204288,0
204292,0
204294,1
204295,0
204299,0
204300,0
204301,1
204303,1
204312,0
204316,0
204319,0
204324,0
204325,0
204328,0
204329,0
204332,0
204337,0
204338,1
204339,0
204340,0
204341,0
204343,1
204346,1
204347,0
204349,1
204351,1
204353,0
204356,0
204358,1
204361,1
204364,0
204371,1
204372,0
204374,1
204376,0
204377,1
204379,0
204382,0
204383,1
204385,0
204388,1
204389,0
204390,0
204392,1
204395,0
204396,0
204397,0
204398,1
204399,0
204401,0
204403,1
204407,0
204412,0
204414,0
204419,0
204420,0
204422,0
204426,0
204427,0
204428,0
204430,1
204433,1
204436,0
204438,1
204440,1
204441,0
204445,1
204446,0
204451,1
204457,0
204459,1
204465,1
204468,0
204469,1
204471,0
204475,1
204476,1
204480,1
204481,0
204482,0
204483,0
204485,1
204487,1
204489,0
204493,1
204495,0
204496,0
204498,0
204501,0
204504,1
204507,1
204509,0
204513,0
204514,1
204515,1
204520,1
204522,0
204524,0
204526,1
204527,1
204529,0
204530,0
204532,0
204535,1
204536,0
204537,1
204538,0
204543,1
204544,1
204546,0
204553,1
204555,0
204559,1
204561,1
204564,0
204565,0
204567,1
204568,1
204573,0
204580,0
204585,1
204592,0
204598,1
204600,0
204601,1
204602,0
204604,0
204605,1
204606,0
204607,1
204608,1
204612,0
204614,1
204616,0
204619,0
204620,1
204624,0
204626,0
204627,1
204628,0
204630,0
204631,0
204635,1
204640,0
204641,0
204645,1
204647,0
204650,0
204652,0
204654,0
204655,0
204663,1
204665,1
204666,1
204672,1
204675,1
204679,1
204681,1
204687,1
204689,0
204690,1
204691,0
204694,0
204695,0
204696,1
204699,1
204705,1
204709,0
204713,0
204717,0
204720,1
204722,1
204730,1
204731,1
204732,0
204734,1
204736,0
204737,0
204738,1
204743,1
204745,0
204746,0
204748,1
204749,1
204756,1
204758,0
204763,1
204766,1
204767,0
204772,0
204775,0
204777,0
204778,0
204784,1
204785,1
204789,0
204790,1
204792,1
204795,0
204797,1
204798,1
204807,1
204808,0
204809,1
204811,1
204812,1
204813,0
204814,0
204816,0
204818,0
204820,0
204822,0
204824,1
204825,0
204827,1
204830,1
204831,0
204832,1
204833,1
204836,0
204837,0
204838,0
204839,0
204840,1
204842,1
204850,0
204851,0
204857,1
204860,0
204866,1
204868,0
204881,1
204885,1
204888,1
204892,1
204893,1
204897,0
204900,0
204902,1
204904,1
204906,1
204909,0
204911,1
204914,0
204916,0
204921,1
204922,1
204928,1
204935,0
204938,0
204944,1
204945,1
204946,1
204949,0
204953,0
204955,1
204956,1
204957,0
204958,0
204960,1
204961,1
204962,0
204963,1
204964,1
204965,1
204966,0
204969,0
204970,1
204974,1
204976,1
204978,1
204982,1
204985,0
204991,1
204992,1
204993,0
204994,0
204995,1
204998,0
204999,0
205000,1
205001,0
205005,1
205006,0
205011,0
205012,1
205014,0
205015,0
205019,0
205020,0
205024,1
205029,1
205031,0
205034,1
205040,1
205042,0
205043,0
205046,0
205047,0
205051,1
205053,1
205056,0
205057,0
205059,0
205060,0
205061,1
205062,0
205064,1
205066,0
205068,1
205069,0
205070,1
205075,0
205077,1
205083,0
205085,1
205087,1
205089,1
205092,1
205093,1
205096,0
205098,0
205099,0
205103,0
205104,1
205106,1
205108,1
205109,0
205114,1
205115,0
205120,0
205121,1
205123,0
205124,0
205133,1
205135,0
205142,1
205144,0
205147,0
205150,0
205151,0
205157,1
205161,1
205162,1
205166,1
205167,0
205168,1
205170,0
205172,0
205173,1
205174,1
205175,1
205177,1
205178,1
205182,0
205184,1
205187,0
205190,1
205192,0
205194,0
205196,1
205203,1
205204,1
205205,1
205206,1
205210,0
205212,0
205216,0
205218,1
205221,0
205222,1
205225,0
205232,1
205234,1
205242,0
205245,1
205246,1
205248,0
205249,0
205252,1
205263,0
205271,1
205272,1
205274,0
205275,0
205276,0
205277,1
205278,1
205282,0
205286,1
205287,0
205291,1
205293,0
205296,1
205298,1
205301,0
205302,1
205303,1
205306,0
205307,0
205310,0
205311,1
205314,1
205325,0
205327,1
205341,1
205342,0
205344,1
205347,0
205349,0
205351,1
205357,0
205358,0
205359,0
205360,0
205361,0
205363,1
205365,0
205367,1
205369,1
205374,0
205375,1
205377,0
205378,1
205379,1
205382,0
205384,0
205385,1
205386,1
205387,1
205389,1
205393,0
205395,0
205398,1
205402,1
205403,1
205404,0
205405,0
205406,0
205408,1
205409,0
205413,1
205414,1
205416,0
205418,0
205425,0
205426,1
205428,0
205433,0
205435,1
205436,0
205438,1
205440,0
205441,1
205443,0
205444,0
205445,1
205449,0
205450,0
205451,0
205454,1
205455,0
205457,0
205462,1
205464,0
205467,0
205470,1
205473,1
205475,0
205477,0
205478,0
205485,1
205487,1
205489,0
205490,1
205492,1
205495,1
205497,0
205500,1
205502,1
205503,0
205508,0
205509,1
205510,1
205512,0
205519,0
205520,0
205521,0
205523,1
205524,1
205526,0
205527,1
205529,1
205531,0
205532,1
205535,1
205536,0
205538,0
205539,0
205540,1
205541,0
205542,0
205543,1
205544,0
205548,0
205549,1
205550,0
205553,1
205556,0
205557,0
205558,0
205560,0
205561,0
205562,1
205568,1
205570,0
205572,1
205574,0
205578,1
205580,0
205584,0
205590,0
205591,0
205592,0
205595,1
205596,0
205597,0
205598,1
205601,1
205603,0
205605,1
205609,0
205611,1
205617,1
205620,1
205625,1
205626,1
205627,0
205628,1
205629,0
205632,0
205633,0
205634,1
205636,0
205640,0
205641,1
205647,0
205653,1
205654,1
205655,1
205656,0
205659,0
205660,1
205662,0
205664,0
205665,0
205667,1
205670,1
205672,0
205676,0
205677,1
205682,1
205684,0
205688,0
205689,0
205694,0
205695,0
205698,0
205700,0
205706,0
205710,1
205712,0
205715,1
205718,0
205719,1
205722,1
205723,0
205724,0
205727,1
205728,1
205737,1
205742,0
205744,1
205745,1
205747,0
205756,1
205761,1
205764,1
205766,0
205769,0
205771,1
205772,0
205775,1
205777,0
205782,0
205783,1
205784,1
205785,0
205786,0
205788,0
205790,1
205791,1
205794,0
205795,1
205799,0
205800,0
205802,1
205805,0
205807,1
205811,0
205815,1
205816,1
205817,0
205818,1
205821,0
205822,1
205823,1
205825,0
205829,1
205833,1
205834,1
205838,0
205841,0
205842,0
205843,0
205851,1
205853,0
205854,0
205857,1
205858,0
205861,1
205862,1
205863,1
205868,0
205871,1
205872,1
205878,1
205879,1
205880,0
205882,1
205886,0
205892,0
205903,1
205906,0
205907,0
205909,0
205910,0
205911,0
205913,1
205914,1
205915,0
205916,0
205918,0
205919,1
205920,0
205921,0
205923,0
205927,1
205928,0
205930,1
205931,0
205935,1
205936,1
205938,1
205941,1
205942,0
205944,0
205945,1
205946,1
205947,1
205950,1
205954,1
205956,0
205957,1
205960,0
205961,1
205962,0
205969,1
205971,0
205973,1
205975,1
205979,0
205982,0
205983,1
205985,1
205986,0
205987,0
205988,1
205989,0
205990,0
205991,0
205992,0
205995,0
205997,0
205999,0
206004,1
206015,1
206020,1
206027,0
206031,0
206032,0
206033,1
206034,1
206036,0
206037,1
206039,0
206043,0
206045,0
206050,1
206051,0
206053,1
206056,0
206057,1
206058,0
206059,1
206061,0
206062,1
206063,0
206064,1
206065,1
206066,1
206069,0
206074,0
206077,0
206080,0
206082,1
206085,0
206090,1
206092,1
206093,0
206094,1
206097,1
206098,0
206099,0
206102,1
206103,1
206104,1
206106,0
206107,1
206116,1
206120,0
206123,0
206127,0
206128,1
206129,1
206133,1
206139,0
206140,0
206143,1
206149,0
206151,1
206156,0
206157,1
206160,1
206165,1
206168,1
206175,1
206177,0
206178,1
206180,0
206182,0
206183,1
206186,1
206187,0
206195,1
206196,0
206198,1
206202,1
206203,0
206204,1
206205,1
206206,1
206207,0
206212,1
206216,0
206222,1
206224,0
206226,0
206228,1
206229,0
206230,0
206233,0
206234,1
206235,1
206237,0
206238,1
206240,1
206245,0
206247,1
206248,1
206250,0
206252,0
206254,0
206259,0
206260,1
206262,1
206264,0
206265,0
206267,0
206268,1
206270,1
206271,0
206272,0
206274,1
206276,1
206277,0
206279,1
206280,1
206282,0
206284,0
206286,0
206287,0
206290,0
206291,1
206292,1
206293,1
206296,0
206297,1
206302,0
206303,0
206306,1
206308,0
206309,1
206310,1
206311,0
206312,0
206314,1
206315,0
206319,0
206321,0
206322,0
206323,0
206324,1
206325,1
206328,0
206329,0
206330,0
206332,0
206334,0
206335,1
206336,0
206349,0
206352,0
206355,0
206356,1
206357,0
206361,1
206362,0
206363,1
206367,1
206371,0
206372,1
206373,0
206375,1
206377,0
206379,1
206384,0
206385,1
206386,1
206388,1
206392,0
206393,0
206394,0
206396,0
206397,1
206399,0
206400,0
206402,0
206403,0
206404,1
206405,0
206406,0
206407,0
206408,0
206409,1
206410,0
206423,0
206424,1
206431,0
206432,1
206433,0
206439,0
206447,0
206448,0
206452,1
206453,1
206455,1
206456,0
206458,0
206460,0
206462,0
206464,1
206467,1
206470,0
206471,0
206474,0
206476,0
206477,1
206479,1
206481,0
206482,0
206486,0
206487,1
206489,1
206490,1
206492,1
206496,1
206504,1
206506,0
206507,0
206510,0
206512,0
206515,1
206516,0
206518,0
206523,1
206526,1
206539,0
206542,1
206544,0
206547,1
206548,1
206551,1
206552,0
206553,0
206555,1
206556,1
206561,0
206567,1
206569,1
206570,1
206572,1
206573,1
206576,0
206577,1
206580,1
206582,0
206584,1
206587,0
206590,0
206591,1
206592,0
206595,0
206596,0
206597,0
206598,0
206599,1
206600,1
206602,0
206606,0
206608,0
206610,0
206611,0
206612,0
206613,1
206617,1
206618,0
206619,1
206620,1
206625,1
206628,0
206629,1
206632,0
206633,0
206634,0
206635,1
206638,0
206642,0
206644,1
206650,1
206652,1
206654,1
206655,1
206656,1
206661,1
206665,0
206667,0
206669,0
206670,1
206671,0
206678,0
206680,0
206681,1
206682,0
206687,0
206688,0
206689,1
206692,1
206695,0
206698,0
206700,1
206704,1
206705,0
206708,1
206709,1
206710,1
206711,1
206712,1
206713,1
206716,1
206726,0
206727,0
206730,0
206732,1
206736,0
206737,0
206738,1
206739,1
206742,0
206744,1
206745,0
206747,0
206750,1
206754,1
206755,1
206757,0
206759,0
206761,0
206762,0
206765,0
206767,1
206774,0
206775,0
206776,1
206777,1
206780,1
206785,0
206792,0
206793,0
206798,1
206800,1
206802,0
206807,0
206810,0
206813,1
206816,1
206825,1
206831,0
206832,0
206834,0
206840,0
206845,1
206846,1
206847,0
206848,0
206856,0
206857,0
206860,1
206861,0
206862,1
206863,1
206864,0
206866,1
206868,0
206871,0
206875,0
206876,0
206878,0
206879,1
206880,0
206882,1
206884,0
206886,0
206887,0
206888,0
206890,1
206891,1
206897,1
206901,1
206902,0
206907,1
206908,0
206913,0
206914,0
206917,0
206921,0
206925,0
206929,1
206933,1
206934,1
206936,1
206937,1
206940,0
206943,0
206947,0
206950,0
206954,1
206955,0
206957,0
206959,1
206962,1
206967,0
206968,0
206972,0
206973,1
206977,0
206978,0
206979,1
206980,1
206981,0
206982,0
206986,0
206987,1
206988,0
206991,0
206992,0
206994,0
206995,0
206996,0
206999,1
207000,0
207002,0
207006,0
207014,1
207016,0
207018,1
207020,1
207021,0
207026,0
207028,0
207029,0
207031,0
207035,0
207040,0
207041,0
207042,0
207044,0
207047,1
207048,0
207049,0
207050,1
207053,0
207054,1
207055,0
207058,0
207059,1
207060,1
207064,1
207067,1
207068,0
207069,1
207073,0
207076,1
207077,1
207079,1
207082,1
207083,1
207085,1
207086,0
207088,0
207089,0
207090,0
207091,0
207095,0
207096,1
207099,1
207102,1
207103,0
207104,0
207106,0
207107,1
207109,0
207113,0
207117,0
207119,1
207120,1
207123,1
207124,1
207126,1
207127,0
207128,0
207131,0
207132,1
207133,0
207136,0
207139,1
207140,1
207144,1
207149,0
207150,0
207158,0
207160,0
207161,1
207163,0
207165,1
207166,0
207167,0
207170,1
207171,0
207172,0
207173,1
207175,0
207176,0
207179,0
207180,0
207182,0
207184,0
207190,0
207195,1
207196,1
207198,1
207205,0
207206,1
207210,1
207211,0
207213,1
207215,0
207216,0
207217,0
207220,0
207221,1
207223,0
207228,0
207232,1
207233,1
207235,1
207244,0
207245,0
207246,1
207247,0
207249,0
207250,0
207254,0
207255,1
207260,1
207261,1
207263,1
207264,1
207265,0
207267,1
207271,1
207275,1
207276,0
207277,0
207278,1
207279,0
207284,0
207285,0
207289,1
207297,0
207308,0
207310,1
207312,1
207313,1
207316,1
207320,1
207325,0
207326,1
207328,0
207333,0
207335,0
207337,0
207339,0
207341,1
207342,0
207344,0
207346,0
207347,0
207348,0
207349,1
207350,0
207351,0
207352,0
207355,0
207356,0
207357,1
207360,0
207363,0
207365,0
207366,0
207368,0
207370,1
207371,1
207373,0
207374,1
207375,0
207376,1
207377,0
207379,1
207381,1
207383,0
207384,1
207385,0
207386,1
207395,1
207396,0
207397,0
207401,1
207403,1
207411,1
207417,0
207418,0
207421,1
207425,1
207426,1
207428,0
207429,0
207430,0
207432,1
207439,1
207441,0
207442,0
207444,1
207447,1
207448,1
207449,1
207451,1
207453,1
207458,1
207459,1
207461,0
207462,1
207465,1
207474,1
207479,1
207481,1
207483,0
207486,1
207488,0
207489,0
207491,1
207493,1
207497,0
207500,1
207504,0
207506,1
207510,1
207511,1
207512,1
207517,0
207521,1
207524,0
207527,0
207528,0
207545,0
207546,0
207549,1
207550,0
207551,1
207552,0
207553,1
207554,0
207555,1
207556,1
207560,0
207563,1
207565,0
207566,0
207567,0
207572,0
207573,1
207577,1
207584,1
207586,1
207587,1
207588,0
207589,0
207592,1
207594,0
207598,0
207599,0
207601,0
207605,0
207607,1
207608,0
207614,0
207615,0
207616,1
207621,0
207628,0
207629,0
207635,0
207637,1
207638,1
207639,1
207640,0
207642,0
207645,1
207646,1
207648,1
207649,1
207652,0
207658,1
207664,0
207666,0
207668,0
207671,0
207672,0
207678,1
207680,0
207681,1
207683,0
207685,1
207686,0
207688,1
207690,1
207691,0
207693,0
207694,0
207695,1
207699,0
207700,0
207703,1
207710,1
207713,0
207717,0
207722,0
207726,1
207728,0
207730,1
207734,0
207739,0
207740,1
207742,0
207744,0
207747,1
207749,0
207750,0
207753,0
207755,1
207756,0
207757,0
207758,0
207759,0
207760,0
207762,0
207763,0
207764,0
207766,0
207771,0
207774,1
207776,1
207777,0
207778,0
207781,0
207788,0
207789,1
207790,1
207791,0
207793,1
207794,1
207795,1
207797,1
207800,1
207801,1
207803,0
207804,0
207805,0
207808,0
207810,1
207813,1
207814,1
207816,0
207820,0
207823,0
207824,0
207827,0
207828,1
207832,0
207835,1
207836,0
207837,1
207838,0
207842,0
207847,0
207849,1
207854,1
207855,1
207856,0
207858,1
207866,1
207867,1
207868,0
207869,0
207871,0
207873,1
207875,1
207881,0
207883,1
207887,1
207889,0
207895,0
207896,0
207899,0
207900,1
207902,0
207904,0
207905,0
207906,1
207909,0
207912,1
207924,1
207925,1
207928,0
207929,0
207930,1
207933,1
207934,0
207935,0
207937,1
207938,1
207939,1
207941,0
207942,0
207943,0
207946,0
207947,0
207948,1
207956,1
207959,1
207960,0
207962,0
207966,0
207968,0
207969,1
207970,0
207971,0
207972,1
207975,1
207976,1
207978,0
207979,1
207982,0
207983,1
207984,0
207985,0
207986,0
207988,1
207995,0
207996,1
207997,1
207998,1
208000,0
208001,1
208002,1
208003,1
208007,1
208010,1
208012,0
208015,0
208016,0
208017,0
208020,1
208023,0
208025,0
208033,0
208034,1
208036,1
208039,0
208040,0
208041,1
208043,0
208046,0
208048,1
208049,0
208054,0
208056,1
208062,0
208063,1
208065,1
208066,1
208067,0
208069,0
208073,0
208076,0
208077,0
208079,1
208083,1
208091,1
208094,0
208097,0
208101,1
208105,0
208108,1
208109,0
208110,1
208114,0
208121,0
208122,0
208123,0
208126,0
208127,1
208131,0
208132,0
208134,0
208135,1
208141,1
208144,0
208145,0
208148,0
208149,1
208151,1
208153,0
208154,1
208156,0
208160,0
208161,0
208163,1
208166,1
208167,0
208173,1
208176,1
208179,0
208180,1
208181,0
208182,0
208183,0
208186,0
208192,1
208193,1
208194,0
208196,0
208197,1
208198,0
208199,1
208201,0
208205,0
208211,0
208217,0
208218,1
208220,1
208222,0
208223,0
208226,1
208227,1
208232,1
208234,0
208236,0
208237,0
208239,1
208241,0
208243,0
208246,1
208251,1
208254,0
208264,0
208266,1
208271,1
208273,1
208274,0
208277,1
208278,1
208280,0
208281,1
208284,0
208286,0
208288,1
208293,0
208294,0
208296,1
208303,1
208304,0
208307,0
208308,0
208309,0
208312,0
208313,1
208314,1
208318,0
208319,1
208321,0
208323,0
208324,1
208325,0
208328,0
208329,0
208331,1
208332,0
208333,1
208334,0
208338,0
208339,0
208340,0
208341,0
208342,0
208344,1
208349,0
208351,1
208353,1
208354,0
208360,0
208363,0
208369,0
208374,0
208377,1
208380,1
208381,1
208388,0
208389,0
208390,1
208396,0
208398,0
208399,0
208402,0
208405,1
208409,1
208413,0
208415,1
208418,1
208423,0
208424,1
208432,0
208433,0
208437,0
208440,0
208441,0
208442,1
208444,0
208445,1
208450,0
208451,0
208453,0
208454,0
208455,1
208456,0
208457,0
208458,1
208460,0
208462,1
208463,1
208464,1
208465,0
208468,1
208470,0
208473,0
208475,1
208477,1
208478,1
208479,0
208482,1
208487,0
208488,1
208489,1
208493,0
208494,0
208496,0
208500,1
208509,0
208511,0
208513,0
208515,1
208518,1
208521,1
208524,0
208525,0
208527,1
208529,1
208532,0
208545,1
208546,0
208549,1
208553,0
208554,1
208555,1
208557,1
208558,0
208560,1
208566,0
208568,0
208570,0
208577,0
208580,1
208581,1
208582,0
208583,0
208584,1
208586,0
208591,0
208592,0
208593,0
208596,1
208598,0
208600,0
208602,0
208605,0
208606,0
208607,1
208611,0
208612,0
208613,0
208617,0
208618,1
208619,0
208620,0
208623,1
208625,0
208626,1
208628,0
208630,1
208633,1
208634,0
208636,1
208637,1
208639,0
208641,0
208647,0
208649,0
208654,0
208656,1
208657,0
208658,0
208659,0
208661,0
208662,0
208670,0
208671,0
208672,0
208675,0
208676,0
208677,1
208680,0
208683,1
208685,1
208687,0
208688,0
208690,1
208692,0
208694,1
208695,0
208697,1
208698,1
208699,0
208701,1
208708,1
208710,1
208711,0
208718,0
208725,0
208726,0
208727,0
208728,0
208731,1
208737,0
208738,0
208739,1
208741,1
208743,1
208744,1
208745,1
208753,1
208755,0
208757,0
208758,0
208761,0
208762,0
208767,0
208768,1
208770,1
208772,0
208776,0
208777,1
208781,0
208783,1
208787,0
208788,0
208789,1
208791,0
208795,1
208798,0
208800,0
208801,1
208803,1
208808,1
208815,1
208817,0
208818,0
208825,0
208826,0
208827,0
208828,1
208830,1
208831,0
208833,0
208834,0
208836,0
208837,1
208838,1
208839,1
208842,1
208846,0
208847,1
208848,0
208850,0
208851,0
208853,1
208854,0
208855,0
208858,0
208861,0
208862,1
208863,1
208864,1
208866,0
208868,0
208871,0
208873,0
208875,1
208878,0
208879,0
208880,0
208882,0
208885,0
208888,0
208889,1
208891,0
208894,1
208895,0
208897,0
208898,0
208899,0
208901,0
208902,1
208903,0
208904,1
208905,0
208909,1
208911,0
208914,1
208917,1
208920,1
208924,1
208926,0
208927,0
208930,1
208931,1
208935,0
208936,1
208937,0
208939,0
208943,1
208946,1
208950,0
208952,0
208955,0
208958,0
208959,0
208963,0
208972,1
208974,0
208976,0
208979,1
208982,1
208983,1
208984,0
208986,1
208987,0
208989,0
208990,0
208992,0
208998,0
208999,0
209004,1
209005,0
209006,0
209008,0
209010,0
209012,0
209014,0
209015,1
209016,0
209017,0
209022,1
209031,0
209035,0
209038,1
209041,1
209042,0
209043,0
209047,1
209048,1
209049,0
209053,0
209054,0
209055,1
209062,1
209063,0
209065,1
209067,1
209068,1
209071,0
209072,1
209073,0
209074,1
209075,1
209087,1
209089,0
209090,0
209091,0
209092,1
209096,1
209097,0
209100,1
209101,0
209108,1
209110,0
209112,1
209113,1
209114,1
209117,1
209118,0
209120,1
209122,1
209123,1
209127,0
209130,0
209131,0
209136,0
209142,1
209145,0
209148,1
209149,0
209151,0
209155,0
209156,0
209162,1
209163,0
209164,0
209166,0
209168,1
209171,1
209174,1
209175,1
209178,0
209180,0
209181,0
209182,0
209184,0
209186,1
209190,0
209192,1
209194,1
209195,0
209197,0
209198,0
209201,0
209202,1
209204,0
209205,0
209208,1
209215,1
209216,0
209217,0
209218,1
209220,0
209221,0
209223,1
209226,0
209230,0
209232,0
209234,1
209237,1
209238,0
209242,0
209243,0
209245,0
209246,1
209247,1
209249,1
209253,1
209256,0
209257,0
209258,1
209260,0
209261,1
209263,0
209271,0
209272,1
209274,1
209275,1
209280,1
209281,1
209285,0
209287,0
209289,1
209291,1
209294,0
209300,0
209301,0
209303,0
209304,0
209305,1
209306,1
209308,0
209309,1
209313,0
209314,0
209315,0
209316,0
209321,0
209325,0
209327,0
209328,1
209329,0
209330,0
209331,0
209336,0
209337,0
209340,0
209341,0
209345,1
209348,0
209349,1
209351,1
209352,0
209354,1
209355,0
209356,0
209358,1
209360,0
209361,0
209362,1
209370,0
209373,1
209374,1
209375,1
209376,0
209378,1
209380,1
209381,0
209385,1
209389,1
209390,0
209393,1
209394,1
209398,0
209400,0
209401,1
209403,1
209405,0
209413,0
209418,0
209420,1
209426,0
209427,1
209428,1
209429,0
209431,1
209434,0
209439,0
209443,1
209444,1
209445,1
209448,0
209450,0
209453,1
209454,1
209457,0
209460,0
209463,1
209468,0
209473,1
209474,0
209478,1
209480,1
209481,0
209483,0
209485,0
209489,0
209491,0
209495,1
209497,0
209498,1
209499,1
209500,0
209502,0
209504,0
209505,0
209508,1
209515,0
209517,0
209519,0
209520,0
209526,0
209530,1
209531,1
209532,0
209533,1
209536,0
209540,0
209541,0
209543,1
209544,0
209546,0
209548,0
209549,1
209551,1
209560,0
209564,0
209565,1
209568,0
209569,0
209571,0
209575,1
209577,1
209579,0
209580,1
209581,0
209582,1
209585,1
209586,1
209589,1
209590,0
209591,1
209592,0
209593,1
209597,0
209598,1
209599,1
209600,1
209601,0
209609,0
209614,0
209617,0
209618,0
209619,0
209620,0
209623,0
209624,1
209625,1
209629,0
209631,0
209633,0
209640,0
209641,0
209644,1
209645,0
209646,0
209649,0
209650,1
209651,1
209652,1
209653,0
209657,1
209659,0
209665,0
209668,0
209669,1
209674,0
209676,1
209677,1
209682,1
209683,0
209686,0
209689,1
209690,1
209691,0
209695,0
209698,0
209701,0
209703,1
209705,1
209708,0
209709,0
209713,1
209715,0
209719,0
209720,0
209724,1
209727,0
209733,1
209736,1
209738,0
209740,1
209743,0
209745,0
209748,1
209753,0
209754,0
209755,1
209760,1
209764,1
209765,0
209766,1
209768,1
209769,1
209778,0
209782,0
209784,0
209785,0
209787,1
209789,0
209791,1
209793,1
209800,1
209801,1
209802,0
209803,1
209807,0
209810,0
209814,0
209824,0
209827,1
209830,0
209831,0
209832,1
209836,1
209841,1
209845,1
209849,0
209855,0
209856,0
209860,0
209861,1
209865,1
209866,1
209870,1
209871,0
209873,0
209874,1
209876,0
209878,0
209880,1
209881,1
209882,0
209885,0
209889,0
209892,1
209893,0
209894,0
209895,0
209899,1
209906,0
209907,1
209912,1
209916,1
209917,0
209918,0
209919,1
209920,0
209921,1
209923,0
209924,0
209927,0
209928,1
209932,0
209933,1
209941,0
209942,0
209943,0
209945,1
209946,1
209947,0
209948,1
209949,1
209953,1
209954,1
209955,1
209957,1
209963,1
209965,1
209967,0
209968,0
209969,0
209970,1
209971,1
209973,1
209974,1
209978,1
209979,1
209982,1
209984,1
209987,1
209988,0
209989,0
209992,0
209995,1
210000,0
210001,1
210003,0
210008,1
210009,0
210010,0
210012,0
210015,0
210019,0
210022,1
210023,1
210025,1
210028,0
210029,1
210031,0
210033,1
210041,1
210043,0
210045,1
210048,0
210049,0
210050,1
210051,0
210052,0
210055,1
210058,1
210060,0
210064,1
210072,0
210075,1
210076,0
210078,0
210080,1
210087,1
210091,0
210095,1
210099,1
210100,0
210103,0
210104,1
210106,0
210107,0
210110,1
210111,0
210113,0
210114,1
210115,1
210116,0
210120,1
210124,0
210126,1
210131,0
210136,1
210137,1
210141,1
210142,0
210145,1
210150,1
210151,0
210153,1
210155,0
210156,0
210157,1
210158,1
210159,1
210162,1
210163,1
210167,0
210170,1
210171,1
210172,1
210175,0
210177,1
210179,0
210182,1
210184,0
210185,0
210188,0
210190,1
210191,1
210192,1
210193,0
210198,0
210206,0
210207,0
210208,0
210210,0
210211,0
210214,1
210215,1
210217,1
210218,1
210219,1
210222,0
210223,0
210224,1
210225,0
210230,0
210234,1
210235,1
210237,1
210241,0
210247,0
210248,1
210250,1
210251,1
210253,0
210257,0
210258,0
210262,0
210263,0
210264,0
210268,0
210270,1
210272,1
210273,0
210279,1
210280,0
210284,0
210285,1
210287,1
210292,1
210296,1
210297,1
210301,0
210303,1
210312,0
210313,0
210317,0
210319,0
210327,0
210329,0
210330,1
210331,1
210332,0
210334,1
210337,0
210338,1
210339,0
210341,1
210344,0
210348,1
210349,1
210350,1
210352,1
210353,1
210355,0
210364,0
210365,1
210367,0
210374,1
210376,1
210379,1
210382,0
210383,0
210386,0
210390,0
210394,1
210395,1
210397,0
210398,1
210399,0
210402,1
210403,1
210416,1
210417,1
210418,1
210420,0
210421,0
210422,0
210423,1
210424,0
210425,1
210426,0
210430,1
210434,1
210435,1
210437,1
210439,1
210440,0
210442,1
210443,1
210445,0
210446,1
210452,0
210457,1
210461,0
210464,1
210466,1
210469,0
210472,0
210475,1
210481,1
210484,1
210485,1
210487,0
210489,0
210490,1
210497,0
210499,1
210501,0
210504,1
210506,0
210508,0
210513,1
210517,0
210519,0
210520,1
210523,0
210524,1
210529,1
210532,1
210534,1
210535,0
210539,0
210541,1
210542,1
210543,0
210547,1
210549,0
210554,1
210555,1
210560,0
210561,1
210563,0
210564,1
210565,0
210566,0
210570,0
210575,1
210576,0
210579,0
210583,0
210586,0
210587,0
210588,1
210589,0
210592,1
210597,1
210600,0
210604,0
210605,1
210606,1
210607,1
210611,1
210613,0
210617,0
210622,0
210623,0
210624,1
210625,1
210627,1
210628,1
210632,0
210635,0
210638,1
210640,0
210642,0
210645,1
210646,1
210649,0
210652,0
210653,1
210654,0
210655,1
210656,0
210657,1
210659,0
210660,1
210662,0
210665,0
210667,1
210673,0
210677,1
210678,1
210679,0
210680,0
210681,0
210683,0
210684,1
210686,0
210687,0
210689,1
210693,1
210694,0
210696,0
210697,0
210698,1
210700,1
210701,0
210702,1
210705,0
210706,1
210711,0
210718,0
210719,1
210720,1
210721,1
210722,1
210725,0
210728,1
210731,0
210732,0
210733,0
210735,1
210736,1
210741,1
210743,0
210748,1
210751,0
210755,1
210756,1
210758,1
210759,1
210764,0
210768,0
210769,1
210776,1
210779,0
210780,0
210784,0
210787,0
210789,1
210796,0
210797,1
210798,0
210800,1
210801,1
210802,0
210808,1
210812,0
210814,0
210815,1
210819,0
210823,1
210824,1
210825,1
210826,0
210828,0
210830,0
210831,1
210832,0
210834,1
210844,1
210845,0
210846,0
210847,0
210848,0
210852,0
210853,1
210854,1
210856,0
210858,0
210860,1
210861,0
210864,1
210867,0
210870,1
210871,0
210874,1
210875,1
210879,1
210880,1
210882,1
210883,0
210884,0
210885,1
210888,1
210889,1
210891,1
210894,1
210896,1
210897,1
210903,0
210905,0
210906,0
210907,1
210910,0
210913,0
210915,0
210916,1
210918,1
210920,0
210922,1
210923,0
210929,1
210930,0
210932,0
210935,1
210938,0
210940,0
210941,0
210942,0
210945,0
210946,0
210947,0
210952,0
210954,0
210961,0
210964,0
210968,0
210969,0
210974,1
210976,1
210978,0
210979,1
210982,1
210983,1
210984,0
210986,0
210997,0
210999,0
211006,0
211016,0
211018,1
211019,0
211021,0
211025,0
211026,1
211033,0
211035,0
211038,0
211039,0
211044,1
211046,0
211047,0
211048,1
211054,1
211056,0
211058,0
211059,1
211061,0
211066,0
211068,0
211069,0
211071,0
211076,1
211087,0
211089,1
211091,0
211092,0
211094,1
211095,0
211100,0
211101,1
211103,0
211106,1
211107,0
211108,0
211110,0
211115,0
211116,1
211117,0
211118,0
211126,1
211131,0
211132,1
211133,0
211136,0
211137,0
211138,1
211142,0
211145,1
211146,0
211149,1
211152,0
211153,1
211155,0
211156,1
211161,0
211163,0
211164,0
211166,1
211168,0
211172,1
211181,0
211184,1
211186,0
211189,0
211190,1
211191,0
211193,0
211194,0
211195,0
211196,1
211198,0
211201,0
211204,1
211206,0
211212,1
211214,1
211217,0
211218,0
211219,0
211221,1
211225,0
211226,1
211228,0
211229,0
211232,1
211235,0
211239,0
211240,1
211246,0
211249,0
211250,1
211252,1
211254,0
211256,0
211261,1
211265,0
211267,1
211268,0
211271,0
211278,0
211282,1
211284,1
211285,1
211286,1
211288,1
211289,0
211293,1
211296,0
211304,1
211305,1
211306,0
211307,0
211310,0
211311,1
211314,0
211315,1
211316,1
211317,0
211318,0
211321,1
211322,0
211327,1
211333,1
211335,0
211337,0
211338,1
211339,1
211340,0
211347,1
211349,0
211350,0
211351,0
211353,1
211357,1
211358,1
211360,0
211363,0
211368,0
211370,0
211374,0
211375,0
211377,1
211380,0
211383,0
211384,0
211385,1
211387,1
211390,0
211392,0
211394,1
211395,1
211402,1
211403,0
211406,0
211407,1
211408,0
211409,0
211410,0
211420,0
211421,0
211423,0
211424,1
211425,1
211429,1
211430,0
211433,0
211437,0
211441,1
211443,1
211444,0
211445,1
211449,0
211450,1
211452,1
211454,1
211455,1
211464,0
211468,0
211469,0
211473,0
211475,0
211480,0
211483,1
211484,1
211486,0
211487,1
211488,1
211489,0
211493,1
211495,1
211496,1
211498,1
211500,1
211502,1
211507,0
211508,0
211511,0
211512,1
211513,1
211516,1
211525,0
211528,1
211529,1
211535,1
211538,0
211540,1
211542,1
211543,0
211544,0
211548,1
211551,1
211554,0
211556,1
211557,0
211559,0
211560,1
211564,0
211568,0
211570,1
211575,1
211576,0
211583,0
211595,1
211597,0
211598,0
211599,1
211600,1
211604,1
211605,1
211606,1
211607,0
211611,0
211615,0
211618,0
211621,0
211623,0
211625,1
211626,1
211627,1
211629,1
211634,0
211639,1
211643,0
211644,0
211647,1
211648,1
211652,0
211655,0
211657,1
211665,1
211666,1
211669,0
211676,1
211677,0
211680,0
211686,1
211687,1
211688,1
211690,1
211691,0
211694,1
211698,1
211699,0
211703,0
211705,0
211707,0
211708,1
211709,1
211712,0
211713,1
211717,0
211719,1
211720,0
211724,0
211725,1
211728,1
211732,1
211736,0
211738,1
211742,0
211747,0
211749,0
211753,1
211757,0
211758,0
211760,0
211763,0
211766,0
211770,1
211771,0
211773,1
211774,1
211775,0
211776,1
211779,1
211780,1
211781,1
211785,0
211786,0
211789,0
211791,0
211794,0
211795,0
211797,0
211799,0
211800,1
211804,1
211807,1
211809,0
211813,1
211818,0
211819,0
211821,1
211824,0
211825,0
211826,1
211831,0
211834,1
211839,1
211841,1
211842,0
211843,1
211848,0
211852,0
211854,0
211860,0
211868,0
211871,1
211872,1
211874,1
211875,1
211878,0
211879,0
211884,0
211888,1
211889,0
211891,1
211892,0
211895,0
211899,0
211901,1
211902,0
211904,1
211906,0
211914,1
211916,1
211921,1
211922,0
211924,1
211925,0
211926,1
211927,1
211930,1
211932,1
211934,1
211935,1
211936,0
211938,0
211940,0
211941,0
211942,0
211943,0
211946,0
211947,0
211948,0
211949,0
211952,1
211953,0
211954,0
211955,1
211962,1
211963,1
211965,0
211966,0
211968,0
211972,0
211973,1
211974,0
211978,0
211979,0
211981,0
211982,1
211985,0
211986,1
211987,1
211992,1
211999,0
212000,1
212003,1
212004,1
212012,0
212013,0
212015,0
212027,1
212028,0
212029,0
212032,0
212036,1
212037,1
212040,1
212042,0
212047,0
212051,0
212053,1
212056,1
212061,1
212062,0
212063,1
212064,0
212065,0
212067,0
212070,1
212071,0
212073,1
212074,0
212075,1
212076,1
212079,1
212080,0
212081,1
212085,0
212088,1
212092,0
212093,1
212095,0
212096,1
212098,0
212099,0
212100,1
212102,0
212108,0
212110,0
212115,1
212117,0
212121,1
212124,0
212125,1
212127,1
212128,1
212130,1
212131,0
212132,1
212135,0
212138,0
212147,1
212150,1
212151,0
212153,0
212155,0
212157,0
212159,1
212160,0
212161,0
212162,0
212167,0
212169,0
212172,1
212173,0
212175,0
212177,0
212181,1
212182,1
212188,0
212189,0
212193,1
212194,0
212197,0
212198,0
212201,0
212205,1
212206,1
212209,1
212215,0
212216,0
212218,1
212219,1
212225,1
212227,0
212231,0
212232,1
212233,0
212234,1
212235,1
212238,1
212239,0
212240,1
212242,1
212244,0
212246,0
212253,0
212254,0
212255,1
212256,1
212263,0
212271,0
212272,0
212274,1
212275,0
212276,0
212279,0
212281,0
212285,1
212287,0
212289,0
212294,0
212296,1
212298,0
212300,1
212301,1
212305,0
212307,1
212309,0
212315,1
212322,0
212326,0
212327,0
212330,0
212332,0
212338,1
212341,0
212345,0
212348,0
212351,0
212357,1
212361,1
212362,1
212368,1
212370,0
212371,1
212372,0
212374,0
212375,1
212378,1
212385,1
212388,1
212390,0
212392,0
212395,0
212396,0
212397,0
212399,0
212400,1
212403,1
212404,1
212405,1
212406,0
212408,1
212411,0
212412,0
212416,1
212417,1
212419,0
212426,1
212428,1
212430,0
212432,0
212437,0
212442,1
212446,0
212449,1
212452,1
212454,0
212456,0
212458,0
212459,0
212460,0
212461,1
212462,1
212463,0
212465,0
212467,0
212470,0
212471,0
212474,0
212475,0
212476,0
212477,1
212478,1
212480,0
212483,0
212484,0
212485,0
212486,0
212487,0
212489,0
212490,0
212492,1
212495,1
212497,1
212500,0
212504,1
212505,1
212506,0
212509,0
212510,0
212511,1
212512,0
212513,1
212517,1
212518,0
212522,0
212526,1
212530,0
212531,0
212532,0
212536,0
212537,0
212540,0
212541,0
212549,0
212550,1
212551,0
212554,1
212556,0
212557,1
212558,1
212560,0
212565,1
212570,1
212571,1
212572,0
212573,0
212576,0
212579,1
212580,0
212582,0
212583,1
212585,0
212589,1
212593,0
212594,0
212595,0
212596,0
212604,0
212606,0
212608,0
212610,1
212612,0
212613,1
212616,0
212619,0
212623,0
212624,1
212626,1
212629,0
212630,1
212635,0
212636,0
212638,0
212646,0
212647,0
212649,1
212654,0
212655,1
212658,0
212664,0
212665,0
212667,0
212669,0
212671,1
212672,1
212674,0
212675,1
212676,0
212677,1
212678,0
212679,0
212681,0
212682,0
212686,1
212687,0
212690,0
212691,1
212692,1
212702,0
212703,0
212710,1
212711,0
212713,0
212718,0
212719,0
212721,0
212723,1
212724,1
212729,0
212732,0
212733,0
212739,0
212740,0
212747,1
212748,0
212752,0
212755,0
212756,0
212759,1
212761,1
212763,1
212766,0
212767,0
212769,1
212770,1
212773,1
212777,0
212780,1
212783,0
212784,0
212787,0
212790,0
212791,1
212793,0
212797,1
212798,1
212800,0
212805,1
212809,0
212812,0
212813,0
212816,0
212817,1
212819,1
212820,1
212822,1
212824,0
212827,0
212831,0
212832,0
212833,0
212834,0
212835,1
212836,0
212842,0
212843,1
212848,0
212850,1
212851,0
212853,1
212854,1
212861,1
212865,0
212867,0
212873,0
212876,1
212878,1
212879,0
212880,1
212883,1
212884,0
212885,0
212887,0
212888,0
212893,0
212894,0
212898,0
212899,1
212900,1
212903,0
212904,1
212909,1
212912,0
212913,1
212916,1
212917,0
212922,0
212927,0
212928,1
212930,1
212932,1
212933,0
212936,1
212937,1
212938,1
212940,1
212943,1
212944,1
212945,0
212950,1
212955,1
212958,0
212959,1
212961,0
212962,1
212966,1
212969,1
212972,1
212973,1
212974,0
212977,0
212981,0
212985,0
212987,0
212990,1
212991,0
212994,0
212996,0
212997,0
212998,1
213003,0
213007,1
213008,1
213014,0
213019,0
213020,1
213021,0
213023,0
213024,0
213025,0
213026,0
213027,0
213030,1
213034,0
213035,0
213040,0
213041,1
213043,1
213047,0
213048,1
213055,0
213061,1
213062,1
213069,1
213071,1
213072,0
213074,1
213077,1
213079,0
213080,0
213081,1
213082,0
213083,0
213087,0
213094,1
213098,0
213099,1
213104,1
213105,1
213112,1
213116,0
213117,1
213124,0
213128,1
213131,0
213132,0
213134,0
213136,1
213138,0
213139,0
213142,1
213143,0
213145,1
213150,1
213155,1
213160,1
213161,1
213162,0
213165,1
213172,0
213174,0
213178,0
213181,0
213186,0
213188,0
213189,1
213190,0
213194,0
213195,0
213196,1
213197,1
213198,0
213200,0
213204,0
213208,1
213214,1
213218,0
213219,1
213221,0
213224,1
213225,1
213227,0
213229,0
213231,0
213236,0
213237,1
213239,1
213243,0
213244,0
213245,0
213247,1
213249,0
213251,1
213252,1
213254,0
213263,1
213264,0
213265,0
213266,1
213268,0
213270,1
213274,0
213277,0
213282,1
213286,1
213287,0
213290,0
213293,0
213298,0
213299,1
213300,0
213302,1
213305,0
213310,1
213313,1
213317,1
213318,0
213322,0
213325,1
213326,0
213327,1
213328,0
213330,1
213332,1
213339,1
213340,1
213342,1
213343,0
213345,0
213346,1
213347,0
213348,0
213350,0
213352,1
213354,0
213355,0
213357,1
213362,1
213364,1
213365,1
213368,1
213371,0
213372,1
213373,1
213378,1
213379,0
213381,0
213382,1
213384,1
213385,0
213399,0
213400,0
213401,1
213405,1
213406,0
213407,0
213408,0
213409,1
213410,0
213412,1
213422,0
213423,0
213424,0
213425,0
213426,1
213428,0
213432,1
213441,0
213442,0
213445,0
213446,0
213448,0
213451,0
213452,0
213455,0
213461,1
213462,1
213463,1
213464,0
213466,1
213468,0
213469,0
213471,0
213474,1
213476,1
213477,1
213478,1
213479,0
213480,1
213483,0
213484,0
213485,1
213490,1
213492,0
213494,1
213495,0
213498,1
213499,1
213500,1
213501,0
213502,1
213504,0
213505,0
213508,0
213510,1
213514,0
213515,0
213518,0
213520,0
213524,0
213525,0
213528,0
213529,0
213534,1
213535,1
213537,0
213540,1
213542,0
213543,1
213544,1
213547,1
213550,0
213553,0
213554,1
213555,1
213564,1
213565,0
213567,0
213571,0
213572,0
213573,0
213574,1
213575,1
213577,0
213580,1
213581,1
213584,1
213586,1
213587,1
213591,1
213593,1
213596,0
213601,1
213605,1
213606,0
213607,1
213608,0
213614,0
213616,0
213619,1
213621,0
213622,1
213623,0
213625,1
213627,1
213630,1
213633,0
213636,1
213640,1
213642,0
213644,1
213649,0
213650,1
213654,0
213655,1
213656,0
213659,0
213662,0
213664,0
213665,1
213666,0
213667,0
213668,0
213670,0
213671,1
213672,0
213674,1
213675,1
213677,1
213678,0
213679,1
213683,1
213684,1
213685,1
213686,1
213688,0
213689,0
213692,0
213693,1
213694,1
213696,0
213698,0
213702,1
213703,1
213704,1
213705,1
213709,1
213713,1
213715,0
213717,1
213718,1
213719,1
213720,0
213722,0
213724,1
213725,0
213726,1
213727,1
213728,1
213731,0
213738,0
213745,0
213747,0
213749,1
213751,1
213752,0
213759,0
213760,1
213762,1
213763,0
213764,0
213766,0
213769,1
213773,0
213774,0
213775,1
213776,1
213778,0
213783,0
213788,1
213790,0
213791,1
213793,1
213796,0
213799,0
213800,0
213803,1
213806,1
213807,0
213808,1
213810,1
213811,0
213814,0
213815,1
213817,1
213818,0
213819,0
213822,0
213823,0
213825,0
213827,0
213829,0
213831,1
213832,0
213834,1
213836,1
213838,0
213839,1
213844,1
213845,0
213847,1
213848,0
213852,0
213853,0
213855,1
213856,1
213857,0
213859,0
213860,0
213863,0
213864,0
213868,0
213871,0
213872,0
213873,1
213874,0
213880,1
213881,1
213883,0
213884,1
213885,0
213886,1
213888,0
213895,1
213904,0
213908,0
213916,1
213917,0
213920,0
213921,0
213922,0
213925,0
213929,0
213930,1
213933,0
213934,0
213936,0
213937,0
213938,0
213945,1
213948,0
213951,1
213952,0
213955,1
213956,0
213959,1
213960,1
213962,0
213963,1
213964,1
213965,0
213966,0
213967,1
213968,0
213973,0
213974,1
213977,0
213979,1
213981,0
213984,1
213985,0
213988,1
213989,0
213990,1
213991,0
213992,0
213994,0
213999,0
214001,1
214007,1
214009,0
214010,1
214014,0
214016,0
214019,0
214021,0
214024,0
214025,1
214026,0
214028,1
214029,0
214037,0
214040,1
214043,0
214047,1
214051,0
214053,1
214054,1
214055,0
214056,0
214059,1
214061,1
214063,0
214064,0
214066,1
214067,0
214074,1
214076,0
214085,1
214088,1
214089,1
214090,1
214094,0
214102,1
214103,1
214109,1
214110,0
214111,1
214112,1
214113,1
214115,0
214116,0
214120,0
214125,0
214131,1
214134,1
214140,0
214144,1
214151,0
214152,1
214156,0
214157,0
214161,0
214166,0
214167,0
214169,1
214171,1
214172,1
214176,0
214178,0
214179,1
214181,1
214183,0
214184,0
214185,1
214189,0
214194,1
214196,1
214197,0
214201,0
214204,0
214208,1
214211,0
214217,0
214220,0
214221,1
214223,1
214226,0
214227,0
214231,1
214232,1
214237,1
214238,0
214241,0
214248,1
214249,0
214254,0
214255,0
214257,1
214259,0
214262,1
214265,0
214266,0
214270,0
214271,1
214272,1
214273,0
214274,0
214275,1
214280,0
214282,0
214286,1
214287,0
214288,0
214289,1
214292,0
214293,0
214296,1
214299,0
214302,1
214303,0
214306,0
214312,1
214315,1
214318,1
214321,1
214322,0
214323,0
214325,0
214326,1
214327,0
214328,1
214332,0
214334,0
214336,1
214338,0
214343,1
214344,0
214345,1
214347,1
214348,1
214349,0
214350,1
214351,0
214352,0
214353,0
214355,0
214356,1
214360,0
214361,0
214367,1
214368,1
214375,0
214377,1
214383,1
214389,0
214392,1
214395,0
214403,0
214404,1
214406,0
214408,1
214411,0
214412,0
214413,0
214418,0
214420,1
214421,1
214423,1
214427,0
214428,0
214431,0
214436,0
214438,0
214442,1
214444,0
214447,0
214448,0
214456,1
214458,0
214459,1
214463,0
214464,1
214467,0
214469,0
214474,0
214475,1
214478,0
214479,0
214480,0
214483,1
214485,0
214486,0
214489,1
214493,1
214497,0
214498,1
214500,0
214501,1
214503,1
214504,1
214509,1
214510,0
214512,1
214515,0
214517,1
214521,1
214522,1
214527,0
214531,1
214534,1
214535,1
214537,0
214541,0
214544,0
214547,0
214548,1
214555,1
214558,0
214559,1
214563,0
214564,1
214565,0
214566,0
214567,0
214568,0
214571,0
214581,0
214584,0
214587,1
214589,0
214594,0
214598,0
214599,1
214605,1
214607,0
214608,1
214611,0
214613,0
214614,0
214617,0
214621,1
214624,1
214628,0
214630,1
214631,0
214632,1
214634,0
214635,0
214642,0
214648,1
214650,0
214651,0
214652,1
214653,0
214654,0
214655,1
214656,1
214658,1
214667,0
214668,0
214674,1
214676,1
214681,0
214682,1
214684,0
214686,1
214689,0
214690,0
214691,0
214692,0
214698,1
214700,0
214704,0
214705,0
214707,1
214717,0
214718,1
214719,0
214720,0
214721,0
214722,0
214725,0
214726,1
214727,0
214732,0
214738,0
214739,0
214740,1
214742,1
214745,0
214747,0
214749,1
214750,0
214754,1
214755,1
214757,1
214758,0
214759,1
214760,1
214761,1
214764,0
214767,1
214768,1
214770,0
214771,1
214772,1
214774,0
214775,0
214778,0
214781,1
214783,0
214784,1
214789,0
214790,0
214793,1
214797,0
214802,1
214803,1
214808,0
214809,0
214813,0
214823,1
214827,1
214828,0
214829,0
214831,0
214834,1
214835,0
214836,0
214837,0
214840,1
214844,0
214846,1
214850,0
214852,0
214855,0
214856,1
214858,1
214862,1
214867,1
214869,1
214872,0
214876,0
214878,0
214887,0
214888,1
214891,1
214895,1
214896,1
214899,0
214901,1
214903,0
214904,0
214906,0
214908,1
214911,1
214913,1
214915,1
214916,0
214920,0
214924,0
214925,0
214926,1
214927,0
214930,0
214932,0
214936,1
214938,0
214942,0
214943,0
214945,1
214949,1
214950,0
214953,0
214956,0
214958,1
214965,1
214966,0
214967,0
214970,1
214971,1
214975,0
214980,0
214981,0
214982,0
214983,0
214986,0
214987,1
214990,0
214991,1
214992,0
214996,0
214997,1
214998,1
214999,0
215002,1
215003,0
215004,1
215006,0
215009,1
215010,0
215013,1
215019,1
215023,1
215025,0
215026,1
215036,0
215039,0
215042,0
215043,1
215051,0
215053,1
215056,0
215057,0
215062,0
215063,0
215069,0
215075,0
215079,0
215080,1
215081,1
215082,0
215088,1
215089,0
215090,1
215091,0
215103,1
215107,1
215110,0
215113,0
215114,1
215115,0
215117,1
215118,0
215120,1
215126,0
215129,0
215130,0
215132,0
215133,0
215135,0
215137,0
215140,0
215143,0
215145,1
215150,0
215159,1
215161,0
215164,1
215165,0
215167,1
215172,1
215174,0
215178,0
215180,0
215182,0
215183,1
215184,0
215185,0
215187,1
215188,0
215197,0
215199,0
215200,1
215201,1
215206,1
215208,1
215209,0
215210,1
215211,0
215214,0
215215,0
215219,1
215221,1
215223,0
215227,0
215228,0
215229,1
215230,0
215234,0
215235,1
215242,0
215245,1
215252,0
215257,0
215261,1
215268,0
215272,1
215275,0
215280,0
215283,0
215286,1
215287,0
215289,0
215291,0
215292,0
215293,1
215296,1
215298,0
215300,0
215304,1
215305,0
215308,1
215313,0
215315,0
215318,1
215321,1
215323,0
215329,1
215331,0
215335,0
215338,0
215339,0
215342,0
215344,0
215345,0
215348,1
215350,1
215354,1
215355,0
215356,1
215357,0
215358,1
215363,0
215366,0
215371,1
215372,0
215375,0
215384,0
215386,0
215389,0
215391,1
215394,0
215396,0
215399,0
215402,0
215403,0
215407,0
215408,0
215409,1
215410,1
215413,1
215415,0
215417,0
215419,1
215423,1
215424,0
215425,1
215426,0
215427,1
215429,1
215430,1
215431,0
215434,0
215436,0
215439,1
215440,0
215441,1
215442,0
215444,0
215445,1
215446,0
215452,0
215453,0
215456,0
215457,1
215460,0
215461,0
215463,0
215464,0
215465,0
215471,0
215477,1
215481,0
215482,1
215484,1
215486,0
215488,1
215489,0
215490,1
215491,0
215492,0
215493,1
215501,1
215502,1
215504,0
215510,0
215512,1
215513,1
215514,1
215516,0
215518,0
215519,1
215522,0
215524,0
215530,1
215531,1
215534,1
215535,0
215538,1
215539,0
215541,1
215542,1
215545,1
215546,1
215549,1
215550,0
215554,1
215556,0
215558,0
215565,1
215567,1
215571,1
215572,0
215573,1
215579,0
215580,1
215585,1
215586,0
215588,0
215589,0
215593,0
215597,0
215599,0
215605,1
215606,1
215610,0
215612,0
215613,1
215614,0
215617,1
215618,1
215619,0
215622,1
215628,1
215632,1
215636,0
215640,0
215643,0
215645,1
215646,1
215649,0
215651,0
215653,0
215654,1
215656,1
215658,1
215659,1
215661,0
215662,0
215663,1
215664,1
215665,0
215667,1
215669,1
215673,0
215674,0
215681,0
215682,0
215683,1
215694,0
215699,1
215703,0
215704,0
215705,0
215706,0
215707,0
215708,0
215713,0
215715,0
215718,1
215719,1
215724,0
215727,1
215728,1
215729,1
215730,1
215733,1
215737,1
215738,1
215745,1
215747,0
215749,0
215752,0
215757,1
215758,1
215760,1
215761,1
215762,0
215765,0
215766,0
215767,1
215768,1
215775,1
215780,0
215781,0
215785,1
215788,0
215789,0
215792,0
215794,0
215797,0
215803,1
215804,0
215806,0
215808,1
215809,1
215810,1
215811,1
215814,0
215815,0
215816,1
215817,0
215819,1
215820,1
215822,0
215830,0
215831,1
215833,0
215836,0
215837,1
215845,0
215849,1
215852,1
215853,1
215856,1
215857,1
215858,1
215859,1
215862,0
215863,1
215866,0
215868,0
215869,0
215870,0
215871,1
215874,0
215876,0
215877,0
215880,0
215882,1
215883,1
215885,1
215888,1
215889,1
215892,1
215894,0
215895,0
215896,1
215898,0
215903,1
215904,0
215905,0
215907,1
215910,1
215912,0
215915,0
215916,0
215919,0
215920,1
215924,0
215925,0
215927,0
215930,0
215931,0
215933,0
215934,1
215936,0
215937,1
215939,1
215940,0
215942,0
215943,1
215944,0
215951,1
215952,0
215954,1
215956,0
215958,0
215960,0
215962,1
215964,0
215965,1
215966,1
215967,0
215970,0
215971,1
215972,0
215973,1
215977,1
215978,0
215983,1
215990,0
215994,0
215998,1
215999,0
216000,0
216002,0
216003,0
216005,1
216006,1
216007,0
216012,0
216014,0
216018,0
216021,0
216023,1
216029,0
216033,0
216034,1
216037,0
216041,1
216044,1
216045,1
216046,0
216047,0
216048,0
216051,0
216053,1
216056,0
216057,0
216059,1
216060,0
216061,0
216062,1
216066,0
216068,1
216069,0
216070,0
216073,0
216082,1
216094,0
216096,0
216097,0
216100,0
216102,1
216103,0
216104,0
216106,0
216108,0
216110,1
216114,1
216118,0
216122,0
216126,0
216131,1
216133,0
216138,0
216139,0
216141,1
216143,0
216144,0
216146,0
216151,0
216152,0
216154,0
216155,0
216158,0
216159,0
216167,1
216168,0
216171,0
216174,1
216176,0
216183,0
216184,0
216186,0
216191,0
216193,0
216194,0
216199,1
216201,1
216211,1
216212,0
216213,0
216215,1
216216,0
216217,0
216219,1
216222,0
216225,0
216227,0
216232,0
216234,1
216235,0
216237,0
216238,0
216244,0
216245,1
216246,0
216247,1
216248,0
216249,1
216252,0
216255,0
216256,1
216260,0
216264,0
216265,1
216269,0
216274,1
216276,0
216280,0
216281,0
216282,1
216283,0
216287,1
216291,1
216294,1
216300,0
216302,0
216308,0
216309,1
216311,1
216312,0
216313,1
216317,1
216319,0
216322,0
216323,0
216328,1
216333,0
216336,0
216340,0
216343,1
216345,0
216346,1
216348,0
216353,0
216358,0
216359,1
216360,1
216369,0
216371,0
216373,0
216375,0
216378,0
216379,0
216381,0
216382,0
216384,0
216385,1
216386,0
216388,0
216390,1
216391,0
216392,1
216393,0
216395,0
216398,1
216400,0
216401,0
216402,0
216404,0
216405,1
216409,1
216412,1
216413,1
216416,1
216417,1
216418,0
216419,0
216422,0
216424,0
216430,1
216438,0
216440,0
216442,0
216445,1
216447,0
216450,1
216452,0
216455,0
216459,1
216460,0
216463,1
216464,1
216465,0
216466,1
216470,1
216471,0
216472,0
216474,0
216478,0
216479,0
216480,0
216482,0
216486,0
216488,0
216493,0
216494,1
216498,1
216499,0
216500,1
216502,1
216505,0
216512,1
216515,1
216520,1
216522,1
216526,1
216527,1
216531,0
216533,1
216534,1
216536,0
216541,1
216543,0
216544,1
216545,1
216549,1
216550,1
216551,0
216552,0
216560,1
216561,1
216562,1
216563,0
216566,1
216567,1
216569,0
216570,0
216576,0
216579,0
216583,0
216590,1
216594,0
216596,0
216597,0
216599,0
216600,0
216603,1
216605,0
216606,1
216609,0
216610,1
216614,0
216619,0
216625,1
216630,0
216631,0
216632,0
216639,0
216641,0
216644,1
216645,0
216648,0
216649,0
216652,0
216654,0
216655,0
216656,1
216658,0
216659,0
216660,0
216661,0
216662,1
216664,1
216665,0
216667,1
216672,1
216674,1
216676,0
216678,1
216681,0
216683,1
216688,0
216689,0
216690,0
216691,1
216693,0
216696,0
216698,1
216701,1
216706,1
216711,0
216714,0
216717,0
216718,0
216719,0
216723,0
216729,1
216730,1
216731,1
216741,1
216742,1
216745,0
216746,0
216748,1
216750,0
216751,0
216755,1
216756,0
216757,1
216759,1
216760,1
216761,0
216768,1
216770,0
216771,0
216773,1
216774,0
216775,0
216776,0
216777,0
216778,1
216782,0
216788,1
216791,0
216792,0
216794,1
216798,1
216799,0
216800,0
216802,0
216804,0
216806,1
216813,1
216814,1
216818,0
216819,1
216820,0
216827,1
216828,1
216832,0
216833,0
216834,0
216837,0
216838,0
216842,0
216846,0
216848,0
216852,0
216855,0
216860,0
216861,1
216863,1
216866,0
216868,1
216871,0
216873,1
216874,1
216875,0
216880,0
216883,0
216884,0
216900,1
216903,0
216904,0
216905,0
216908,1
216909,0
216911,0
216916,0
216921,0
216922,0
216924,0
216926,0
216927,1
216928,0
216930,0
216932,0
216937,0
216946,0
216947,0
216951,0
216952,1
216960,1
216961,0
216962,0
216964,0
216966,1
216967,0
216971,1
216973,1
216975,0
216976,0
216978,0
216980,1
216985,1
216986,1
216988,0
216989,1
216990,1
216991,0
216996,0
216997,1
217000,0
217001,0
217009,0
217010,0
217012,0
217013,1
217014,0
217019,0
217020,1
217021,1
217022,1
217024,0
217026,1
217027,1
217029,1
217033,0
217034,1
217035,0
217037,0
217041,0
217042,0
217043,1
217048,0
217050,0
217054,0
217056,1
217058,0
217060,0
217061,1
217066,1
217067,1
217069,0
217072,1
217075,1
217079,0
217080,0
217081,0
217084,1
217085,0
217086,0
217087,1
217088,1
217089,1
217094,0
217097,1
217100,0
217101,1
217104,0
217108,0
217113,1
217116,0
217118,0
217119,0
217121,0
217123,0
217128,1
217130,0
217133,1
217134,0
217136,1
217138,0
217139,1
217141,0
217144,1
217147,1
217150,0
217151,1
217152,0
217153,0
217159,0
217162,0
217163,0
217167,1
217169,0
217170,1
217173,0
217175,1
217176,1
217180,1
217182,1
217183,0
217184,1
217186,1
217188,1
217189,0
217190,0
217191,0
217195,0
217197,0
217199,0
217203,0
217204,1
217206,0
217209,0
217211,0
217212,0
217213,0
217214,0
217217,0
217218,1
217222,1
217224,0
217225,0
217226,0
217227,0
217228,0
217230,0
217231,0
217232,1
217234,0
217235,1
217236,0
217240,1
217244,1
217245,0
217248,0
217249,1
217250,0
217251,0
217252,1
217253,0
217258,1
217259,1
217261,0
217265,0
217267,1
217270,0
217272,1
217276,0
217277,0
217278,0
217280,1
217283,0
217284,1
217287,0
217289,1
217292,0
217293,1
217296,1
217303,1
217304,0
217305,1
217307,0
217310,1
217315,1
217316,0
217319,1
217322,0
217323,0
217325,0
217326,1
217327,0
217328,1
217334,0
217336,0
217339,1
217344,0
217345,0
217353,1
217354,0
217355,0
217357,0
217361,1
217364,1
217365,0
217366,0
217369,0
217370,1
217371,0
217372,1
217375,0
217377,0
217382,0
217383,0
217384,0
217389,0
217391,1
217393,1
217395,1
217396,0
217397,0
217398,0
217400,0
217406,0
217407,1
217415,0
217425,1
217426,1
217429,0
217430,0
217431,0
217436,1
217438,1
217439,1
217441,0
217442,0
217444,0
217446,0
217448,1
217449,1
217450,1
217451,1
217452,1
217456,1
217457,1
217460,1
217461,1
217462,1
217465,1
217467,0
217468,1
217473,0
217474,0
217476,0
217480,1
217485,1
217488,1
217490,0
217493,1
217496,1
217504,0
217506,1
217512,1
217513,1
217517,1
217519,1
217523,0
217525,1
217526,0
217528,1
217529,1
217533,0
217534,1
217539,0
217541,1
217542,0
217545,1
217546,0
217549,0
217551,0
217552,1
217556,0
217558,0
217560,1
217568,1
217569,1
217573,1
217576,0
217581,0
217585,1
217586,1
217587,0
217590,1
217592,0
217595,0
217596,1
217598,1
217599,0
217601,0
217607,1
217610,0
217619,0
217620,1
217624,1
217626,0
217630,1
217631,0
217633,1
217634,0
217636,1
217638,0
217641,1
217642,0
217643,0
217645,1
217648,0
217653,1
217655,1
217656,0
217657,1
217659,1
217664,0
217667,0
217671,0
217673,0
217675,1
217676,1
217677,1
217680,0
217681,0
217684,0
217686,0
217690,0
217693,0
217694,0
217695,0
217696,0
217698,1
217701,1
217702,1
217705,0
217708,0
217709,1
217712,0
217716,0
217719,0
217722,1
217723,1
217729,1
217730,1
217731,0
217737,1
217738,1
217743,0
217745,0
217748,0
217749,0
217752,0
217754,0
217759,0
217766,1
217770,0
217772,1
217774,0
217777,0
217778,0
217780,1
217782,1
217784,1
217788,0
217791,0
217793,1
217795,0
217797,0
217800,1
217811,1
217814,1
217819,1
217823,1
217825,1
217827,1
217831,0
217832,1
217834,1
217837,0
217838,0
217839,0
217842,1
217843,1
217845,1
217848,0
217849,1
217853,1
217855,0
217858,1
217859,1
217862,1
217863,0
217867,1
217871,0
217874,1
217879,0
217880,0
217885,0
217886,0
217888,1
217891,0
217898,1
217899,0
217900,1
217905,1
217906,0
217908,1
217909,0
217913,0
217916,1
217917,0
217918,1
217920,1
217924,0
217925,0
217927,0
217929,1
217930,0
217931,0
217932,0
217933,1
217934,1
217936,1
217940,0
217947,1
217948,0
217952,1
217959,1
217960,1
217961,0
217964,1
217965,0
217966,1
217971,1
217973,0
217974,1
217977,0
217978,1
217981,0
217983,1
217985,0
217987,0
217988,1
217992,1
217995,0
217996,0
217998,1
217999,1
218001,0
218002,0
218003,0
218005,1
218009,0
218011,0
218012,1
218013,0
218014,0
218018,0
218022,0
218023,0
218024,1
218025,1
218027,1
218028,1
218031,0
218034,1
218039,1
218042,1
218045,1
218049,0
218053,0
218058,1
218059,0
218062,0
218064,0
218067,0
218069,0
218071,1
218073,0
218075,1
218078,0
218079,1
218080,0
218081,0
218082,1
218083,0
218084,1
218085,1
218086,1
218096,1
218097,0
218098,1
218099,1
218102,1
218103,0
218104,1
218105,1
218107,1
218108,1
218116,1
218120,1
218122,1
218124,1
218129,0
218139,0
218141,0
218143,0
218145,0
218148,1
218153,0
218156,1
218157,1
218160,1
218161,0
218162,1
218163,0
218170,0
218171,1
218172,1
218175,0
218177,0
218178,0
218182,1
218186,0
218187,1
218188,0
218189,1
218192,1
218196,0
218198,1
218199,0
218200,1
218204,1
218205,1
218207,0
218210,1
218212,1
218214,0
218216,0
218217,1
218219,0
218223,0
218225,0
218226,0
218232,1
218239,1
218242,0
218245,1
218247,0
218248,1
218249,0
218250,1
218251,1
218257,1
218260,1
218262,0
218263,1
218264,0
218275,0
218276,1
218278,1
218279,1
218281,1
218285,0
218286,1
218289,0
218291,0
218292,1
218298,0
218299,0
218302,0
218307,1
218308,1
218309,0
218315,1
218320,0
218322,0
218329,1
218330,0
218333,0
218337,1
218338,0
218347,1
218348,1
218349,1
218351,1
218352,1
218356,1
218358,0
218359,0
218360,1
218362,1
218364,1
218365,1
218368,0
218369,1
218370,0
218371,1
218372,1
218376,1
218378,0
218382,0
218384,1
218385,0
218387,1
218389,0
218391,1
218392,1
218395,0
218396,0
218400,1
218401,1
218404,0
218405,1
218406,1
218408,0
218409,1
218410,1
218412,1
218416,1
218418,0
218419,1
218420,1
218422,1
218425,1
218426,1
218427,0
218432,0
218433,1
218435,1
218436,0
218441,1
218444,0
218445,1
218450,1
218451,0
218452,1
218454,1
218455,0
218457,1
218458,1
218460,0
218462,0
218464,0
218469,1
218471,1
218472,1
218473,1
218482,1
218484,0
218488,1
218491,1
218492,1
218498,0
218499,0
218506,1
218511,1
218514,1
218517,0
218520,1
218523,1
218524,0
218526,0
218530,0
218532,1
218536,0
218539,0
218540,1
218544,1
218547,0
218552,0
218553,1
218556,1
218558,1
218559,1
218562,0
218563,0
218564,0
218565,0
218570,1
218573,1
218577,1
218581,0
218582,0
218591,0
218592,0
218595,1
218596,0
218597,0
218598,1
218603,0
218605,0
218610,1
218612,1
218613,1
218615,0
218617,1
218618,1
218619,0
218620,1
218621,0
218622,0
218623,0
218624,1
218625,1
218626,0
218630,0
218631,0
218636,1
218641,1
218645,1
218647,1
218648,1
218649,1
218651,1
218654,0
218659,0
218670,0
218672,0
218674,1
218675,0
218676,0
218678,0
218684,0
218688,1
218689,1
218690,1
218691,0
218697,0
218698,0
218700,0
218703,0
218706,1
218708,1
218711,0
218714,1
218715,1
218720,1
218722,1
218724,0
218725,0
218726,0
218732,0
218737,0
218738,1
218739,0
218744,0
218745,1
218746,1
218747,1
218750,1
218753,0
218754,0
218760,1
218765,1
218766,1
218767,1
218768,1
218772,0
218773,0
218776,1
218779,1
218780,0
218782,1
218787,1
218788,0
218790,1
218791,1
218794,0
218798,0
218799,0
218805,1
218807,1
218809,1
218810,1
218812,0
218814,0
218818,1
218819,1
218831,0
218832,1
218833,1
218834,1
218835,1
218836,0
218839,1
218841,0
218846,1
218847,0
218849,0
218850,0
218855,1
218860,0
218861,0
218875,1
218876,1
218891,0
218892,0
218893,1
218894,1
218896,0
218903,0
218905,0
218915,0
218916,1
218922,0
218923,0
218930,0
218932,0
218935,0
218936,1
218937,1
218940,0
218943,1
218945,0
218950,1
218951,0
218955,1
218956,1
218960,0
218962,0
218963,1
218964,0
218965,1
218966,1
218967,0
218970,0
218971,0
218972,1
218973,1
218974,0
218975,1
218978,1
218979,0
218980,0
218981,0
218983,1
218984,1
218987,1
218993,1
218997,0
219000,0
219002,1
219004,0
219005,1
219011,0
219015,1
219018,0
219020,0
219021,1
219022,0
219025,1
219027,0
219028,0
219029,0
219032,1
219034,0
219036,0
219037,0
219038,1
219039,0
219040,0
219041,0
219042,1
219044,1
219049,1
219050,0
219051,0
219052,1
219054,0
219055,0
219056,0
219060,0
219063,0
219067,1
219068,1
219072,1
219077,0
219078,1
219079,0
219080,0
219081,0
219082,1
219084,0
219086,1
219088,0
219091,1
219092,0
219093,0
219096,0
219099,0
219101,1
219105,1
219106,1
219111,0
219112,1
219113,0
219114,1
219116,1
219117,1
219118,0
219119,0
219121,0
219124,0
219127,0
219128,0
219129,1
219130,1
219131,1
219136,1
219142,1
219143,1
219151,1
219152,1
219153,0
219154,0
219156,0
219157,0
219158,1
219161,1
219163,0
219169,0
219170,0
219174,1
219175,0
219176,0
219179,1
219181,1
219184,1
219185,1
219187,0
219188,0
219191,1
219194,1
219198,0
219199,1
219200,1
219201,1
219203,1
219204,0
219208,0
219211,1
219213,0
219214,1
219218,0
219221,0
219222,0
219224,1
219225,0
219229,0
219231,0
219233,0
219234,0
219235,1
219236,0
219237,0
219239,0
219242,0
219243,0
219244,1
219247,0
219248,1
219251,1
219252,0
219256,1
219260,1
219261,0
219263,1
219265,0
219266,0
219271,1
219272,0
219276,1
219277,1
219278,0
219280,1
219282,1
219284,0
219285,1
219287,0
219294,0
219298,1
219300,0
219301,0
219304,0
219305,0
219309,0
219313,0
219314,1
219316,0
219319,1
219322,1
219323,0
219328,1
219333,1
219334,0
219337,1
219343,1
219348,1
219351,1
219353,1
219355,0
219356,0
219359,0
219360,1
219362,0
219366,1
219371,1
219379,1
219381,0
219382,0
219385,0
219390,0
219394,0
219397,1
219400,1
219404,0
219405,0
219411,1
219413,0
219414,0
219415,1
219416,1
219417,0
219418,0
219422,0
219423,1
219426,1
219427,1
219428,0
219429,0
219431,1
219432,1
219434,1
219435,0
219438,0
219439,0
219442,0
219444,0
219445,0
219447,1
219456,1
219458,1
219459,0
219463,0
219467,1
219468,0
219471,0
219473,0
219474,1
219475,0
219476,0
219477,1
219478,0
219479,0
219480,1
219481,1
219487,1
219494,1
219504,0
219506,1
219511,0
219513,0
219517,0
219518,1
219519,0
219520,0
219521,0
219525,0
219526,0
219527,1
219528,1
219529,1
219530,0
219532,0
219534,1
219536,0
219538,0
219543,0
219553,0
219556,0
219557,0
219558,0
219563,0
219565,1
219568,0
219571,1
219573,0
219578,0
219579,0
219580,1
219584,0
219585,1
219586,0
219591,1
219594,1
219596,1
219598,0
219599,1
219600,0
219601,0
219603,0
219604,0
219606,0
219608,0
219609,0
219610,0
219612,1
219614,0
219620,0
219621,0
219625,1
219626,0
219630,1
219631,0
219637,0
219639,0
219640,1
219642,0
219643,1
219645,1
219646,0
219648,1
219650,1
219653,1
219658,1
219659,0
219660,0
219661,0
219662,0
219663,0
219675,1
219677,0
219678,1
219680,0
219681,0
219682,0
219686,1
219688,0
219690,1
219693,1
219696,0
219697,0
219699,0
219702,0
219709,1
219716,1
219717,0
219720,1
219722,0
219723,0
219724,1
219726,0
219729,0
219736,0
219739,0
219741,0
219744,0
219749,0
219755,0
219756,1
219757,1
219760,1
219762,0
219763,1
219767,1
219770,1
219771,0
219773,1
219774,0
219775,0
219776,0
219783,1
219785,0
219786,0
219788,1
219789,1
219794,0
219795,0
219796,0
219800,1
219802,0
219805,0
219811,0
219813,1
219827,1
219829,0
219830,0
219832,1
219833,1
219835,0
219836,1
219838,1
219844,0
219850,1
219854,1
219856,1
219861,1
219862,0
219865,0
219868,0
219872,0
219874,1
219875,0
219876,0
219877,1
219879,0
219882,0
219886,0
219894,1
219895,1
219896,1
219897,1
219899,1
219900,1
219904,0
219907,1
219909,1
219913,1
219914,0
219915,0
219917,0
219918,0
219922,1
219924,1
219925,1
219928,1
219929,0
219931,0
219933,0
219935,0
219937,0
219938,0
219940,1
219942,0
219943,0
219944,0
219945,0
219948,1
219950,1
219955,1
219958,0
219964,1
219967,0
219968,0
219969,0
219970,0
219972,1
219976,0
219981,0
219982,0
219985,1
219989,1
219990,1
219993,0
219996,0
219997,0
219999,0
220000,1
220003,1
220005,1
220008,0
220011,1
220012,1
220016,1
220018,1
220020,1
220023,0
220025,1
220028,0
220029,1
220031,1
220034,1
220036,1
220043,0
220047,0
220048,0
220051,1
220054,0
220063,0
220066,1
220067,1
220068,0
220074,1
220079,0
220081,0
220083,0
220085,1
220086,1
220087,1
220093,1
220094,0
220095,0
220098,0
220099,1
220102,0
220103,0
220108,1
220109,1
220113,1
220114,1
220116,0
220118,0
220119,1
220120,0
220124,1
220126,1
220129,0
220141,0
220142,0
220143,0
220145,1
220149,0
220152,0
220154,1
220157,1
220159,0
220160,0
220172,0
220174,0
220177,0
220178,1
220181,0
220182,1
220183,0
220185,1
220187,0
220189,0
220192,1
220195,0
220197,0
220201,0
220202,0
220205,0
220212,1
220218,0
220219,0
220222,1
220223,0
220224,0
220230,0
220233,1
220234,0
220237,0
220241,1
220243,1
220245,1
220247,1
220249,0
220250,1
220251,0
220253,0
220254,0
220255,1
220257,0
220258,1
220259,0
220260,0
220261,0
220263,1
220267,0
220269,0
220272,0
220282,1
220284,1
220290,0
220291,0
220293,0
220295,1
220296,0
220299,0
220301,0
220302,1
220307,0
220309,0
220311,1
220326,0
220327,1
220328,0
220330,1
220333,1
220334,1
220341,1
220342,0
220343,0
220355,0
220356,1
220357,0
220361,0
220366,1
220367,0
220372,0
220375,0
220378,1
220380,0
220385,0
220387,0
220389,0
220390,0
220393,1
220398,1
220402,0
220404,1
220407,0
220413,0
220414,0
220415,0
220417,0
220421,0
220422,1
220427,0
220430,1
220435,1
220438,1
220439,1
220444,0
220448,0
220450,1
220453,0
220455,0
220456,0
220458,0
220459,1
220463,0
220469,0
220470,0
220471,1
220478,0
220483,1
220485,1
220488,0
220489,0
220491,0
220495,0
220496,1
220497,0
220498,0
220499,0
220500,1
220504,0
220506,1
220508,0
220509,1
220510,1
220511,0
220512,1
220514,0
220515,0
220516,0
220520,1
220521,0
220523,0
220528,0
220530,0
220531,0
220532,1
220533,1
220534,0
220538,1
220539,1
220542,0
220544,0
220547,1
220550,0
220555,1
220556,1
220558,0
220559,0
220563,0
220567,1
220568,1
220569,1
220571,1
220573,0
220574,1
220576,1
220577,0
220580,1
220582,0
220594,0
220596,0
220597,0
220598,1
220599,0
220602,0
220603,0
220605,1
220609,0
220614,0
220625,0
220626,1
220630,0
220631,1
220642,0
220643,0
220645,1
220646,0
220657,0
220659,0
220661,1
220662,0
220664,1
220665,0
220671,0
220672,1
220676,0
220677,1
220678,0
220681,1
220682,0
220686,0
220687,1
220692,0
220694,0
220695,1
220698,0
220699,0
220700,1
220701,0
220704,0
220706,0
220709,1
220713,1
220715,0
220719,0
220723,1
220724,0
220732,0
220733,1
220740,1
220744,1
220748,0
220750,0
220753,1
220755,0
220756,1
220760,0
220765,0
220766,0
220768,1
220770,1
220771,0
220772,1
220774,0
220775,0
220780,0
220782,0
220783,0
220786,0
220790,0
220791,1
220793,0
220794,1
220799,0
220800,0
220804,1
220805,1
220807,0
220809,1
220810,1
220816,0
220818,1
220820,0
220821,0
220830,0
220831,0
220833,0
220840,0
220841,1
220842,1
220843,0
220844,0
220846,1
220847,1
220851,1
220852,1
220855,0
220856,0
220857,0
220865,0
220866,1
220874,1
220875,1
220876,1
220881,0
220884,0
220885,0
220893,0
220894,0
220896,0
220899,1
220901,0
220902,0
220908,0
220910,1
220913,1
220914,1
220916,1
220920,1
220923,1
220927,1
220928,1
220934,1
220938,0
220939,0
220941,0
220942,0
220951,1
220955,0
220960,0
220961,0
220973,1
220974,1
220976,0
220980,1
220982,0
220983,0
220990,1
220991,1
220992,0
220993,1
220994,0
220995,1
220998,0
221000,0
221001,1
221003,0
221006,0
221007,0
221008,1
221010,1
221021,0
221022,1
221025,0
221029,1
221030,1
221031,1
221032,1
221035,1
221039,0
221044,0
221045,1
221047,0
221048,0
221049,0
221053,0
221055,0
221056,1
221058,1
221061,1
221063,1
221064,1
221066,1
221067,0
221068,1
221071,0
221073,0
221074,0
221075,1
221078,0
221080,1
221086,1
221087,0
221090,0
221093,0
221098,0
221099,0
221101,0
221105,1
221106,0
221108,0
221112,0
221113,0
221114,0
221116,1
221119,1
221120,1
221124,1
221125,0
221126,0
221129,1
221133,1
221134,0
221137,1
221138,0
221140,1
221141,1
221142,0
221144,1
221145,1
221146,1
221149,0
221151,0
221153,0
221156,1
221158,0
221159,1
221160,1
221162,1
221163,1
221164,1
221172,0
221175,0
221179,0
221180,0
221184,1
221185,0
221189,1
221191,0
221192,1
221196,1
221197,0
221198,0
221200,0
221202,1
221203,0
221205,0
221206,1
221209,0
221215,0
221217,1
221218,1
221219,1
221221,0
221223,0
221225,1
221227,0
221228,1
221229,1
221230,0
221232,0
221233,1
221235,1
221244,0
221245,0
221246,1
221250,0
221251,1
221252,0
221253,0
221256,0
221259,0
221262,1
221264,0
221265,0
221268,0
221270,0
221271,0
221272,0
221273,1
221275,0
221277,0
221281,1
221287,1
221289,0
221290,1
221291,1
221298,1
221300,0
221302,1
221304,0
221306,0
221313,1
221315,0
221316,1
221317,0
221318,0
221319,0
221320,1
221324,1
221329,0
221330,0
221334,0
221336,0
221337,1
221342,1
221347,1
221348,0
221354,0
221355,0
221359,1
221362,0
221363,0
221364,1
221366,1
221370,1
221371,1
221375,0
221377,1
221378,1
221379,0
221384,0
221385,0
221391,0
221393,0
221394,0
221396,0
221398,1
221399,1
221400,0
221401,0
221406,0
221410,0
221411,0
221413,0
221415,1
221419,1
221422,1
221426,0
221434,1
221435,0
221442,0
221444,1
221453,0
221454,0
221457,1
221459,1
221462,0
221463,0
221468,1
221469,1
221470,0
221477,0
221481,1
221482,0
221483,1
221485,1
221486,1
221489,0
221501,0
221502,0
221505,0
221506,1
221507,1
221508,0
221509,0
221512,1
221516,1
221518,1
221519,1
221523,0
221524,0
221526,1
221533,0
221535,0
221536,0
221538,1
221539,1
221540,1
221541,1
221544,0
221547,1
221548,0
221549,1
221555,0
221556,1
221557,0
221559,1
221560,0
221561,0
221563,1
221564,1
221566,1
221568,1
221570,1
221578,0
221582,0
221584,0
221585,0
221588,0
221589,0
221593,0
221595,0
221596,1
221597,0
221598,0
221600,1
221604,0
221606,1
221608,0
221610,1
221612,0
221615,1
221616,0
221617,0
221618,1
221620,0
221621,1
221627,1
221628,1
221630,0
221632,1
221633,1
221637,0
221639,0
221641,1
221643,0
221644,0
221646,1
221653,0
221654,0
221655,1
221656,0
221659,1
221660,0
221661,0
221671,1
221672,1
221673,1
221681,1
221682,0
221683,0
221684,0
221691,0
221692,0
221693,1
221695,0
221696,0
221699,1
221700,0
221701,0
221702,1
221709,1
221710,1
221714,0
221717,0
221719,1
221721,0
221722,0
221727,1
221729,0
221731,0
221732,1
221734,1
221735,1
221736,0
221738,1
221740,0
221751,1
221755,0
221760,0
221763,0
221764,0
221765,0
221769,0
221771,1
221775,1
221780,1
221781,0
221783,0
221786,0
221791,0
221792,1
221793,0
221795,0
221796,1
221799,1
221801,1
221802,0
221803,0
221807,1
221808,1
221812,0
221816,1
221818,0
221822,1
221827,0
221829,0
221831,0
221833,0
221837,0
221838,0
221840,0
221841,0
221842,1
221850,0
221852,0
221857,1
221858,0
221860,0
221862,0
221863,1
221864,0
221866,1
221867,1
221871,1
221872,1
221873,0
221875,1
221881,0
221882,0
221883,1
221884,1
221889,0
221891,1
221892,1
221895,1
221897,0
221898,0
221899,0
221901,1
221903,0
221904,0
221910,1
221911,0
221912,1
221914,1
221917,0
221921,1
221922,0
221925,0
221934,0
221936,0
221939,0
221940,1
221942,0
221945,1
221947,0
221950,0
221952,0
221953,0
221955,1
221956,0
221957,0
221958,0
221959,0
221962,0
221965,0
221968,0
221969,0
221970,1
221974,1
221977,1
221978,0
221979,0
221981,0
221983,1
221986,0
221990,0
221993,0
221995,0
221996,0
221998,0
221999,0
222002,0
222007,0
222010,0
222012,0
222023,0
222025,1
222031,0
222032,0
222035,0
222036,0
222037,0
222039,0
222040,0
222044,0
222046,1
222047,0
222050,0
222055,1
222056,1
222058,1
222063,1
222064,0
222066,1
222068,1
222069,0
222071,0
222076,0
222078,1
222079,0
222081,1
222087,0
222088,0
222089,1
222095,0
222096,0
222099,0
222100,0
222103,0
222109,1
222111,0
222112,0
222116,1
222118,1
222120,1
222122,1
222123,0
222125,0
222126,1
222129,0
222131,0
222133,1
222135,0
222137,0
222140,0
222141,0
222143,1
222148,0
222150,0
222152,1
222157,1
222158,0
222160,1
222161,0
222162,0
222165,1
222166,0
222169,0
222170,1
222176,0
222179,0
222180,1
222181,1
222183,0
222185,0
222186,1
222187,1
222188,1
222192,1
222194,0
222195,0
222201,0
222204,1
222206,0
222208,0
222211,1
222212,1
222222,0
222223,0
222224,1
222226,0
222229,1
222232,0
222235,1
222236,0
222238,0
222239,0
222241,1
222242,1
222245,1
222246,1
222247,0
222248,0
222250,0
222252,1
222253,0
222255,1
222257,1
222259,0
222261,0
222263,0
222264,1
222265,0
222266,0
222267,1
222270,1
222273,1
222274,0
222275,0
222277,0
222279,1
222286,1
222287,1
222288,1
222292,0
222294,1
222297,0
222298,1
222299,1
222300,1
222305,0
222306,0
222307,1
222310,0
222311,1
222312,0
222314,0
222315,0
222320,0
222322,0
222323,0
222324,1
222325,1
222326,1
222329,0
222330,0
222332,1
222334,0
222337,1
222338,1
222340,0
222342,1
222343,0
222345,0
222353,1
222357,0
222360,0
222361,0
222364,0
222365,0
222366,0
222367,0
222369,0
222370,0
222372,0
222373,0
222377,0
222378,0
222379,1
222381,1
222383,1
222386,0
222389,1
222395,0
222397,0
222399,0
222403,1
222404,0
222406,0
222409,1
222411,1
222415,1
222416,0
222417,0
222420,0
222422,0
222428,1
222432,0
222434,0
222437,1
222441,1
222448,1
222449,0
222455,1
222458,0
222459,0
222460,0
222461,0
222464,0
222469,0
222470,0
222471,0
222476,0
222479,0
222480,1
222482,0
222484,0
222489,0
222490,1
222491,1
222493,0
222495,1
222496,1
222497,0
222498,0
222499,0
222500,1
222501,0
222502,0
222503,1
222507,0
222510,0
222511,1
222512,1
222513,1
222515,0
222516,0
222521,1
222523,0
222524,0
222529,0
222536,1
222537,1
222539,1
222548,0
222550,1
222556,0
222559,1
222563,0
222566,1
222567,1
222570,0
222571,1
222572,0
222573,1
222577,0
222578,0
222582,1
222584,0
222585,1
222586,1
222591,0
222592,0
222593,0
222602,1
222609,0
222610,0
222615,0
222617,1
222619,1
222624,0
222626,0
222629,1
222630,1
222632,0
222633,0
222634,1
222636,0
222638,1
222644,0
222646,0
222651,1
222652,1
222654,1
222656,1
222657,1
222658,1
222660,1
222663,0
222664,0
222665,1
222670,1
222671,0
222672,1
222681,0
222684,0
222685,0
222686,0
222687,0
222689,0
222690,1
222692,1
222693,0
222694,1
222695,1
222697,1
222699,0
222700,0
222704,0
222705,0
222706,0
222707,1
222708,0
222709,0
222710,1
222716,1
222717,1
222718,0
222720,1
222722,0
222723,0
222724,0
222729,0
222732,0
222741,0
222743,0
222746,0
222749,1
222750,0
222754,0
222759,0
222760,0
222762,0
222764,0
222766,0
222773,0
222774,0
222779,1
222780,1
222783,0
222784,0
222789,0
222790,0
222793,1
222794,0
222795,0
222797,1
222798,1
222799,1
222803,1
222809,0
222810,1
222816,0
222817,1
222818,0
222820,0
222821,1
222823,1
222824,0
222826,0
222827,0
222829,0
222830,0
222831,1
222837,0
222849,0
222850,0
222854,0
222861,0
222862,0
222864,0
222867,0
222868,0
222869,1
222870,0
222872,1
222875,0
222877,1
222882,1
222883,1
222886,1
222888,1
222891,1
222892,0
222896,0
222897,1
222909,0
222911,0
222917,1
222918,0
222919,0
222921,0
222926,1
222928,0
222931,0
222933,0
222935,1
222936,0
222938,1
222939,0
222940,1
222942,0
222945,0
222949,0
222951,1
222952,1
222954,1
222961,0
222962,0
222964,0
222966,0
222969,0
222974,1
222977,0
222979,0
222980,1
222981,0
222982,1
222983,1
222984,0
222991,0
222993,0
222995,0
222996,1
223006,0
223009,0
223012,0
223013,0
223014,0
223019,0
223020,0
223023,0
223028,1
223032,0
223033,1
223035,1
223036,0
223038,1
223040,0
223044,1
223046,0
223047,0
223049,0
223050,0
223051,0
223055,1
223057,0
223059,1
223065,0
223066,0
223069,0
223077,0
223079,0
223081,1
223093,0
223094,1
223095,0
223097,0
223099,0
223101,0
223102,1
223103,1
223106,0
223108,0
223112,1
223118,0
223123,1
223124,1
223127,1
223128,1
223129,1
223130,1
223131,1
223134,1
223135,0
223137,1
223139,0
223140,1
223143,1
223144,0
223145,0
223146,0
223149,1
223154,0
223155,0
223157,0
223160,1
223161,1
223162,0
223163,1
223171,0
223172,1
223174,0
223175,1
223176,0
223177,0
223178,0
223185,1
223186,0
223188,1
223190,0
223193,1
223195,0
223198,1
223201,1
223203,1
223204,0
223212,0
223217,0
223220,0
223225,0
223227,0
223228,0
223230,1
223231,0
223235,0
223236,1
223243,1
223245,0
223249,1
223251,0
223252,1
223255,0
223256,0
223258,0
223259,1
223260,0
223262,1
223264,1
223268,0
223270,1
223275,1
223277,1
223278,0
223280,1
223282,1
223283,0
223285,0
223286,0
223292,0
223293,1
223294,1
223295,0
223298,0
223300,0
223301,0
223304,1
223308,0
223310,1
223313,1
223315,1
223319,0
223320,0
223321,1
223326,1
223328,0
223329,1
223330,0
223334,0
223340,0
223341,0
223342,0
223349,0
223350,1
223352,1
223353,1
223355,0
223356,1
223360,0
223362,1
223365,1
223366,1
223367,1
223377,1
223378,1
223381,1
223382,1
223384,0
223386,1
223387,1
223390,0
223392,0
223393,0
223394,0
223395,0
223396,1
223397,0
223398,0
223410,1
223413,1
223414,0
223415,0
223416,0
223418,0
223419,1
223422,1
223424,1
223429,0
223430,1
223436,0
223437,0
223439,1
223440,0
223442,1
223443,0
223446,0
223447,1
223448,1
223453,0
223456,1
223457,0
223459,1
223461,0
223462,0
223463,0
223465,1
223466,1
223467,0
223469,0
223470,1
223471,1
223473,0
223474,0
223475,0
223477,0
223480,0
223481,0
223483,0
223484,1
223486,1
223487,0
223488,1
223489,1
223491,0
223492,1
223498,0
223502,0
223505,0
223513,1
223515,0
223516,0
223522,0
223525,1
223526,0
223528,0
223529,1
223531,1
223532,0
223534,1
223536,1
223540,0
223541,0
223542,1
223543,0
223545,1
223553,0
223555,1
223556,1
223561,1
223562,1
223563,0
223571,0
223573,0
223577,1
223578,1
223579,0
223580,1
223581,0
223582,0
223583,1
223584,0
223585,0
223589,0
223594,0
223595,0
223596,1
223597,1
223598,0
223599,0
223603,0
223605,0
223606,1
223607,1
223609,1
223611,1
223612,0
223615,1
223616,0
223620,0
223624,1
223626,1
223627,0
223633,0
223638,0
223639,0
223640,1
223642,0
223644,0
223648,1
223649,1
223650,0
223651,0
223652,0
223653,0
223659,0
223662,0
223664,1
223666,0
223667,0
223668,1
223669,0
223675,0
223678,1
223679,1
223684,0
223685,0
223687,1
223688,1
223690,0
223691,1
223699,0
223701,1
223704,1
223705,0
223708,0
223716,1
223717,1
223718,0
223719,1
223720,0
223722,0
223723,1
223729,1
223731,1
223738,1
223741,0
223745,1
223751,0
223755,0
223758,0
223760,1
223761,0
223771,0
223774,0
223777,1
223783,1
223785,1
223787,1
223792,1
223795,1
223799,0
223803,0
223806,0
223807,1
223808,1
223809,1
223810,1
223815,1
223820,0
223823,0
223824,0
223826,1
223827,1
223834,0
223838,1
223843,1
223844,0
223847,0
223849,0
223853,1
223855,0
223858,0
223863,0
223871,1
223873,1
223874,1
223875,1
223877,0
223879,0
223881,0
223882,0
223884,0
223885,0
223886,1
223889,1
223890,0
223891,1
223892,0
223893,0
223894,1
223905,0
223908,1
223909,1
223910,0
223911,0
223912,0
223915,0
223917,1
223920,0
223927,0
223930,1
223936,0
223938,0
223940,1
223941,1
223943,0
223946,0
223949,0
223951,1
223953,0
223958,0
223960,1
223963,0
223964,0
223965,1
223967,0
223969,1
223971,1
223976,1
223979,1
223980,1
223981,0
223982,1
223985,0
223986,0
223989,1
223993,1
223995,1
224001,0
224004,1
224005,1
224008,0
224014,1
224018,0
224020,0
224022,1
224024,1
224026,1
224028,0
224031,0
224032,1
224035,0
224039,0
224041,1
224053,0
224054,1
224055,0
224058,1
224059,1
224060,1
224061,1
224064,0
224065,1
224066,0
224069,1
224074,1
224075,0
224076,1
224077,1
224080,0
224085,1
224088,1
224090,1
224091,1
224093,0
224094,1
224095,0
224096,1
224097,0
224098,1
224099,1
224100,0
224102,1
224110,0
224113,0
224115,1
224116,1
224119,1
224120,1
224124,0
224125,0
224128,1
224131,0
224133,0
224134,0
224140,0
224142,1
224144,0
224145,1
224148,0
224150,1
224151,1
224152,1
224153,1
224156,0
224158,0
224161,1
224162,1
224165,1
224171,0
224179,0
224181,1
224186,0
224188,1
224192,1
224194,0
224197,0
224198,0
224199,0
224200,0
224201,0
224205,0
224206,1
224214,0
224216,1
224222,1
224226,0
224229,0
224231,0
224233,0
224234,1
224235,1
224236,0
224237,1
224238,1
224240,1
224241,0
224242,0
224244,1
224245,0
224248,0
224250,1
224252,0
224255,0
224258,1
224262,1
224267,1
224268,0
224270,1
224271,0
224272,1
224274,0
224276,0
224281,0
224282,1
224286,0
224288,0
224289,0
224292,1
224293,1
224298,1
224299,1
224300,0
224301,0
224302,0
224303,0
224306,1
224308,0
224309,0
224310,0
224312,0
224313,0
224314,0
224317,1
224318,0
224320,1
224324,1
224325,1
224327,1
224334,1
224339,1
224342,0
224354,0
224356,1
224363,1
224364,1
224366,0
224367,1
224368,0
224369,0
224370,0
224375,1
224377,1
224378,1
224380,1
224383,1
224388,1
224390,1
224393,0
224399,1
224401,1
224406,0
224407,1
224408,1
224412,1
224416,0
224417,1
224418,0
224420,0
224421,0
224425,1
224435,0
224444,0
224447,1
224450,0
224454,0
224456,1
224457,1
224459,0
224460,0
224463,0
224464,1
224466,1
224468,0
224471,1
224472,1
224476,0
224477,1
224478,1
224481,0
224487,0
224490,1
224495,1
224500,0
224507,0
224511,0
224513,0
224514,0
224520,1
224521,0
224523,0
224524,0
224529,1
224532,1
224534,0
224541,1
224546,0
224556,1
224557,1
224558,1
224559,1
224562,0
224571,0
224572,0
224574,1
224575,1
224576,1
224580,1
224584,1
224585,1
224588,1
224590,1
224591,1
224592,1
224594,0
224599,1
224600,0
224605,0
224608,1
224609,1
224610,0
224613,0
224614,0
224617,1
224619,0
224622,1
224623,1
224626,0
224627,0
224628,1
224630,0
224634,1
224638,0
224644,0
224647,1
224650,0
224651,1
224653,1
224657,0
224661,1
224664,0
224666,1
224670,0
224671,0
224672,1
224674,1
224677,0
224681,0
224687,0
224689,0
224690,0
224693,0
224697,1
224706,1
224707,1
224708,0
224709,0
224714,0
224718,0
224719,1
224721,0
224723,1
224725,0
224727,0
224729,1
224733,0
224735,1
224736,1
224737,0
224738,0
224744,1
224748,0
224749,0
224751,1
224755,0
224756,0
224757,0
224760,1
224761,1
224762,1
224763,1
224766,1
224770,1
224771,0
224772,0
224773,0
224775,1
224777,1
224778,0
224779,0
224780,1
224783,0
224784,0
224786,0
224787,0
224797,0
224798,1
224800,1
224801,1
224802,0
224806,0
224807,1
224811,0
224816,0
224818,1
224820,0
224823,0
224825,0
224828,1
224831,1
224833,0
224835,0
224836,1
224839,0
224841,1
224844,0
224848,1
224856,0
224858,1
224862,0
224867,1
224870,1
224871,1
224873,1
224879,0
224880,0
224881,0
224888,1
224891,0
224895,1
224896,0
224898,0
224899,1
224901,1
224904,0
224909,1
224912,1
224914,0
224919,0
224920,0
224921,0
224928,1
224929,1
224930,0
224933,1
224934,0
224935,0
224937,0
224941,1
224942,0
224945,1
224948,0
224949,1
224954,0
224956,0
224957,1
224958,0
224960,0
224963,0
224973,0
224974,0
224975,0
224978,0
224982,0
224983,1
224984,0
224985,1
224987,1
224989,1
224991,0
224992,1
224993,1
224997,0
225003,1
225004,0
225006,0
225007,0
225009,0
225011,0
225012,1
225013,1
225015,0
225020,0
225022,1
225024,0
225025,1
225026,0
225028,1
225033,1
225035,0
225037,0
225047,0
225048,1
225050,0
225051,0
225052,1
225054,1
225056,1
225058,0
225066,1
225069,1
225071,1
225074,0
225078,1
225081,0
225084,0
225085,0
225086,0
225088,0
225090,1
225098,0
225099,0
225101,1
225106,0
225108,0
225112,0
225113,0
225114,0
225119,1
225122,0
225123,0
225124,1
225126,1
225127,1
225128,0
225131,0
225132,1
225133,1
225136,0
225140,0
225144,1
225148,0
225151,0
225154,0
225155,0
225157,0
225159,1
225160,1
225162,0
225163,1
225165,0
225166,0
225168,0
225169,0
225170,0
225172,1
225174,1
225176,0
225177,0
225178,0
225179,0
225180,1
225181,0
225186,0
225188,0
225190,0
225192,0
225194,0
225195,1
225204,0
225207,0
225209,1
225210,0
225214,0
225223,0
225224,0
225227,0
225228,0
225229,0
225230,1
225231,0
225233,0
225235,1
225237,0
225238,0
225241,1
225242,0
225244,0
225246,1
225248,1
225253,1
225255,0
225258,0
225261,0
225263,1
225269,0
225270,1
225271,0
225275,0
225276,1
225277,1
225279,1
225280,0
225283,1
225285,0
225289,0
225290,0
225294,0
225299,0
225303,0
225304,0
225305,0
225309,1
225311,1
225312,0
225313,1
225315,0
225316,0
225318,1
225321,0
225322,0
225325,1
225326,0
225327,0
225328,0
225330,0
225333,0
225335,0
225336,0
225338,0
225342,0
225343,1
225345,1
225346,0
225347,0
225348,1
225349,0
225352,0
225353,0
225356,0
225357,1
225360,0
225363,0
225367,0
225369,1
225370,0
225371,1
225372,0
225375,1
225377,0
225380,1
225382,0
225387,0
225390,1
225393,1
225397,0
225399,1
225400,1
225401,0
225402,0
225405,0
225408,0
225413,0
225415,1
225425,0
225429,0
225431,0
225434,0
225435,0
225439,0
225440,1
225442,1
225443,0
225444,1
225446,0
225447,0
225450,0
225451,1
225452,0
225454,0
225459,1
225460,0
225461,0
225464,0
225466,0
225469,1
225472,1
225477,1
225478,0
225481,1
225482,1
225483,0
225484,1
225486,1
225493,1
225496,0
225499,0
225500,0
225502,1
225505,0
225507,1
225508,1
225509,1
225510,0
225511,1
225513,0
225515,1
225517,0
225518,0
225519,0
225520,1
225521,1
225522,0
225524,0
225526,0
225532,1
225534,0
225536,1
225537,0
225538,0
225540,0
225541,0
225542,1
225543,0
225546,1
225547,0
225548,1
225550,1
225551,0
225557,1
225558,0
225561,0
225562,1
225563,0
225565,0
225566,1
225568,1
225570,0
225572,0
225576,1
225580,0
225581,0
225582,0
225586,1
225588,1
225589,1
225590,1
225591,0
225592,1
225593,0
225594,0
225596,0
225597,0
225602,0
225603,1
225604,1
225606,1
225610,1
225611,1
225615,0
225618,0
225619,0
225621,1
225623,0
225627,0
225629,0
225630,0
225634,0
225636,1
225641,1
225645,0
225646,0
225647,1
225650,1
225651,0
225656,0
225658,1
225659,0
225660,1
225662,0
225663,0
225670,1
225672,0
225675,0
225676,0
225677,1
225678,0
225683,1
225685,0
225686,1
225688,0
225690,1
225691,1
225697,0
225701,1
225702,1
225703,1
225704,1
225705,1
225706,0
225711,0
225712,0
225713,0
225714,1
225715,0
225717,0
225718,1
225720,0
225722,0
225726,0
225728,0
225729,0
225731,1
225732,0
225733,1
225736,1
225737,0
225738,1
225743,0
225744,0
225746,1
225747,1
225754,1
225756,0
225760,0
225764,1
225766,0
225767,0
225772,1
225774,1
225778,0
225779,1
225780,1
225782,1
225783,1
225788,0
225789,1
225793,1
225796,1
225799,1
225802,1
225812,0
225813,0
225816,0
225817,1
225821,1
225826,1
225831,0
225833,0
225838,1
225840,1
225845,0
225846,0
225850,1
225854,0
225870,1
225875,0
225876,0
225877,1
225881,1
225882,1
225889,0
225891,0
225892,1
225894,0
225895,0
225897,1
225900,0
225901,0
225902,1
225906,1
225908,0
225909,1
225912,1
225916,1
225917,0
225924,1
225925,0
225926,0
225927,1
225928,1
225930,0
225935,1
225937,0
225939,1
225953,1
225954,0
225955,1
225957,0
225964,0
225965,1
225967,1
225969,1
225970,0
225972,0
225974,0
225976,0
225978,0
225981,0
225983,0
225985,0
225988,0
225989,1
225990,1
225991,1
225998,0
226000,0
226002,0
226003,0
226012,1
226016,0
226021,1
226022,1
226024,0
226025,0
226026,0
226029,1
226032,0
226034,0
226040,0
226042,0
226044,0
226050,0
226051,0
226052,1
226056,0
226057,0
226063,1
226064,1
226067,1
226074,0
226079,1
226080,1
226082,1
226084,0
226087,1
226093,0
226097,0
226098,1
226099,1
226100,0
226102,0
226103,0
226105,0
226107,1
226109,1
226110,0
226111,1
226113,1
226115,1
226116,0
226119,0
226120,0
226122,1
226123,1
226126,0
226129,0
226130,0
226131,0
226132,1
226133,0
226135,1
226136,1
226139,0
226141,0
226142,0
226143,0
226146,0
226149,1
226151,1
226154,1
226157,0
226161,1
226162,0
226165,0
226166,1
226168,1
226172,0
226174,1
226175,0
226180,1
226181,1
226183,1
226184,0
226186,1
226188,1
226191,1
226194,1
226203,0
226207,0
226215,0
226217,0
226218,1
226219,1
226220,0
226222,0
226225,0
226231,1
226232,1
226235,1
226237,0
226242,1
226243,0
226244,0
226245,1
226246,1
226247,0
226248,1
226249,0
226250,1
226255,0
226260,0
226261,0
226262,0
226263,0
226264,0
226266,0
226267,0
226270,1
226271,1
226272,0
226274,1
226277,0
226280,1
226282,0
226284,1
226285,1
226286,0
226292,1
226297,0
226301,0
226302,0
226306,0
226308,0
226309,0
226311,1
226313,0
226315,1
226320,1
226321,1
226322,0
226328,0
226329,0
226333,1
226334,0
226335,1
226339,0
226342,0
226350,0
226352,0
226353,1
226354,1
226357,1
226358,0
226360,0
226367,1
226369,1
226373,1
226375,1
226378,0
226379,0
226381,0
226385,0
226389,1
226390,0
226392,1
226394,0
226396,1
226398,1
226399,1
226401,0
226410,0
226411,0
226415,0
226416,1
226418,0
226422,1
226424,1
226426,0
226427,0
226436,0
226437,1
226438,1
226442,1
226443,0
226444,0
226445,1
226446,0
226450,0
226454,1
226456,1
226459,1
226461,1
226462,1
226468,0
226469,0
226470,0
226471,1
226473,0
226475,0
226476,1
226478,0
226481,1
226483,1
226485,1
226488,0
226499,0
226503,1
226506,0
226508,1
226509,1
226515,0
226517,0
226518,0
226519,1
226522,1
226523,0
226525,1
226534,1
226538,1
226541,0
226543,1
226546,0
226548,1
226549,0
226553,1
226561,0
226562,1
226565,1
226567,1
226571,0
226575,0
226580,1
226582,0
226586,1
226587,0
226588,1
226589,1
226591,1
226592,1
226594,1
226597,0
226602,0
226606,1
226610,1
226611,1
226614,0
226615,1
226616,0
226618,0
226619,0
226620,0
226621,0
226623,1
226624,1
226626,1
226627,0
226629,0
226631,1
226633,0
226635,1
226638,0
226640,0
226642,1
226645,1
226650,0
226651,1
226654,0
226658,1
226663,0
226668,0
226672,1
226673,1
226674,1
226676,1
226681,1
226685,0
226686,0
226688,0
226690,0
226692,0
226694,0
226696,1
226697,0
226698,1
226699,1
226700,1
226701,1
226704,1
226705,0
226707,0
226710,1
226714,1
226718,0
226720,0
226724,1
226725,0
226727,1
226729,0
226733,0
226734,1
226735,0
226737,0
226741,0
226744,1
226746,1
226756,0
226757,0
226759,0
226768,0
226769,0
226774,1
226777,1
226778,0
226779,0
226781,1
226789,1
226790,0
226793,1
226794,1
226795,1
226798,0
226801,0
226802,0
226805,0
226807,0
226808,1
226813,0
226816,1
226817,1
226819,0
226822,1
226823,1
226824,0
226825,1
226827,1
226836,0
226837,1
226838,0
226841,0
226844,0
226845,1
226846,0
226847,0
226849,0
226850,1
226851,1
226852,1
226853,0
226863,0
226868,0
226871,1
226872,0
226873,0
226874,0
226877,0
226881,0
226884,0
226885,1
226887,0
226890,0
226892,1
226895,0
226898,0
226900,0
226901,0
226906,0
226909,0
226910,0
226911,0
226914,1
226916,1
226918,0
226919,0
226920,0
226922,0
226923,0
226925,0
226929,1
226933,1
226935,0
226938,0
226941,0
226942,1
226943,0
226946,0
226950,0
226951,1
226952,0
226957,1
226958,1
226959,0
226960,1
226963,0
226964,0
226970,1
226972,1
226973,0
226977,0
226978,0
226981,0
226982,0
226984,0
226986,1
226989,0
226996,0
226997,0
226998,1
227002,0
227004,0
227009,0
227010,0
227012,0
227013,0
227014,0
227015,0
227017,1
227021,0
227025,0
227026,1
227029,0
227031,0
227036,0
227042,1
227044,0
227047,0
227050,0
227052,1
227054,1
227057,1
227058,1
227062,0
227065,1
227066,1
227067,0
227070,1
227072,0
227077,0
227081,0
227082,0
227083,0
227084,0
227088,1
227089,0
227090,0
227091,0
227094,1
227098,1
227099,1
227100,0
227101,1
227102,1
227103,0
227104,1
227113,0
227114,0
227121,0
227123,0
227127,0
227132,1
227134,0
227138,1
227139,1
227141,0
227142,0
227143,0
227144,1
227159,0
227160,0
227161,1
227169,0
227170,0
227172,0
227174,1
227176,0
227177,1
227184,0
227186,1
227194,0
227195,0
227196,0
227198,1
227200,0
227202,1
227204,0
227210,0
227213,1
227215,1
227222,0
227224,0
227227,0
227228,1
227229,1
227230,1
227236,0
227238,1
227240,1
227242,1
227243,1
227244,0
227245,1
227249,0
227251,1
227253,0
227254,0
227255,0
227256,0
227257,0
227258,0
227262,0
227264,1
227269,0
227272,1
227273,0
227274,0
227275,1
227277,1
227287,1
227288,0
227289,1
227294,1
227296,1
227300,0
227308,0
227312,0
227313,1
227319,1
227320,1
227323,0
227325,0
227328,0
227329,1
227331,0
227332,0
227333,1
227334,0
227335,0
227337,0
227338,0
227340,0
227341,1
227346,1
227351,0
227352,1
227353,0
227354,0
227355,1
227356,1
227357,1
227362,1
227364,0
227367,0
227368,0
227369,0
227374,0
227380,0
227381,0
227382,0
227384,0
227387,1
227390,0
227397,0
227398,0
227405,0
227406,1
227411,1
227412,0
227413,1
227414,0
227415,0
227416,0
227420,1
227421,1
227422,0
227424,0
227430,1
227432,0
227435,0
227437,0
227445,0
227449,0
227451,0
227452,1
227457,0
227458,1
227463,0
227466,1
227468,1
227471,0
227472,0
227473,0
227474,0
227478,1
227485,1
227496,0
227499,1
227502,1
227503,0
227505,0
227506,1
227510,0
227511,0
227515,1
227519,0
227521,0
227523,0
227524,0
227525,1
227526,0
227536,1
227539,0
227541,1
227543,0
227550,0
227551,0
227553,0
227556,1
227565,1
227566,0
227570,0
227571,1
227572,0
227573,1
227575,1
227578,0
227579,0
227582,0
227585,0
227588,0
227590,1
227595,1
227596,1
227597,1
227601,0
227602,0
227608,0
227609,1
227610,1
227611,0
227612,0
227613,0
227616,1
227617,0
227619,0
227621,1
227623,0
227627,0
227628,0
227630,0
227631,0
227633,1
227634,0
227641,0
227644,0
227647,1
227656,0
227661,1
227670,1
227675,1
227679,1
227681,0
227685,0
227687,0
227690,1
227692,0
227693,1
227700,1
227701,1
227702,1
227703,1
227707,1
227709,0
227710,0
227711,0
227714,1
227715,1
227720,0
227722,1
227725,0
227731,1
227732,1
227740,1
227742,0
227743,1
227750,0
227755,0
227758,1
227761,0
227763,1
227765,0
227767,0
227768,0
227770,1
227776,1
227778,0
227783,1
227784,0
227787,1
227792,1
227793,1
227796,1
227800,0
227804,1
227805,1
227806,1
227809,0
227813,0
227815,0
227816,0
227820,0
227821,1
227822,0
227823,0
227825,1
227827,0
227830,0
227831,0
227832,0
227835,0
227838,0
227844,1
227845,1
227848,0
227849,0
227857,1
227859,0
227860,0
227863,0
227868,0
227869,0
227873,0
227875,0
227876,0
227882,0
227886,0
227887,1
227889,1
227894,1
227895,1
227898,0
227901,0
227906,0
227907,1
227909,1
227916,0
227918,0
227919,1
227922,0
227923,0
227925,1
227926,0
227928,1
227929,1
227935,1
227936,1
227939,0
227940,0
227943,1
227944,0
227945,1
227946,1
227950,0
227952,1
227959,1
227963,1
227964,0
227967,0
227968,1
227969,0
227975,1
227979,0
227983,1
227988,0
227989,1
227991,1
227993,0
227995,0
227998,0
227999,1
228000,1
228001,0
228003,0
228008,0
228009,1
228010,0
228011,1
228017,1
228023,1
228027,0
228030,1
228032,1
228033,0
228034,0
228040,1
228042,0
228043,0
228044,0
228046,1
228048,0
228055,1
228057,1
228059,0
228066,0
228067,1
228068,0
228070,1
228071,0
228075,1
228079,1
228080,0
228081,0
228082,0
228084,0
228088,0
228090,1
228092,1
228094,1
228095,0
228096,0
228102,1
228103,1
228104,1
228108,1
228112,0
228113,1
228115,1
228118,0
228119,0
228121,1
228122,0
228123,0
228124,1
228125,0
228127,0
228129,0
228132,0
228133,0
228135,1
228136,1
228139,0
228141,0
228142,0
228144,1
228145,1
228146,1
228147,1
228148,1
228150,1
228153,1
228154,0
228159,1
228160,0
228161,0
228162,0
228163,1
228168,0
228171,1
228172,1
228173,0
228176,1
228181,1
228183,0
228184,1
228185,0
228189,0
228192,1
228193,0
228194,0
228197,0
228198,0
228200,1
228201,0
228203,0
228204,0
228207,0
228208,0
228209,1
228210,0
228216,1
228217,1
228220,1
228221,0
228223,0
228224,0
228231,0
228233,1
228236,0
228241,0
228243,0
228244,0
228246,1
228248,0
228250,0
228253,0
228259,1
228260,1
228262,1
228267,0
228271,0
228272,1
228273,0
228275,1
228276,0
228278,1
228280,0
228282,1
228283,0
228284,1
228286,1
228293,1
228295,0
228296,1
228297,0
228299,0
228301,0
228305,0
228307,0
228309,0
228310,0
228312,0
228314,1
228316,0
228318,0
228319,1
228322,1
228326,1
228329,1
228333,0
228334,1
228346,0
228351,1
228353,0
228355,1
228357,0
228358,0
228360,1
228364,0
228366,0
228368,0
228369,0
228371,0
228372,0
228376,0
228379,0
228381,0
228383,1
228384,1
228385,0
228386,0
228387,1
228388,1
228393,1
228396,0
228401,1
228404,1
228406,0
228410,1
228411,1
228415,0
228417,1
228418,0
228419,0
228421,0
228423,1
228428,0
228430,0
228431,1
228434,1
228441,1
228442,1
228447,1
228449,0
228452,1
228454,1
228455,0
228459,1
228460,0
228464,0
228465,0
228466,0
228471,1
228472,1
228475,1
228477,1
228480,0
228481,1
228482,1
228483,0
228485,1
228486,1
228489,0
228493,1
228494,0
228497,0
228498,1
228500,0
228501,1
228508,1
228509,1
228510,1
228511,1
228512,0
228514,1
228516,1
228518,1
228520,1
228528,1
228529,0
228530,1
228532,1
228536,0
228537,0
228538,0
228541,0
228543,1
228547,0
228549,0
228550,1
228552,0
228553,1
228554,1
228558,0
228560,0
228566,0
228567,0
228569,0
228571,1
228577,0
228582,0
228583,0
228589,1
228591,1
228594,1
228595,0
228596,0
228597,0
228598,0
228602,0
228609,0
228610,0
228611,1
228612,0
228613,1
228614,1
228617,0
228620,0
228621,0
228625,0
228629,0
228631,0
228634,1
228643,0
228644,0
228646,0
228650,0
228651,1
228652,1
228653,0
228659,1
228664,0
228668,0
228669,0
228670,1
228671,1
228677,0
228678,1
228683,0
228685,0
228688,1
228690,0
228694,1
228695,1
228696,0
228697,0
228698,0
228699,1
228702,0
228704,0
228706,0
228707,0
228708,0
228710,0
228713,1
228714,1
228715,1
228716,1
228717,1
228718,1
228721,0
228725,0
228727,1
228728,0
228729,1
228736,1
228737,1
228740,1
228748,0
228749,0
228751,0
228758,0
228759,0
228761,1
228762,0
228765,0
228766,0
228767,0
228769,0
228771,1
228775,1
228776,0
228777,0
228778,0
228779,0
228781,1
228782,0
228783,1
228785,1
228789,0
228793,1
228797,0
228798,0
228799,0
228802,1
228806,1
228807,1
228808,0
228809,0
228813,0
228816,0
228817,1
228818,1
228823,0
228825,1
228826,0
228827,0
228828,0
228829,0
228834,1
228835,0
228843,0
228845,1
228846,1
228847,0
228849,0
228850,1
228851,1
228857,1
228858,0
228859,1
228861,1
228863,0
228864,1
228868,0
228871,0
228872,0
228877,0
228880,1
228881,0
228884,0
228885,0
228888,1
228889,0
228890,0
228891,1
228894,1
228899,0
228902,0
228904,1
228906,0
228908,0
228909,0
228910,1
228915,0
228918,0
228920,0
228925,1
228927,0
228930,0
228932,1
228933,0
228940,0
228941,0
228942,0
228950,0
228951,0
228952,0
228956,0
228957,1
228958,1
228962,0
228964,0
228966,0
228967,1
228971,0
228976,1
228978,0
228983,0
228986,0
228988,1
228990,1
228991,1
228993,0
228994,0
228997,1
228998,0
229000,0
229003,1
229006,1
229007,0
229008,1
229010,0
229014,0
229017,0
229018,0
229020,0
229021,0
229025,1
229026,1
229027,0
229028,0
229029,1
229032,1
229033,0
229034,1
229038,0
229039,0
229040,0
229043,0
229047,0
229048,0
229050,0
229056,0
229058,1
229059,0
229062,0
229064,0
229066,1
229067,0
229068,0
229069,0
229072,0
229074,1
229075,1
229081,1
229083,0
229085,0
229086,1
229094,1
229097,0
229098,1
229100,1
229102,0
229104,0
229108,0
229110,0
229115,1
229120,1
229121,0
229127,0
229128,0
229129,0
229134,1
229135,1
229137,0
229138,1
229141,0
229144,1
229146,0
229147,1
229149,0
229152,0
229156,0
229157,1
229158,0
229162,1
229163,1
229166,1
229168,1
229171,0
229172,0
229174,0
229175,0
229176,0
229180,1
229185,1
229186,1
229187,0
229188,0
229190,1
229192,1
229193,0
229195,0
229197,0
229198,0
229200,0
229201,1
229204,1
229209,0
229210,0
229212,1
229218,0
229220,1
229226,0
229227,1
229234,1
229236,0
229238,1
229242,0
229243,0
229245,1
229248,1
229250,1
229254,1
229255,1
229257,1
229259,1
229260,0
229263,0
229264,1
229265,0
229266,1
229268,1
229270,0
229271,1
229276,0
229277,0
229280,0
229282,0
229283,0
229284,1
229285,1
229286,0
229289,0
229291,0
229293,0
229295,1
229296,0
229297,0
229298,1
229301,0
229302,1
229304,1
229306,0
229308,0
229310,0
229312,0
229313,0
229315,1
229318,1
229320,1
229321,1
229326,0
229327,0
229329,0
229330,1
229331,1
229332,1
229333,1
229334,1
229339,0
229340,0
229341,0
229344,0
229345,1
229346,0
229347,0
229349,1
229350,0
229351,0
229352,0
229354,0
229357,0
229358,0
229360,0
229363,0
229364,0
229365,0
229366,1
229375,0
229376,1
229380,1
229381,0
229382,0
229389,0
229394,1
229395,0
229398,0
229401,1
229405,1
229406,0
229409,0
229412,1
229417,1
229418,1
229420,0
229422,0
229432,1
229433,0
229434,0
229437,1
229439,0
229440,0
229442,1
229444,0
229447,1
229448,0
229449,0
229452,1
229453,0
229454,0
229455,1
229457,1
229458,0
229460,1
229463,1
229465,0
229466,1
229467,0
229468,0
229471,1
229473,1
229476,0
229477,1
229478,0
229479,0
229480,0
229481,1
229482,0
229483,0
229484,0
229486,1
229489,1
229491,0
229493,0
229494,0
229495,0
229496,0
229497,1
229500,0
229501,1
229504,0
229505,0
229506,1
229507,0
229509,1
229511,1
229515,1
229520,1
229521,1
229523,1
229525,1
229526,0
229537,0
229538,0
229539,1
229540,1
229541,0
229543,1
229544,1
229547,0
229550,1
229551,1
229552,0
229553,1
229559,1
229560,1
229561,1
229562,0
229564,0
229565,0
229566,0
229567,1
229568,1
229570,0
229571,0
229575,1
229578,1
229581,0
229591,0
229593,1
229596,1
229606,1
229610,1
229611,0
229612,0
229613,1
229616,0
229617,1
229619,1
229621,0
229622,0
229625,0
229628,1
229631,0
229636,1
229643,1
229647,0
229648,0
229649,0
229652,1
229658,0
229660,0
229661,0
229663,0
229666,0
229667,0
229668,0
229671,0
229673,0
229674,0
229676,0
229677,1
229680,1
229682,1
229684,1
229687,1
229692,1
229693,1
229694,1
229696,0
229697,0
229698,0
229699,0
229700,1
229702,1
229703,0
229705,1
229707,1
229708,1
229711,1
229715,1
229717,1
229723,0
229725,0
229734,0
229738,1
229739,1
229741,0
229742,1
229743,1
229747,1
229750,1
229751,0
229752,0
229753,0
229758,0
229760,0
229761,0
229762,1
229766,1
229768,1
229769,0
229771,0
229772,0
229773,1
229775,0
229777,0
229780,0
229783,1
229785,1
229787,1
229790,1
229794,0
229802,1
229803,1
229805,1
229806,1
229808,1
229812,0
229815,0
229817,0
229818,1
229822,0
229828,1
229835,0
229837,0
229839,1
229843,1
229844,0
229846,1
229849,1
229852,0
229854,1
229856,0
229858,0
229859,1
229860,1
229861,0
229863,0
229865,1
229866,1
229867,0
229868,1
229871,1
229874,1
229875,0
229876,1
229882,1
229883,1
229889,0
229890,1
229891,1
229896,0
229898,0
229899,0
229905,0
229908,0
229918,1
229919,0
229920,1
229925,1
229926,0
229927,1
229928,1
229929,1
229930,1
229933,1
229940,1
229941,0
229942,1
229945,0
229948,0
229951,0
229953,1
229954,0
229957,0
229960,0
229964,0
229967,0
229970,0
229972,1
229973,1
229974,1
229975,1
229976,0
229978,0
229979,0
229980,0
229981,0
229982,0
229985,1
229988,0
229989,1
229993,0
229994,1
229998,1
230000,0
230003,1
230006,0
230009,1
230010,0
230011,0
230015,0
230022,0
230025,1
230027,0
230031,1
230033,0
230034,0
230035,0
230036,1
230045,1
230046,1
230054,1
230055,0
230057,0
230058,1
230061,0
230063,0
230064,1
230065,1
230067,0
230070,1
230071,0
230072,1
230074,0
230075,0
230076,0
230077,0
230079,0
230081,0
230082,0
230084,0
230085,0
230086,0
230088,0
230090,0
230094,0
230096,1
230099,1
230101,0
230110,0
230112,0
230118,0
230119,0
230121,0
230123,0
230124,1
230125,1
230129,0
230131,0
230132,1
230141,1
230142,1
230144,0
230148,1
230151,0
230152,1
230156,1
230157,1
230159,0
230161,1
230169,1
230170,1
230172,1
230173,1
230177,0
230178,0
230181,1
230185,1
230186,0
230187,1
230188,1
230193,0
230195,0
230198,1
230200,0
230206,0
230207,1
230210,1
230212,0
230215,1
230219,0
230220,0
230222,1
230223,1
230224,1
230228,1
230229,0
230231,1
230232,1
230233,1
230235,1
230236,0
230238,1
230243,1
230247,1
230248,1
230250,0
230254,0
230257,0
230261,0
230264,0
230265,0
230267,0
230268,0
230269,1
230271,1
230272,0
230273,0
230274,1
230277,1
230278,0
230280,1
230281,1
230283,0
230288,1
230289,0
230294,0
230298,0
230305,0
230306,1
230307,0
230313,1
230317,1
230324,1
230325,1
230326,0
230330,0
230331,1
230333,0
230340,1
230343,1
230344,0
230345,1
230346,0
230347,0
230352,1
230353,0
230354,0
230356,1
230357,0
230363,1
230364,1
230368,0
230371,0
230373,1
230384,0
230391,0
230397,0
230403,1
230404,1
230408,0
230409,0
230410,0
230412,0
230413,0
230418,1
230425,1
230426,1
230428,0
230429,1
230431,1
230436,0
230439,1
230444,0
230445,1
230446,1
230448,0
230450,0
230451,0
230455,0
230459,0
230461,1
230463,0
230466,1
230468,0
230469,0
230470,1
230475,0
230476,1
230479,1
230481,0
230482,0
230483,0
230489,0
230490,0
230494,0
230495,0
230497,0
230498,0
230499,1
230505,0
230508,0
230510,0
230512,0
230513,0
230521,1
230523,0
230525,0
230528,0
230529,1
230530,0
230531,0
230535,1
230536,0
230537,0
230540,1
230545,1
230548,0
230550,0
230553,0
230559,1
230560,0
230561,0
230562,0
230563,1
230564,0
230565,0
230566,1
230567,1
230568,0
230571,0
230572,1
230577,1
230584,0
230585,0
230587,0
230590,1
230593,0
230595,1
230596,0
230597,0
230602,0
230603,0
230606,1
230607,1
230610,0
230611,1
230614,0
230615,0
230617,0
230618,0
230619,0
230634,0
230637,0
230638,1
230639,0
230640,0
230642,0
230643,0
230647,0
230651,0
230654,0
230656,0
230657,1
230663,0
230665,0
230667,0
230668,0
230670,1
230672,0
230673,0
230678,1
230679,1
230680,0
230688,0
230693,1
230694,1
230699,0
230701,0
230702,0
230703,0
230704,0
230705,0
230707,0
230708,0
230709,0
230711,1
230718,0
230719,1
230720,0
230721,0
230724,0
230725,1
230726,0
230727,0
230730,0
230731,1
230732,0
230735,0
230737,0
230738,1
230741,0
230742,0
230745,1
230746,1
230747,0
230749,0
230751,1
230753,1
230754,0
230755,1
230757,0
230758,1
230760,1
230763,1
230765,0
230767,0
230771,1
230773,0
230775,1
230777,0
230778,1
230785,0
230789,0
230791,0
230795,1
230798,1
230802,0
230806,0
230807,0
230815,1
230817,1
230820,1
230823,1
230824,0
230825,0
230831,0
230835,1
230836,0
230837,1
230838,0
230844,1
230845,1
230847,1
230849,1
230850,0
230853,0
230860,0
230861,1
230864,1
230865,0
230867,1
230868,0
230871,0
230876,0
230879,1
230880,1
230882,1
230888,1
230892,1
230893,0
230896,1
230897,1
230900,0
230901,0
230903,0
230905,0
230906,1
230908,0
230909,1
230910,1
230911,1
230912,0
230914,0
230918,1
230923,0
230925,0
230926,0
230930,0
230932,1
230934,1
230935,0
230938,0
230939,0
230940,0
230944,1
230947,1
230948,1
230953,0
230954,0
230955,1
230956,0
230957,1
230959,1
230963,0
230964,1
230966,0
230967,1
230969,0
230970,0
230971,0
230973,1
230975,0
230976,1
230980,1
230981,0
230988,0
230997,1
230998,1
231005,1
231009,1
231010,0
231014,0
231015,0
231016,1
231019,0
231020,0
231022,1
231023,1
231024,0
231026,0
231027,0
231030,1
231036,1
231037,1
231041,1
231042,0
231045,0
231046,0
231048,0
231049,1
231050,0
231052,0
231054,1
231056,0
231060,1
231061,0
231063,0
231066,0
231067,1
231069,0
231072,1
231076,0
231078,0
231079,1
231082,0
231087,0
231090,0
231094,0
231097,0
231098,1
231101,1
231102,1
231104,0
231111,0
231113,1
231118,0
231122,1
231124,1
231128,0
231129,1
231133,1
231134,0
231136,0
231138,0
231139,0
231140,0
231141,0
231143,0
231145,0
231146,0
231147,0
231148,0
231150,0
231152,1
231156,0
231157,0
231158,1
231159,1
231160,0
231162,1
231163,0
231165,0
231174,1
231175,1
231179,0
231180,0
231181,0
231183,1
231187,0
231189,1
231194,0
231195,0
231198,1
231199,1
231205,0
231209,0
231214,1
231217,1
231218,1
231220,0
231222,1
231223,1
231224,0
231228,1
231229,1
231230,1
231232,1
231235,0
231236,1
231239,1
231240,1
231245,0
231247,1
231251,1
231252,0
231254,1
231255,0
231256,0
231257,0
231259,0
231260,0
231264,0
231268,0
231271,0
231272,1
231274,0
231277,1
231278,0
231283,1
231290,1
231295,0
231296,0
231297,0
231298,1
231299,1
231301,1
231302,0
231304,0
231305,1
231306,0
231311,0
231312,0
231314,0
231318,1
231325,1
231327,1
231329,1
231330,0
231344,0
231352,0
231354,0
231357,1
231358,1
231359,1
231360,1
231361,1
231364,0
231372,1
231373,0
231374,0
231375,1
231377,0
231379,0
231382,0
231384,1
231385,1
231388,1
231389,0
231393,0
231395,1
231396,0
231397,0
231403,1
231404,1
231405,1
231406,1
231411,1
231412,0
231413,0
231418,0
231419,0
231421,1
231422,1
231431,0
231432,0
231433,0
231440,0
231445,1
231448,1
231449,1
231451,0
231452,1
231453,0
231455,1
231457,0
231461,0
231463,0
231466,1
231469,0
231471,1
231472,0
231473,0
231474,1
231475,0
231478,1
231482,0
231483,0
231485,0
231487,0
231488,0
231490,1
231492,1
231493,1
231496,0
231499,0
231506,1
231516,1
231520,1
231525,1
231526,1
231531,0
231532,1
231536,0
231539,1
231541,1
231544,0
231545,0
231546,1
231549,1
231551,1
231555,1
231557,0
231558,1
231564,1
231569,0
231572,0
231578,0
231579,0
231580,1
231583,0
231584,1
231585,1
231587,1
231589,1
231598,1
231599,0
231600,0
231602,0
231606,0
231607,0
231608,1
231610,1
231612,0
231617,1
231618,1
231622,0
231623,0
231626,0
231627,1
231631,0
231632,0
231635,1
231638,1
231641,0
231642,1
231643,0
231645,1
231649,0
231650,0
231652,1
231656,1
231657,1
231659,1
231662,1
231664,1
231670,0
231672,1
231673,1
231676,0
231680,0
231681,0
231683,0
231694,0
231695,1
231698,1
231700,1
231703,1
231705,0
231707,0
231714,0
231715,1
231716,0
231717,0
231724,0
231731,0
231733,0
231736,1
231737,1
231741,0
231742,0
231743,0
231744,0
231746,0
231749,0
231750,1
231753,0
231755,1
231761,0
231765,1
231766,1
231768,0
231770,0
231771,1
231772,0
231777,0
231781,0
231783,0
231784,1
231785,1
231787,1
231791,1
231793,0
231794,0
231795,0
231800,1
231804,0
231809,0
231810,0
231813,1
231814,0
231815,1
231816,1
231817,0
231818,1
231820,1
231827,1
231828,0
231829,0
231839,1
231840,0
231841,0
231848,0
231849,0
231851,1
231852,0
231860,0
231861,1
231863,1
231866,0
231877,0
231878,1
231879,0
231880,1
231882,1
231884,1
231885,1
231890,0
231891,0
231893,0
231894,0
231895,1
231896,0
231898,0
231901,0
231907,0
231908,0
231915,1
231916,0
231917,1
231921,1
231922,1
231924,0
231926,0
231930,0
231936,0
231942,0
231943,0
231946,0
231950,0
231951,0
231954,1
231958,0
231959,0
231965,0
231966,0
231968,0
231972,0
231973,0
231974,0
231981,0
231987,1
231989,0
231991,0
231992,0
231993,1
231994,0
231995,0
231998,1
232002,0
232003,1
232006,1
232008,0
232009,0
232011,1
232013,0
232014,1
232015,1
232016,1
232021,0
232022,1
232025,0
232027,1
232028,1
232029,1
232030,0
232031,0
232033,0
232034,0
232035,1
232038,0
232040,0
232041,1
232042,1
232044,1
232045,0
232048,0
232051,0
232052,0
232053,1
232054,1
232056,1
232057,0
232060,1
232062,1
232067,1
232068,1
232072,0
232073,0
232075,1
232077,0
232079,1
232080,0
232082,1
232087,0
232089,0
232091,0
232092,0
232094,1
232097,1
232098,0
232100,1
232105,0
232107,0
232110,0
232118,0
232120,1
232122,0
232125,1
232128,0
232129,1
232131,0
232135,1
232137,1
232138,1
232139,1
232140,1
232145,1
232148,0
232152,1
232154,0
232156,0
232160,0
232162,1
232163,0
232164,0
232165,0
232168,0
232172,0
232176,1
232178,0
232179,0
232183,0
232186,1
232189,0
232194,0
232197,0
232198,1
232200,0
232201,0
232203,0
232205,0
232206,0
232209,0
232210,0
232217,0
232219,0
232222,1
232225,0
232226,1
232233,0
232234,1
232236,0
232237,1
232238,0
232241,1
232243,1
232247,0
232252,0
232253,0
232254,1
232256,1
232261,0
232264,0
232267,0
232268,1
232271,0
232273,0
232275,0
232276,1
232279,1
232280,0
232281,1
232284,0
232285,1
232287,0
232302,0
232303,0
232304,0
232308,0
232309,1
232310,1
232311,0
232312,0
232313,0
232314,0
232318,0
232320,0
232321,0
232323,1
232325,1
232328,1
232330,0
232331,1
232337,1
232341,1
232343,0
232345,1
232347,0
232348,1
232349,0
232356,0
232360,1
232364,0
232365,0
232370,0
232373,0
232374,1
232378,1
232380,1
232383,0
232384,1
232386,0
232387,0
232388,0
232391,0
232395,0
232397,1
232398,0
232400,1
232401,1
232404,0
232406,1
232407,0
232408,1
232409,1
232410,1
232411,0
232412,0
232413,0
232414,0
232418,1
232421,1
232426,0
232428,1
232431,1
232432,0
232437,1
232441,0
232442,1
232444,1
232447,0
232451,0
232453,1
232454,0
232458,1
232463,1
232466,1
232468,1
232469,1
232472,0
232474,0
232475,0
232478,0
232479,1
232480,0
232483,0
232484,0
232485,0
232487,1
232489,0
232491,0
232494,0
232497,0
232498,0
232499,0
232501,0
232502,0
232504,1
232508,0
232511,0
232512,0
232524,0
232526,1
232527,1
232532,1
232533,0
232534,1
232535,0
232536,0
232539,1
232541,1
232548,0
232549,0
232550,0
232551,1
232554,0
232558,0
232565,1
232567,1
232568,0
232569,0
232572,1
232575,1
232579,0
232582,0
232586,1
232587,0
232588,0
232589,1
232591,1
232592,0
232595,0
232601,1
232604,0
232607,1
232610,1
232616,0
232617,0
232621,0
232623,1
232625,1
232628,0
232636,1
232637,0
232638,1
232640,1
232642,0
232643,1
232644,1
232646,0
232649,0
232650,0
232654,1
232655,1
232657,0
232658,1
232659,1
232660,0
232661,1
232666,0
232667,1
232668,0
232670,0
232674,0
232675,0
232681,1
232683,0
232684,1
232686,0
232687,1
232692,0
232693,0
232698,1
232702,1
232705,1
232706,0
232708,1
232709,1
232710,0
232713,0
232715,1
232716,1
232718,1
232719,1
232723,1
232724,1
232729,1
232734,1
232737,1
232738,1
232739,0
232743,0
232745,1
232750,0
232751,0
232753,0
232761,0
232766,1
232770,0
232772,0
232773,0
232776,0
232780,1
232783,1
232784,0
232785,1
232786,1
232789,1
232793,1
232795,0
232797,0
232801,1
232802,0
232804,0
232805,0
232806,1
232810,0
232811,0
232816,0
232818,1
232819,1
232821,0
232822,1
232824,0
232827,0
232830,0
232831,1
232832,1
232833,0
232835,1
232836,1
232837,0
232839,0
232843,1
232848,0
232853,0
232855,0
232856,1
232858,1
232860,0
232861,0
232863,0
232867,0
232872,0
232873,0
232879,1
232882,1
232883,0
232886,0
232887,0
232888,1
232894,0
232900,0
232902,0
232903,1
232905,1
232906,0
232907,0
232908,1
232910,1
232911,0
232912,0
232914,1
232917,0
232919,0
232920,0
232922,0
232923,1
232924,0
232927,1
232928,0
232929,1
232934,1
232936,1
232938,0
232939,0
232940,1
232941,1
232942,0
232944,1
232947,0
232948,0
232950,0
232953,0
232954,1
232957,0
232960,0
232963,1
232966,0
232967,1
232970,0
232972,0
232974,1
232975,1
232977,0
232978,1
232980,1
232981,0
232983,0
232985,1
232986,1
232988,0
232990,1
232992,1
232995,1
233003,1
233010,0
233012,1
233015,1
233016,1
233018,1
233020,0
233022,0
233024,0
233037,1
233038,1
233041,0
233046,0
233051,1
233055,0
233056,0
233060,0
233061,1
233062,0
233066,0
233067,0
233068,1
233069,1
233072,0
233073,0
233075,0
233085,0
233088,1
233091,0
233093,1
233094,1
233098,0
233104,1
233106,0
233107,0
233108,1
233111,0
233112,0
233114,1
233115,1
233116,1
233117,0
233120,1
233128,0
233129,0
233130,0
233131,1
233132,0
233135,1
233137,1
233139,1
233143,1
233144,1
233146,1
233148,0
233154,0
233156,0
233158,0
233160,0
233163,0
233165,1
233167,1
233168,0
233170,0
233172,0
233177,0
233178,1
233180,1
233181,1
233183,1
233184,0
233186,1
233189,0
233190,0
233193,1
233195,1
233204,0
233209,1
233210,1
233212,1
233216,1
233219,0
233221,0
233222,0
233226,0
233227,0
233229,1
233232,0
233236,0
233240,0
233241,1
233242,1
233243,0
233244,1
233246,1
233248,1
233249,0
233254,1
233257,1
233258,1
233259,0
233260,0
233265,0
233267,1
233270,0
233271,1
233273,1
233278,0
233284,0
233285,0
233288,0
233290,0
233291,1
233293,0
233297,0
233298,0
233300,0
233304,1
233307,0
233310,0
233312,0
233314,0
233318,0
233320,1
233323,1
233324,0
233326,1
233327,1
233329,0
233330,0
233331,0
233334,0
233335,0
233340,0
233344,1
233345,0
233347,1
233350,0
233352,0
233357,1
233360,1
233363,1
233366,1
233367,1
233370,0
233371,0
233372,1
233375,1
233377,0
233383,0
233384,0
233386,1
233389,1
233390,0
233393,0
233395,1
233397,1
233400,0
233401,0
233402,0
233403,0
233405,0
233409,1
233413,1
233417,1
233419,1
233421,1
233424,0
233425,1
233426,1
233429,1
233430,1
233432,0
233433,0
233434,0
233437,1
233438,0
233442,0
233443,1
233445,0
233446,0
233448,1
233450,1
233451,0
233454,0
233456,0
233458,1
233463,1
233464,0
233466,1
233467,0
233469,0
233472,0
233481,0
233483,1
233484,1
233486,1
233487,0
233490,1
233492,1
233494,0
233495,1
233496,1
233497,1
233499,1
233503,0
233504,1
233506,1
233507,0
233508,1
233509,1
233511,0
233513,0
233514,1
233518,0
233519,1
233520,0
233524,0
233525,1
233526,1
233532,0
233534,0
233539,0
233540,0
233541,0
233542,1
233545,1
233547,0
233548,0
233549,1
233551,0
233552,0
233554,1
233555,1
233559,1
233561,0
233562,0
233565,0
233566,0
233567,0
233568,0
233569,1
233570,1
233571,0
233575,0
233577,0
233579,1
233580,0
233581,0
233582,0
233583,0
233585,1
233589,1
233590,0
233592,0
233593,1
233595,0
233599,1
233601,0
233602,1
233605,1
233608,0
233611,1
233612,0
233613,0
233614,1
233615,1
233617,0
233622,1
233623,0
233627,1
233628,1
233629,1
233633,1
233634,1
233635,1
233636,1
233637,1
233638,1
233640,0
233644,0
233651,1
233655,1
233658,0
233664,0
233665,1
233666,0
233668,1
233669,1
233671,0
233672,1
233673,0
233675,0
233676,1
233677,1
233678,0
233683,0
233685,0
233689,0
233691,0
233692,1
233694,0
233695,1
233702,0
233703,0
233707,1
233711,1
233712,0
233716,1
233723,1
233724,1
233725,1
233728,1
233731,0
233732,1
233735,1
233739,1
233740,0
233741,0
233744,0
233746,0
233749,0
233752,0
233756,0
233757,0
233758,1
233759,1
233760,0
233764,1
233765,1
233769,0
233773,0
233776,0
233778,0
233780,0
233782,0
233792,0
233795,0
233799,0
233800,0
233801,1
233805,0
233807,0
233813,0
233820,1
233821,0
233824,1
233825,0
233826,1
233827,1
233828,1
233831,0
233833,0
233838,1
233839,0
233840,1
233842,1
233845,0
233846,1
233849,0
233850,1
233853,0
233855,1
233862,0
233865,1
233868,1
233877,1
233880,1
233902,1
233904,1
233908,0
233909,0
233911,1
233912,0
233913,1
233914,0
233916,1
233919,0
233922,1
233923,0
233924,1
233930,1
233936,0
233944,0
233945,0
233946,1
233947,1
233948,1
233952,0
233953,0
233955,1
233956,0
233959,0
233962,0
233965,0
233968,0
233969,0
233971,0
233972,1
233973,1
233974,1
233975,0
233978,0
233979,1
233981,1
233989,0
233990,0
233993,0
233995,0
233999,0
234000,0
234008,0
234009,1
234010,0
234011,1
234012,1
234014,0
234019,1
234024,0
234026,0
234028,1
234030,1
234032,0
234033,0
234034,0
234036,0
234037,1
234039,0
234041,0
234044,0
234045,0
234051,1
234055,1
234070,0
234076,0
234077,1
234080,0
234084,0
234088,1
234089,0
234090,1
234098,1
234101,1
234104,0
234108,0
234109,1
234111,0
234112,0
234113,1
234115,0
234116,0
234117,0
234121,0
234123,1
234124,0
234125,0
234126,0
234127,0
234128,0
234132,1
234133,0
234134,0
234136,1
234137,0
234140,0
234141,0
234143,0
234144,1
234145,1
234146,0
234147,0
234149,0
234150,1
234151,0
234154,0
234155,1
234162,1
234163,1
234166,0
234173,0
234174,0
234175,0
234176,1
234181,0
234184,0
234187,0
234188,0
234189,1
234193,0
234200,0
234201,0
234203,0
234206,1
234208,0
234212,0
234213,1
234218,0
234220,1
234222,0
234223,1
234225,1
234228,0
234229,0
234230,0
234233,1
234234,1
234235,0
234239,0
234243,1
234244,0
234245,1
234250,1
234251,0
234252,0
234253,0
234257,1
234260,0
234261,0
234262,1
234263,1
234264,1
234266,0
234267,0
234269,1
234272,1
234273,1
234276,1
234277,1
234278,0
234279,1
234281,1
234285,0
234286,0
234287,1
234288,0
234289,0
234290,0
234299,0
234300,0
234302,0
234304,0
234306,0
234308,0
234313,1
234314,1
234315,0
234316,0
234317,0
234318,0
234319,1
234326,1
234327,0
234328,0
234329,0
234331,0
234335,1
234336,0
234338,0
234339,0
234340,0
234342,0
234346,0
234350,1
234352,0
234355,1
234359,0
234360,1
234361,0
234363,0
234364,1
234365,1
234366,0
234368,1
234369,0
234372,0
234373,0
234374,0
234380,0
234387,1
234389,1
234393,0
234402,0
234405,0
234415,1
234416,0
234417,0
234418,1
234421,0
234422,0
234423,1
234425,0
234427,1
234428,0
234429,1
234430,1
234434,0
234438,1
234440,0
234443,0
234445,0
234446,0
234447,0
234448,1
234451,1
234452,0
234453,1
234455,1
234457,1
234459,0
234462,1
234469,0
234470,1
234475,0
234482,0
234483,0
234487,0
234489,1
234492,1
234496,1
234501,0
234505,0
234506,1
234507,0
234508,0
234513,0
234517,1
234518,0
234521,1
234524,1
234525,0
234526,0
234527,0
234528,1
234529,0
234532,1
234534,1
234536,0
234537,1
234538,0
234540,1
234542,1
234544,0
234545,0
234546,1
234548,1
234550,1
234554,0
234558,0
234562,0
234565,1
234566,1
234567,0
234568,1
234571,0
234573,0
234574,0
234577,1
234578,1
234586,0
234588,0
234589,1
234591,0
234592,0
234594,0
234598,0
234602,1
234604,1
234606,0
234608,1
234609,1
234610,0
234615,0
234625,0
234627,0
234630,1
234634,1
234635,0
234637,0
234648,1
234649,0
234651,1
234652,0
234654,1
234659,1
234662,0
234663,0
234664,1
234667,0
234668,0
234670,0
234671,0
234674,0
234684,0
234688,0
234690,1
234692,0
234696,0
234697,0
234699,0
234704,0
234707,0
234708,1
234712,1
234713,0
234714,1
234718,0
234719,1
234727,1
234728,1
234731,1
234736,0
234738,0
234741,1
234747,1
234753,0
234756,1
234758,1
234759,0
234760,0
234761,0
234764,1
234769,0
234772,1
234774,1
234775,1
234776,1
234777,1
234778,0
234779,1
234788,0
234789,1
234791,1
234793,1
234798,0
234799,0
234800,0
234804,1
234806,0
234809,0
234810,0
234812,1
234813,0
234815,1
234816,0
234817,1
234818,1
234819,1
234824,1
234827,0
234828,1
234829,0
234830,1
234833,0
234836,0
234839,0
234840,0
234842,0
234843,0
234846,0
234847,0
234848,0
234849,0
234850,0
234854,0
234858,1
234863,0
234864,0
234865,1
234869,1
234870,1
234872,0
234873,1
234874,0
234879,1
234880,0
234881,0
234882,1
234883,0
234886,0
234888,1
234889,0
234892,1
234893,1
234900,0
234902,1
234908,1
234911,0
234912,0
234913,0
234920,1
234921,1
234926,0
234929,1
234931,1
234934,0
234937,1
234939,1
234942,0
234943,0
234944,0
234946,1
234950,1
234951,0
234952,0
234956,1
234957,1
234959,0
234960,1
234962,0
234968,0
234971,0
234974,0
234987,1
234989,0
234990,0
234993,0
234995,1
234997,0
234998,0
235001,0
235005,0
235006,0
235007,0
235010,0
235012,0
235019,0
235020,1
235022,1
235027,0
235031,1
235032,1
235034,0
235036,1
235042,1
235048,0
235049,0
235051,1
235053,1
235055,0
235056,0
235060,0
235061,0
235064,1
235066,1
235067,0
235069,0
235070,1
235071,1
235074,1
235077,0
235078,0
235081,1
235083,1
235084,0
235088,1
235089,0
235092,1
235097,1
235100,1
235102,0
235104,0
235108,0
235110,1
235111,0
235114,1
235116,0
235118,1
235119,0
235122,0
235123,0
235124,1
235125,0
235127,1
235128,1
235133,0
235136,1
235137,1
235140,1
235142,0
235143,0
235144,1
235146,1
235150,0
235151,0
235152,1
235153,1
235155,1
235159,1
235160,0
235164,1
235170,1
235174,0
235175,1
235176,1
235179,0
235180,1
235181,1
235183,1
235184,1
235192,1
235194,1
235195,1
235197,1
235198,0
235201,0
235203,0
235208,1
235211,1
235212,1
235213,0
235214,1
235216,0
235217,0
235220,1
235224,1
235227,1
235228,0
235230,0
235231,1
235232,1
235233,1
235234,1
235243,0
235245,0
235248,0
235249,0
235251,1
235252,1
235258,0
235264,0
235269,0
235270,1
235271,1
235274,0
235275,1
235279,0
235280,1
235281,1
235283,1
235284,0
235289,1
235290,1
235292,0
235294,0
235297,1
235299,1
235301,1
235303,1
235305,0
235306,1
235307,0
235308,0
235312,1
235313,1
235322,1
235323,0
235325,0
235326,1
235328,0
235329,0
235336,0
235339,0
235342,0
235345,0
235346,0
235347,0
235349,1
235351,0
235353,1
235355,0
235356,1
235358,0
235361,1
235363,0
235364,1
235365,1
235368,0
235369,0
235370,0
235371,0
235377,0
235380,1
235381,1
235382,1
235383,0
235385,0
235388,1
235395,1
235396,0
235397,0
235398,1
235401,1
235402,0
235405,0
235408,0
235410,0
235413,1
235415,1
235416,1
235419,0
235420,0
235424,1
235425,0
235431,1
235433,0
235434,1
235435,1
235438,1
235444,1
235447,1
235448,0
235459,1
235462,0
235469,1
235470,1
235472,0
235476,1
235478,0
235479,1
235481,0
235482,0
235483,0
235487,0
235490,1
235492,0
235493,0
235495,0
235496,1
235498,1
235503,0
235506,1
235508,0
235510,0
235513,1
235514,1
235515,0
235516,0
235517,1
235519,0
235520,1
235526,1
235531,1
235534,1
235537,1
235540,1
235546,0
235554,0
235555,0
235564,0
235565,1
235567,0
235569,1
235571,0
235572,1
235576,1
235578,1
235579,0
235584,1
235588,0
235590,1
235596,1
235597,1
235599,0
235602,1
235603,0
235604,0
235605,1
235607,0
235608,0
235610,0
235616,1
235618,1
235621,1
235622,1
235623,1
235626,1
235628,0
235629,0
235631,0
235632,1
235635,0
235636,0
235639,1
235641,0
235642,0
235644,0
235647,1
235649,0
235656,0
235659,0
235663,1
235665,1
235667,1
235669,1
235673,1
235674,1
235676,0
235677,0
235679,0
235681,1
235682,1
235686,1
235687,0
235688,1
235690,0
235692,1
235695,0
235697,1
235699,0
235701,1
235702,1
235711,1
235712,1
235714,0
235716,1
235717,0
235722,1
235724,0
235725,1
235728,1
235729,1
235730,1
235735,0
235738,0
235739,0
235742,0
235745,1
235747,1
235754,0
235755,1
235759,0
235760,1
235761,0
235763,0
235767,0
235770,1
235772,0
235777,1
235779,1
235784,0
235788,1
235789,0
235793,0
235794,0
235795,0
235796,0
235798,1
235801,0
235802,0
235804,0
235805,1
235807,0
235808,1
235810,0
235811,0
235814,0
235816,1
235818,0
235820,0
235822,1
235823,0
235824,0
235825,1
235826,0
235827,0
235828,0
235829,1
235830,0
235833,0
235835,0
235836,0
235840,1
235842,0
235844,0
235846,0
235857,0
235858,0
235859,1
235861,0
235863,0
235864,1
235867,1
235869,0
235874,1
235876,0
235881,0
235885,1
235887,1
235889,1
235890,0
235891,0
235894,0
235896,0
235897,0
235899,0
235900,1
235901,0
235903,0
235904,0
235905,0
235917,0
235924,0
235925,1
235926,0
235928,0
235930,0
235933,0
235936,1
235938,1
235939,0
235942,0
235944,1
235945,0
235952,1
235953,0
235955,0
235956,1
235958,0
235959,1
235960,1
235962,1
235963,1
235965,0
235966,1
235967,0
235969,0
235970,0
235973,0
235982,0
235986,1
235989,0
235991,1
235994,0
235995,1
235996,1
235998,0
236002,0
236004,0
236005,0
236006,0
236015,0
236017,1
236019,1
236025,0
236027,1
236028,1
236034,0
236037,1
236041,1
236045,0
236046,0
236049,0
236051,0
236058,0
236059,0
236061,0
236063,1
236065,0
236066,1
236067,0
236072,1
236078,1
236079,0
236080,1
236081,1
236086,1
236088,1
236090,1
236092,0
236093,1
236096,0
236098,1
236099,0
236102,1
236103,0
236106,0
236108,0
236115,0
236117,0
236119,0
236122,0
236123,0
236124,0
236131,0
236133,1
236134,1
236140,1
236141,0
236144,0
236149,0
236151,1
236160,1
236161,0
236165,0
236166,0
236168,1
236172,0
236174,0
236175,0
236176,1
236177,1
236182,1
236184,1
236186,1
236188,0
236194,0
236195,0
236198,0
236199,1
236201,1
236203,1
236204,1
236205,0
236206,1
236207,1
236208,1
236209,0
236212,1
236216,1
236217,1
236218,1
236222,0
236223,1
236224,0
236229,0
236231,0
236234,0
236235,0
236236,0
236237,1
236238,0
236239,1
236240,0
236241,1
236243,1
236244,1
236248,1
236251,0
236258,1
236261,0
236262,1
236265,0
236266,1
236272,1
236273,1
236274,1
236278,0
236281,0
236287,1
236290,0
236292,0
236294,0
236296,0
236299,0
236300,0
236302,1
236304,0
236307,0
236309,1
236310,1
236315,1
236316,1
236318,0
236322,1
236323,1
236325,0
236326,0
236327,1
236328,0
236331,1
236334,1
236336,1
236337,0
236338,1
236339,1
236341,0
236343,0
236345,0
236347,0
236349,0
236350,0
236352,1
236353,0
236355,0
236356,0
236363,0
236364,0
236365,1
236367,0
236375,1
236380,0
236381,0
236382,0
236384,0
236385,1
236387,1
236390,0
236391,0
236392,1
236395,1
236397,1
236400,1
236403,0
236407,1
236408,1
236412,1
236417,1
236423,1
236429,0
236430,0
236432,0
236433,0
236434,1
236436,0
236438,0
236441,0
236448,1
236449,0
236452,1
236453,0
236454,0
236455,1
236458,0
236459,1
236460,0
236462,0
236470,0
236471,0
236472,0
236473,0
236475,0
236477,0
236480,1
236483,0
236488,1
236489,0
236491,1
236493,0
236497,0
236502,1
236504,0
236506,0
236508,0
236510,0
236512,1
236513,1
236514,0
236517,0
236518,0
236520,0
236523,1
236525,0
236529,0
236530,0
236533,0
236534,0
236536,0
236539,0
236542,0
236549,0
236550,1
236551,0
236553,0
236555,0
236556,0
236557,1
236558,0
236559,1
236561,1
236566,1
236567,1
236569,1
236571,0
236582,0
236583,0
236589,0
236592,0
236597,0
236599,0
236602,1
236603,0
236606,0
236607,0
236609,1
236614,0
236617,0
236620,1
236622,1
236623,0
236627,0
236630,0
236631,1
236633,1
236634,1
236637,0
236639,0
236640,0
236641,1
236644,1
236648,0
236649,0
236651,0
236656,0
236657,0
236662,1
236666,0
236668,0
236669,1
236670,1
236674,0
236675,1
236676,1
236681,0
236685,0
236687,0
236689,0
236690,0
236693,0
236694,1
236696,0
236697,0
236704,1
236706,0
236707,1
236708,1
236710,1
236711,0
236715,0
236720,1
236723,0
236724,0
236725,1
236728,1
236729,0
236734,1
236736,0
236738,1
236739,0
236741,1
236743,0
236746,0
236748,1
236751,0
236756,1
236758,0
236764,1
236765,0
236768,0
236769,0
236772,1
236773,0
236776,0
236777,1
236782,0
236785,1
236796,1
236801,0
236804,0
236805,1
236806,0
236808,0
236811,0
236813,0
236814,1
236819,1
236823,0
236824,0
236825,0
236827,0
236828,0
236833,0
236834,0
236839,0
236841,1
236842,0
236844,0
236846,1
236847,1
236849,1
236850,0
236854,1
236855,1
236857,0
236859,1
236860,1
236862,0
236866,0
236870,1
236871,0
236872,0
236874,0
236879,0
236881,1
236891,0
236894,0
236897,0
236898,0
236899,0
236900,0
236902,1
236903,0
236904,0
236908,1
236909,1
236910,0
236911,1
236918,0
236919,0
236921,0
236927,0
236928,0
236931,0
236936,0
236938,0
236940,0
236943,1
236947,0
236950,1
236951,1
236954,1
236969,1
236971,0
236975,1
236978,1
236981,0
236983,0
236988,0
236992,1
236993,0
236995,0
236996,0
236997,0
237004,0
237009,0
237012,1
237014,0
237017,1
237020,1
237022,1
237023,0
237024,1
237028,1
237031,1
237036,1
237037,0
237038,1
237040,1
237041,0
237042,1
237047,0
237055,1
237056,1
237058,0
237059,0
237065,1
237067,1
237068,1
237070,1
237072,1
237077,0
237078,1
237080,0
237081,1
237083,0
237084,1
237093,1
237094,1
237097,0
237098,1
237099,1
237100,1
237101,1
237102,1
237103,1
237105,1
237106,0
237108,1
237112,1
237115,1
237121,0
237122,1
237126,0
237127,0
237129,0
237135,1
237138,0
237139,0
237140,0
237141,0
237142,0
237153,1
237158,0
237159,1
237160,0
237161,0
237162,1
237163,1
237168,1
237169,0
237172,1
237174,0
237176,1
237178,0
237179,0
237181,1
237182,1
237183,0
237184,1
237186,0
237187,0
237188,1
237189,1
237192,0
237197,1
237199,0
237200,0
237203,0
237204,1
237205,1
237206,1
237208,0
237211,0
237212,1
237216,0
237217,1
237218,0
237220,0
237222,1
237223,0
237224,0
237226,0
237227,1
237228,0
237230,0
237233,0
237235,1
237236,1
237238,0
237241,0
237245,0
237247,1
237248,0
237252,0
237258,1
237259,0
237263,0
237264,1
237266,0
237269,1
237270,1
237272,1
237274,1
237276,0
237277,0
237279,0
237281,0
237282,0
237283,0
237284,0
237285,0
237286,0
237292,1
237293,1
237298,0
237299,0
237300,0
237306,1
237307,0
237309,0
237311,1
237317,0
237323,0
237325,1
237326,1
237327,1
237328,0
237329,0
237331,1
237332,0
237333,0
237335,0
237341,0
237342,0
237343,0
237344,1
237345,0
237346,1
237349,1
237353,0
237356,0
237357,0
237361,0
237364,0
237370,0
237371,0
237372,0
237373,1
237377,1
237381,1
237384,0
237387,0
237391,0
237394,1
237395,0
237398,0
237399,1
237402,0
237405,0
237411,1
237412,1
237413,0
237417,0
237423,1
237424,0
237425,1
237426,1
237428,1
237430,0
237431,0
237439,1
237442,0
237444,1
237446,0
237447,0
237448,1
237449,0
237450,0
237452,0
237455,1
237456,0
237457,1
237458,0
237459,0
237460,1
237463,1
237468,1
237472,0
237476,0
237477,0
237483,1
237486,0
237488,0
237490,1
237493,1
237495,0
237497,1
237498,1
237502,0
237507,0
237508,0
237514,1
237515,1
237517,1
237519,0
237520,1
237521,0
237522,0
237526,0
237532,1
237535,0
237536,0
237538,1
237539,0
237542,0
237543,1
237548,1
237549,1
237550,0
237551,1
237562,0
237569,1
237571,1
237572,0
237575,1
237578,0
237580,0
237586,1
237588,1
237589,0
237590,0
237591,0
237593,0
237594,0
237595,1
237597,0
237598,1
237599,0
237600,1
237601,1
237605,0
237609,0
237610,0
237611,1
237612,1
237618,0
237621,1
237622,0
237624,0
237629,1
237630,0
237632,1
237635,1
237636,0
237640,0
237641,0
237644,0
237646,0
237647,0
237651,1
237654,0
237656,1
237657,1
237658,0
237659,0
237665,0
237668,0
237670,0
237671,0
237677,0
237678,0
237679,0
237680,1
237681,0
237682,0
237684,0
237685,1
237686,0
237687,0
237688,0
237690,0
237691,0
237694,0
237695,0
237696,0
237698,1
237699,1
237700,0
237701,0
237702,1
237710,0
237715,1
237716,0
237718,0
237720,1
237723,1
237729,0
237730,1
237732,0
237733,1
237734,0
237736,1
237737,1
237743,0
237745,0
237751,1
237752,0
237753,1
237760,1
237766,0
237769,1
237770,0
237775,0
237784,0
237785,0
237790,0
237792,0
237793,1
237797,0
237799,0
237800,1
237804,0
237806,1
237818,0
237821,0
237823,0
237828,0
237832,0
237838,1
237839,1
237842,1
237843,1
237851,1
237854,1
237855,1
237856,0
237857,1
237858,0
237860,0
237861,1
237863,0
237864,0
237865,1
237867,1
237871,0
237876,1
237878,1
237881,1
237883,1
237884,1
237886,0
237890,1
237892,0
237894,0
237895,0
237903,0
237906,0
237908,1
237911,0
237914,1
237915,0
237916,0
237918,0
237923,1
237938,0
237939,0
237940,0
237943,0
237944,0
237945,0
237947,0
237948,1
237954,0
237956,0
237958,1
237959,0
237960,1
237967,0
237968,1
237970,1
237971,0
237972,0
237974,0
237975,0
237978,0
237981,1
237986,0
237988,0
237992,0
237994,1
237995,1
237996,0
237997,0
237999,1
238000,0
238011,1
238012,1
238013,1
238017,1
238018,0
238021,1
238022,1
238025,1
238026,0
238029,1
238031,0
238032,1
238036,0
238038,0
238041,1
238042,0
238045,0
238046,1
238047,0
238049,1
238051,0
238054,1
238057,0
238058,0
238061,0
238063,1
238067,1
238069,1
238071,0
238072,0
238078,0
238080,0
238087,0
238089,1
238093,0
238096,0
238097,1
238099,1
238105,1
238113,1
238116,0
238125,0
238127,0
238130,0
238132,0
238137,0
238140,0
238144,1
238147,0
238148,1
238150,1
238166,0
238167,0
238168,0
238169,1
238170,0
238173,1
238181,0
238184,0
238185,1
238187,0
238189,0
238193,0
238194,1
238196,0
238198,0
238199,1
238200,1
238202,0
238204,1
238207,0
238209,0
238210,0
238213,0
238214,0
238216,1
238218,0
238219,0
238220,0
238221,0
238223,1
238224,1
238225,0
238228,0
238230,1
238232,1
238234,0
238238,1
238246,1
238248,0
238249,0
238251,0
238259,0
238262,1
238264,0
238265,0
238266,1
238269,1
238277,1
238278,1
238280,0
238281,0
238284,0
238285,0
238288,0
238289,1
238290,0
238291,0
238296,0
238297,0
238298,1
238299,0
238300,1
238301,1
238302,1
238303,0
238304,0
238305,0
238308,0
238311,1
238312,0
238314,0
238322,1
238325,1
238326,0
238329,1
238332,0
238334,0
238339,1
238340,0
238342,0
238343,1
238344,0
238345,1
238347,0
238350,0
238354,1
238357,0
238361,0
238363,1
238366,0
238367,1
238370,0
238373,0
238376,1
238377,0
238378,1
238379,0
238381,1
238383,1
238384,0
238386,0
238387,1
238394,1
238399,0
238403,0
238404,0
238407,0
238410,1
238412,0
238418,0
238420,0
238423,1
238426,1
238427,1
238429,0
238431,0
238433,1
238437,1
238438,1
238439,0
238443,1
238444,0
238445,1
238446,0
238448,0
238449,0
238451,0
238453,0
238454,0
238456,1
238458,0
238460,0
238462,0
238463,0
238465,1
238467,0
238473,1
238474,0
238478,0
238481,1
238482,0
238485,0
238486,0
238489,1
238490,1
238493,0
238494,0
238496,0
238497,1
238503,1
238511,1
238512,0
238517,0
238521,0
238525,0
238526,0
238529,0
238530,0
238533,1
238550,0
238551,0
238552,1
238560,0
238561,0
238565,0
238566,0
238567,0
238569,1
238572,0
238573,1
238576,0
238577,1
238579,0
238580,0
238581,0
238583,1
238585,0
238588,1
238589,1
238590,1
238591,1
238592,1
238594,0
238605,1
238606,0
238607,0
238609,0
238611,0
238612,1
238614,0
238620,0
238621,0
238622,0
238625,0
238627,1
238628,0
238629,0
238634,0
238638,1
238641,1
238642,1
238645,1
238648,1
238650,0
238651,1
238656,0
238659,0
238660,1
238661,0
238663,1
238669,1
238671,1
238677,0
238678,1
238683,0
238685,1
238686,0
238687,0
238692,0
238694,1
238697,1
238698,1
238700,1
238704,0
238705,1
238706,1
238708,1
238709,0
238710,0
238714,1
238719,0
238722,0
238723,0
238724,1
238726,0
238732,0
238734,0
238735,0
238736,0
238737,1
238739,0
238743,0
238750,0
238752,1
238753,0
238757,1
238759,1
238763,1
238764,0
238767,1
238769,0
238771,0
238773,1
238775,0
238776,1
238777,1
238778,1
238780,0
238785,0
238795,1
238796,0
238797,1
238799,0
238800,1
238801,1
238803,1
238806,0
238808,0
238811,0
238812,0
238814,1
238821,0
238823,0
238830,1
238833,1
238837,0
238839,1
238840,1
238841,1
238842,0
238844,0
238848,1
238849,0
238850,1
238851,0
238852,0
238854,1
238855,0
238861,1
238862,1
238863,1
238866,0
238868,0
238870,0
238874,1
238875,1
238876,1
238878,1
238881,0
238882,1
238884,0
238885,0
238887,1
238890,1
238892,1
238893,0
238896,0
238901,0
238903,0
238905,0
238907,0
238908,1
238909,0
238911,0
238917,1
238918,0
238921,1
238922,0
238925,1
238926,0
238934,1
238937,1
238938,1
238942,0
238944,1
238948,1
238950,0
238953,1
238954,1
238962,1
238964,1
238971,1
238974,0
238975,1
238979,0
238981,0
238984,1
238987,0
238990,0
238994,1
238995,1
238997,0
238998,1
239000,1
239001,0
239003,1
239012,0
239018,1
239021,0
239023,1
239025,1
239032,1
239034,0
239035,0
239037,1
239043,1
239044,0
239046,0
239047,0
239048,0
239051,0
239060,1
239061,0
239062,1
239063,1
239066,0
239070,0
239075,1
239078,1
239080,0
239083,1
239085,0
239086,0
239087,1
239088,1
239089,1
239090,1
239094,0
239096,1
239099,1
239102,1
239105,0
239107,1
239108,1
239110,0
239111,1
239113,0
239117,1
239120,0
239121,0
239122,1
239123,0
239128,0
239132,0
239137,0
239138,1
239139,0
239142,0
239143,0
239144,0
239146,0
239147,0
239149,0
239151,1
239152,1
239154,0
239160,1
239165,1
239166,1
239167,0
239171,0
239173,1
239174,0
239178,1
239179,0
239183,1
239188,0
239190,1
239193,0
239194,1
239201,0
239204,1
239205,1
239206,1
239209,0
239213,1
239215,1
239218,1
239223,0
239224,0
239227,0
239230,0
239234,1
239239,1
239240,0
239241,0
239244,0
239257,0
239258,1
239259,1
239266,1
239267,1
239268,0
239269,0
239270,0
239274,1
239278,1
239280,0
239285,1
239290,1
239296,1
239298,0
239299,1
239303,1
239304,0
239308,0
239310,0
239311,0
239312,0
239314,0
239316,0
239317,0
239319,1
239321,0
239327,0
239330,1
239335,0
239336,1
239339,1
239340,1
239341,1
239344,0
239349,1
239350,0
239352,0
239355,1
239356,1
239359,0
239361,1
239364,1
239366,1
239368,1
239370,1
239374,1
239378,1
239379,1
239382,1
239384,1
239386,0
239387,1
239388,1
239389,0
239391,1
239392,1
239393,0
239394,1
239399,0
239404,1
239405,1
239410,1
239412,0
239416,0
239418,1
239419,0
239422,0
239423,1
239424,0
239425,0
239428,0
239430,0
239437,1
239441,1
239450,1
239451,0
239452,0
239453,1
239462,0
239463,0
239464,1
239465,0
239467,1
239472,1
239474,0
239479,1
239481,0
239482,0
239484,1
239486,1
239490,1
239492,0
239496,1
239498,0
239503,1
239504,0
239506,0
239508,1
239509,0
239511,1
239512,0
239514,0
239516,0
239520,1
239521,0
239524,0
239525,1
239526,1
239529,1
239530,1
239532,1
239536,0
239541,1
239543,1
239545,0
239547,1
239548,1
239549,1
239550,1
239553,0
239557,0
239558,1
239559,1
239560,0
239561,0
239565,1
239568,0
239569,1
239570,1
239577,0
239581,0
239582,1
239589,0
239593,0
239595,1
239596,1
239598,0
239599,0
239600,1
239615,0
239617,1
239618,0
239627,0
239628,1
239631,0
239632,1
239633,1
239635,0
239636,1
239638,0
239641,0
239652,1
239657,1
239661,1
239662,1
239663,0
239664,0
239665,0
239668,1
239669,1
239678,0
239681,1
239684,0
239687,1
239689,0
239690,0
239696,0
239697,0
239699,0
239701,0
239702,1
239708,0
239710,0
239720,1
239722,1
239725,1
239727,1
239728,0
239733,0
239734,0
239736,0
239739,1
239740,1
239741,1
239743,0
239745,0
239747,0
239748,1
239749,1
239750,1
239751,1
239752,0
239754,0
239755,0
239760,1
239761,1
239764,1
239768,0
239772,1
239773,0
239774,1
239778,1
239781,0
239782,1
239783,1
239784,1
239785,0
239786,1
239787,0
239791,0
239793,1
239796,1
239798,0
239801,1
239802,0
239803,0
239807,0
239808,1
239809,1
239810,0
239811,1
239812,1
239815,0
239816,0
239820,1
239822,1
239824,0
239825,0
239828,0
239831,1
239832,1
239836,0
239837,0
239842,1
239843,1
239847,0
239850,0
239852,0
239854,0
239858,0
239860,0
239864,0
239865,1
239866,0
239869,1
239871,0
239874,1
239881,0
239883,1
239886,0
239888,0
239891,1
239893,0
239896,0
239897,1
239900,1
239901,0
239902,1
239906,0
239907,1
239909,0
239910,0
239915,0
239917,1
239919,1
239920,1
239921,0
239925,1
239927,1
239930,0
239933,1
239934,1
239939,0
239942,1
239943,1
239944,1
239945,1
239946,1
239948,0
239949,1
239950,1
239952,0
239956,1
239958,1
239960,0
239961,0
239962,0
239963,0
239966,0
239970,0
239972,1
239973,0
239975,0
239976,0
239977,0
239978,0
239985,1
239986,1
239991,0
239992,0
239993,1
239994,0
239997,0
240002,0
240003,1
240006,0
240011,1
240014,0
240018,1
240020,0
240021,0
240022,1
240024,1
240025,1
240027,0
240028,1
240029,1
240034,0
240036,0
240037,0
240041,0
240042,0
240043,1
240044,0
240046,0
240048,1
240049,1
240050,0
240054,0
240058,1
240059,1
240060,1
240061,0
240063,0
240064,1
240066,1
240069,1
240070,0
240073,0
240076,1
240077,1
240079,0
240080,0
240083,1
240085,0
240086,0
240087,0
240091,0
240092,1
240094,1
240095,0
240096,0
240097,0
240098,1
240101,1
240102,1
240104,0
240105,0
240106,1
240109,1
240112,1
240115,0
240117,0
240118,1
240119,0
240123,0
240124,0
240127,0
240129,1
240130,0
240132,0
240134,0
240135,1
240139,1
240143,0
240146,1
240147,0
240148,0
240149,0
240150,1
240151,1
240152,1
240154,0
240157,0
240158,0
240160,1
240161,0
240162,1
240163,0
240164,1
240167,1
240171,0
240172,0
240173,0
240175,1
240177,1
240180,0
240185,1
240192,1
240193,0
240194,1
240195,0
240198,0
240205,0
240210,1
240211,1
240214,0
240219,1
240220,0
240222,0
240224,1
240225,1
240230,0
240231,0
240234,1
240235,0
240238,1
240247,0
240248,1
240250,0
240251,0
240252,0
240254,1
240255,0
240260,0
240264,0
240267,0
240268,0
240269,0
240271,1
240273,0
240275,0
240276,0
240278,1
240285,1
240287,1
240288,1
240289,0
240291,1
240292,0
240295,1
240297,1
240301,0
240308,1
240309,0
240310,1
240311,1
240314,1
240315,1
240317,1
240319,0
240320,0
240323,0
240327,0
240328,0
240330,0
240333,0
240334,1
240335,0
240337,1
240341,1
240342,1
240343,0
240347,0
240348,1
240356,0
240358,0
240362,1
240364,1
240370,0
240371,1
240372,1
240375,1
240376,0
240379,0
240382,1
240383,1
240384,0
240385,0
240389,0
240390,0
240391,0
240392,0
240397,1
240398,1
240403,0
240407,0
240408,0
240411,1
240412,1
240415,1
240416,1
240420,1
240421,0
240422,1
240423,0
240424,0
240429,1
240432,1
240435,1
240436,0
240440,0
240441,1
240448,0
240450,1
240453,0
240454,0
240457,0
240460,1
240462,1
240464,1
240466,1
240467,0
240468,1
240469,0
240472,0
240476,0
240480,1
240482,1
240485,1
240486,0
240487,1
240488,1
240490,1
240492,0
240494,0
240498,0
240502,1
240504,0
240505,0
240508,1
240511,1
240512,0
240516,0
240517,0
240519,1
240520,1
240521,0
240526,1
240528,0
240532,0
240534,1
240535,0
240538,0
240539,0
240540,0
240541,1
240543,0
240545,1
240546,0
240552,0
240554,0
240555,0
240556,1
240560,0
240561,0
240562,0
240564,0
240568,1
240570,0
240573,0
240574,0
240576,0
240579,1
240580,0
240585,0
240588,0
240593,0
240595,0
240596,1
240598,1
240600,0
240607,1
240611,0
240614,0
240616,1
240617,0
240618,0
240622,1
240623,1
240626,0
240633,0
240640,0
240641,0
240645,1
240648,1
240649,0
240650,1
240654,0
240655,0
240657,0
240661,1
240663,0
240665,0
240668,0
240669,0
240670,1
240673,0
240675,0
240676,1
240678,0
240686,0
240690,1
240691,1
240694,1
240695,0
240697,1
240698,1
240700,0
240701,0
240702,0
240707,0
240708,0
240709,0
240711,0
240714,0
240718,0
240719,0
240724,1
240725,0
240726,0
240727,0
240743,0
240746,0
240749,0
240752,1
240754,1
240755,0
240760,1
240763,0
240778,1
240780,0
240781,1
240782,1
240783,1
240784,0
240787,0
240788,1
240792,1
240794,1
240796,0
240798,1
240806,0
240807,0
240817,1
240819,0
240820,1
240821,1
240824,0
240828,0
240829,1
240830,0
240831,0
240833,0
240836,1
240837,1
240839,0
240840,0
240843,1
240845,0
240847,0
240853,1
240854,1
240855,0
240856,0
240857,0
240858,0
240860,1
240861,1
240867,0
240868,0
240871,1
240875,0
240876,1
240877,0
240881,1
240886,1
240888,1
240891,0
240892,0
240894,0
240896,1
240900,1
240901,1
240904,0
240907,1
240909,0
240911,0
240913,0
240917,0
240918,1
240921,0
240922,1
240927,1
240930,0
240934,0
240936,1
240938,0
240940,0
240941,0
240942,1
240945,1
240946,0
240948,0
240950,0
240951,1
240952,0
240956,1
240961,0
240963,0
240964,0
240966,1
240967,1
240969,1
240972,0
240974,1
240975,0
240976,1
240978,1
240979,1
240982,1
240983,1
240985,0
240988,1
240989,0
241001,1
241003,1
241004,1
241008,0
241011,0
241012,1
241013,1
241015,0
241016,0
241017,0
241018,1
241019,1
241021,1
241022,1
241024,0
241026,1
241029,1
241030,0
241034,0
241037,1
241042,0
241044,0
241046,0
241047,1
241048,0
241050,0
241051,0
241053,0
241056,1
241061,1
241063,1
241066,1
241071,0
241072,0
241075,1
241078,0
241080,0
241081,0
241087,0
241088,1
241091,0
241093,0
241097,1
241098,1
241105,0
241108,1
241110,0
241111,0
241114,0
241117,0
241119,1
241120,0
241124,0
241125,0
241140,1
241141,1
241142,0
241146,0
241148,1
241149,0
241150,1
241156,1
241157,1
241159,0
241161,1
241162,0
241165,0
241166,1
241167,0
241168,1
241169,0
241170,1
241173,1
241175,1
241184,1
241185,0
241188,0
241189,0
241191,0
241192,1
241203,0
241204,0
241209,0
241211,0
241216,0
241217,0
241220,1
241222,0
241224,0
241226,0
241228,0
241229,0
241230,1
241235,0
241240,1
241241,1
241242,1
241243,1
241244,1
241247,1
241249,0
241251,1
241255,0
241256,0
241259,1
241260,1
241261,0
241262,1
241263,1
241264,1
241265,1
241266,1
241267,0
241268,1
241269,1
241270,1
241272,1
241275,1
241278,0
241279,0
241285,1
241288,0
241290,0
241292,1
241293,1
241295,0
241296,0
241298,1
241299,0
241300,1
241302,1
241307,0
241309,1
241310,1
241315,0
241318,1
241323,0
241324,0
241327,1
241330,1
241331,0
241333,0
241335,1
241337,1
241341,0
241342,0
241344,1
241345,0
241346,0
241349,1
241350,0
241353,1
241357,1
241358,1
241359,0
241361,1
241363,1
241365,1
241368,0
241376,0
241378,1
241379,0
241386,0
241387,0
241389,1
241392,0
241393,1
241395,0
241396,0
241405,0
241407,0
241409,0
241417,1
241418,1
241419,0
241421,1
241428,0
241430,0
241432,1
241435,1
241442,0
241443,0
241444,0
241445,0
241446,0
241453,1
241456,1
241457,1
241458,1
241460,0
241463,1
241464,0
241468,0
241469,1
241483,0
241484,0
241485,1
241489,1
241491,1
241493,1
241494,1
241495,0
241499,0
241500,1
241505,1
241509,0
241510,0
241513,0
241514,1
241516,1
241518,1
241520,0
241522,0
241524,0
241525,1
241528,1
241530,0
241533,0
241534,0
241535,0
241538,0
241539,0
241540,0
241545,0
241546,0
241549,0
241553,1
241558,0
241560,1
241562,0
241566,0
241573,0
241574,0
241575,1
241577,0
241578,0
241582,1
241584,0
241588,0
241590,0
241591,1
241592,1
241596,0
241599,0
241600,0
241602,1
241604,0
241605,1
241606,1
241609,0
241611,0
241612,0
241613,1
241616,1
241617,1
241619,1
241627,1
241629,1
241630,1
241631,1
241632,0
241634,1
241635,0
241636,0
241639,0
241640,1
241641,1
241645,0
241646,0
241647,0
241648,0
241651,0
241652,0
241654,0
241655,1
241656,1
241657,1
241661,1
241664,1
241665,1
241671,0
241672,1
241675,0
241676,0
241677,1
241678,1
241681,0
241683,1
241687,1
241689,1
241690,0
241693,1
241697,1
241698,1
241699,0
241702,0
241705,1
241707,1
241711,1
241712,1
241713,0
241715,1
241717,1
241718,0
241723,1
241724,1
241726,1
241729,1
241731,0
241736,1
241739,1
241744,0
241745,1
241746,1
241747,0
241749,0
241750,0
241756,0
241760,0
241761,0
241762,0
241763,0
241765,1
241768,1
241771,0
241776,1
241778,0
241781,1
241782,1
241783,1
241785,1
241786,0
241787,1
241790,1
241791,0
241792,1
241793,0
241794,0
241795,1
241796,0
241799,1
241803,0
241804,1
241807,1
241808,0
241809,0
241812,1
241814,0
241815,0
241818,0
241821,1
241823,1
241825,1
241827,0
241829,0
241833,1
241838,0
241839,0
241840,1
241841,0
241848,1
241853,1
241855,0
241859,0
241860,0
241864,0
241867,1
241870,1
241871,1
241875,1
241877,1
241878,0
241883,1
241885,0
241888,0
241893,1
241898,1
241900,1
241903,0
241904,0
241911,1
241912,1
241913,1
241915,0
241919,0
241920,0
241923,0
241924,1
241925,1
241926,1
241929,1
241930,1
241931,1
241933,0
241934,1
241936,0
241937,0
241938,0
241942,1
241943,1
241945,1
241947,0
241949,0
241950,1
241952,1
241953,0
241954,0
241962,0
241968,0
241970,0
241972,0
241975,0
241980,1
241984,0
241985,0
241988,0
241989,0
241990,0
241991,0
241992,0
241993,1
241994,1
241996,1
241997,0
242000,0
242001,0
242002,1
242004,0
242010,0
242011,1
242012,0
242015,1
242020,1
242021,1
242023,1
242024,0
242027,1
242031,0
242032,0
242036,0
242039,1
242041,1
242046,0
242047,0
242051,1
242054,1
242055,0
242057,1
242059,0
242061,0
242064,0
242070,0
242074,1
242079,1
242081,1
242084,1
242089,1
242094,1
242098,0
242099,0
242101,1
242102,0
242106,0
242107,1
242112,1
242113,0
242114,1
242116,0
242120,1
242121,0
242125,1
242126,0
242128,1
242131,0
242138,1
242140,0
242141,0
242143,1
242151,0
242154,1
242157,1
242158,1
242159,1
242160,1
242165,1
242166,1
242167,1
242174,1
242175,0
242176,0
242179,1
242182,0
242183,0
242185,0
242192,1
242193,1
242194,0
242196,1
242207,0
242209,1
242216,1
242217,1
242219,0
242222,1
242223,1
242227,0
242228,1
242231,1
242235,1
242239,0
242243,0
242244,0
242245,1
242251,0
242253,1
242263,0
242265,1
242271,0
242274,1
242279,0
242281,1
242283,1
242285,1
242289,1
242292,0
242294,1
242298,0
242299,0
242300,1
242312,1
242313,0
242314,1
242315,0
242317,1
242318,1
242319,1
242320,1
242323,0
242324,0
242326,1
242328,1
242334,1
242337,0
242339,0
242341,1
242343,1
242345,1
242346,1
242351,0
242352,0
242357,0
242360,1
242364,0
242365,1
242371,1
242373,0
242376,0
242378,0
242384,0
242385,0
242386,0
242387,1
242396,0
242398,0
242399,0
242404,0
242407,1
242409,0
242416,1
242417,0
242418,0
242420,0
242421,0
242422,1
242424,0
242425,0
242426,1
242428,1
242429,1
242433,1
242440,1
242441,0
242442,1
242444,1
242448,1
242449,0
242450,0
242451,1
242453,1
242454,0
242456,0
242462,1
242464,0
242465,0
242466,1
242469,0
242470,0
242472,0
242473,0
242475,0
242477,0
242478,0
242484,0
242486,1
242487,0
242489,0
242490,0
242491,0
242503,1
242505,0
242507,1
242509,1
242510,0
242511,0
242517,1
242518,1
242523,1
242527,0
242529,1
242531,1
242532,1
242535,1
242542,0
242543,0
242547,1
242550,0
242551,1
242553,1
242556,0
242557,1
242560,1
242561,1
242563,0
242564,1
242567,1
242568,1
242569,1
242574,1
242584,1
242585,0
242587,1
242589,1
242593,1
242595,0
242596,0
242597,1
242598,0
242599,1
242600,0
242602,0
242603,0
242609,1
242612,1
242613,1
242616,0
242624,1
242626,1
242627,1
242633,0
242636,0
242637,1
242639,1
242640,0
242641,1
242643,0
242648,0
242651,1
242652,1
242653,0
242657,1
242658,0
242659,0
242660,1
242661,0
242662,0
242664,1
242665,0
242666,0
242671,1
242673,0
242675,1
242676,1
242677,1
242684,1
242685,1
242686,0
242688,1
242690,0
242691,0
242693,0
242694,1
242696,1
242698,0
242700,1
242702,1
242711,0
242712,0
242716,1
242717,1
242718,1
242721,0
242727,0
242729,0
242730,0
242731,1
242734,0
242738,0
242739,1
242742,0
242746,1
242748,0
242752,0
242754,1
242755,1
242756,1
242757,0
242761,0
242764,0
242767,0
242769,1
242770,1
242773,1
242775,0
242776,0
242777,1
242780,0
242783,0
242784,0
242785,0
242786,1
242787,0
242788,0
242793,1
242794,1
242795,1
242797,0
242799,1
242800,1
242803,0
242806,0
242816,0
242819,0
242820,0
242826,0
242828,1
242833,0
242836,1
242840,0
242841,0
242842,1
242846,0
242847,0
242849,1
242853,0
242855,1
242858,0
242861,1
242862,1
242863,0
242865,0
242866,0
242868,1
242870,0
242871,0
242872,1
242875,1
242877,0
242878,0
242879,0
242886,1
242887,0
242892,1
242894,0
242897,1
242898,1
242905,1
242907,0
242910,0
242912,1
242918,0
242919,0
242922,0
242924,0
242925,0
242926,0
242927,0
242928,0
242929,1
242931,1
242934,0
242935,0
242936,0
242937,0
242938,1
242940,1
242941,1
242944,0
242945,0
242952,0
242954,0
242959,0
242961,1
242963,0
242968,0
242972,0
242975,1
242976,0
242982,0
242987,0
242990,1
242992,1
242993,0
242995,1
242998,1
243004,0
243005,0
243007,1
243009,0
243014,1
243016,0
243024,0
243025,0
243027,0
243028,0
243030,0
243031,0
243034,0
243036,0
243041,0
243042,1
243048,1
243049,1
243051,0
243052,1
243053,0
243054,1
243056,1
243057,0
243058,1
243059,0
243061,0
243062,1
243066,0
243067,0
243076,0
243079,1
243082,1
243085,0
243086,0
243087,0
243095,0
243098,1
243099,0
243100,0
243104,1
243112,0
243114,1
243115,0
243116,1
243118,1
243120,0
243122,0
243125,0
243126,0
243127,0
243129,1
243130,1
243133,0
243134,0
243135,0
243137,1
243138,0
243139,1
243140,0
243142,0
243143,1
243148,0
243150,0
243152,1
243156,0
243158,1
243168,0
243171,0
243173,1
243174,0
243175,0
243177,0
243178,1
243179,1
243180,0
243181,1
243182,0
243185,0
243186,1
243187,0
243188,1
243189,1
243193,0
243195,0
243197,0
243200,1
243201,0
243208,0
243209,0
243210,1
243212,0
243214,0
243219,0
243226,0
243229,1
243238,0
243239,1
243240,0
243243,0
243244,1
243246,1
243247,1
243248,1
243253,1
243254,0
243257,0
243264,0
243266,0
243269,1
243271,1
243275,1
243279,1
243280,1
243281,0
243284,0
243285,1
243288,1
243292,0
243293,0
243295,1
243296,0
243297,0
243298,1
243300,0
243304,0
243306,0
243307,1
243308,1
243309,1
243311,0
243312,0
243314,1
243316,1
243317,1
243320,0
243321,0
243325,0
243326,0
243330,1
243333,1
243337,1
243338,1
243343,1
243345,0
243346,0
243355,1
243356,0
243357,1
243360,0
243362,0
243364,0
243365,0
243366,0
243367,1
243368,1
243370,1
243371,0
243374,1
243377,0
243379,1
243381,0
243382,0
243384,1
243386,1
243387,0
243399,1
243400,0
243401,0
243403,1
243404,0
243406,0
243410,1
243414,0
243416,0
243417,0
243419,1
243423,0
243424,0
243427,0
243428,0
243430,0
243433,0
243436,0
243438,0
243440,0
243446,0
243447,0
243448,1
243449,1
243458,1
243459,1
243460,1
243462,0
243467,0
243470,0
243471,0
243473,0
243474,1
243476,0
243477,0
243479,1
243481,0
243483,0
243485,0
243486,0
243493,0
243494,0
243496,1
243497,0
243499,0
243500,0
243501,0
243503,1
243506,1
243514,1
243515,0
243520,1
243521,0
243522,0
243525,1
243526,0
243528,0
243529,1
243530,0
243531,1
243533,0
243536,0
243538,0
243539,1
243544,1
243547,1
243548,1
243550,1
243555,1
243558,1
243560,1
243563,0
243564,0
243565,0
243575,0
243578,1
243579,0
243583,0
243585,0
243586,0
243587,1
243589,1
243590,1
243591,1
243592,1
243594,0
243598,0
243600,1
243601,1
243607,1
243608,0
243609,1
243614,0
243617,1
243619,1
243622,1
243625,1
243626,0
243629,0
243633,0
243635,0
243636,0
243637,1
243640,0
243643,0
243645,0
243646,0
243650,0
243654,0
243656,0
243658,1
243659,1
243661,1
243665,1
243668,1
243670,0
243671,1
243675,1
243677,1
243680,0
243684,1
243686,1
243688,0
243689,1
243691,0
243692,1
243693,1
243694,1
243697,1
243699,1
243705,0
243707,0
243710,1
243712,0
243714,1
243715,0
243716,0
243717,0
243718,0
243721,0
243728,1
243729,0
243736,1
243741,1
243744,0
243745,0
243746,0
243750,1
243751,1
243752,1
243754,1
243755,0
243761,0
243763,1
243769,0
243771,0
243776,1
243777,1
243778,1
243780,1
243781,1
243787,0
243789,1
243791,1
243793,1
243794,0
243795,0
243796,0
243797,0
243798,1
243799,1
243800,1
243801,0
243802,0
243803,0
243808,1
243812,0
243818,0
243819,0
243820,1
243826,1
243827,0
243833,0
243835,0
243841,1
243845,0
243848,1
243849,1
243850,1
243853,0
243854,0
243857,0
243859,0
243861,0
243862,0
243864,0
243865,0
243869,0
243872,1
243873,0
243875,1
243876,0
243877,1
243879,1
243880,1
243881,1
243884,0
243885,1
243886,0
243896,0
243898,1
243901,0
243902,0
243909,1
243913,1
243914,0
243916,1
243917,0
243918,0
243921,1
243922,0
243925,0
243926,0
243927,1
243929,0
243931,0
243932,0
243934,0
243937,0
243939,0
243941,0
243943,0
243945,0
243949,0
243955,0
243961,0
243962,0
243964,1
243971,0
243972,0
243973,1
243977,0
243978,0
243979,0
243980,1
243982,1
243983,0
243984,0
243985,1
243986,1
243987,0
243989,1
243997,1
243998,1
243999,0
244003,1
244004,1
244005,0
244007,1
244008,1
244010,1
244011,0
244013,1
244014,1
244015,0
244017,1
244018,0
244019,0
244021,0
244022,0
244023,1
244024,0
244026,1
244028,0
244030,1
244034,0
244035,0
244036,1
244037,1
244038,0
244041,1
244044,1
244045,1
244046,0
244047,0
244048,0
244049,0
244052,1
244053,0
244056,0
244057,1
244061,1
244063,0
244065,1
244067,1
244070,0
244071,1
244072,0
244073,0
244074,1
244076,0
244079,0
244081,0
244086,0
244087,1
244088,0
244091,0
244093,0
244096,0
244098,0
244103,1
244106,0
244110,1
244114,1
244116,1
244119,0
244122,1
244123,0
244125,0
244127,1
244128,0
244130,1
244131,1
244133,1
244134,0
244135,0
244140,1
244142,1
244143,1
244144,0
244145,0
244150,1
244153,0
244161,1
244162,1
244163,0
244164,0
244166,0
244169,0
244170,0
244175,1
244176,1
244180,0
244181,1
244185,1
244187,1
244189,0
244190,1
244192,0
244194,1
244195,0
244197,1
244202,1
244211,0
244212,1
244215,1
244219,1
244220,0
244223,1
244224,1
244230,1
244234,1
244235,1
244240,1
244242,0
244245,1
244246,1
244248,1
244249,0
244251,1
244252,1
244253,1
244255,1
244261,1
244265,1
244266,0
244268,1
244270,0
244271,0
244273,0
244277,0
244279,1
244280,0
244283,1
244284,0
244285,0
244287,1
244288,0
244289,0
244297,1
244301,1
244302,1
244303,0
244306,0
244308,1
244309,0
244311,1
244312,1
244313,1
244317,1
244321,1
244322,1
244323,1
244324,0
244328,1
244329,1
244333,0
244336,0
244337,0
244338,0
244341,1
244342,1
244347,0
244348,0
244349,1
244356,0
244357,0
244358,0
244360,1
244361,0
244363,1
244366,1
244367,0
244368,1
244375,0
244379,0
244380,1
244383,1
244386,0
244387,0
244389,0
244391,0
244393,1
244394,0
244395,0
244397,0
244398,1
244399,0
244402,1
244406,1
244408,0
244409,1
244410,1
244412,1
244414,1
244416,1
244419,0
244422,0
244424,1
244425,1
244426,1
244427,0
244428,1
244432,1
244433,0
244435,0
244436,1
244441,1
244447,0
244448,0
244450,1
244451,0
244454,1
244456,1
244457,0
244459,0
244460,1
244464,1
244465,0
244467,0
244469,0
244472,1
244473,0
244474,1
244475,1
244480,0
244482,1
244483,1
244487,1
244490,0
244492,0
244496,0
244497,0
244498,0
244505,1
244507,1
244508,1
244510,0
244511,1
244512,1
244513,1
244514,1
244515,0
244516,1
244520,1
244524,0
244525,1
244526,0
244533,0
244534,1
244536,0
244539,1
244540,1
244541,1
244542,0
244544,1
244545,0
244546,0
244547,1
244552,0
244556,1
244557,1
244559,0
244560,0
244564,1
244565,0
244569,0
244572,1
244579,1
244584,0
244585,0
244586,0
244587,1
244588,1
244592,0
244594,1
244600,0
244601,0
244613,1
244621,1
244624,0
244628,0
244632,1
244636,0
244644,1
244645,1
244648,1
244651,0
244653,1
244654,1
244655,0
244656,0
244657,1
244658,1
244662,1
244663,1
244668,0
244670,0
244672,0
244673,0
244675,1
244677,0
244678,0
244680,0
244683,0
244688,1
244689,1
244693,1
244694,1
244695,0
244697,1
244698,0
244700,0
244702,0
244705,0
244709,1
244719,0
244723,0
244725,1
244726,1
244728,0
244729,0
244730,1
244734,1
244739,0
244742,1
244744,1
244745,1
244750,1
244752,0
244754,1
244755,1
244762,0
244765,1
244767,0
244768,0
244771,0
244772,1
244773,0
244780,1
244782,0
244785,0
244789,1
244795,1
244797,0
244805,0
244809,1
244812,0
244813,0
244814,0
244816,0
244817,0
244820,1
244821,1
244824,0
244829,0
244830,1
244831,1
244832,1
244834,1
244836,1
244838,0
244840,1
244842,1
244844,0
244845,0
244847,0
244848,1
244849,0
244850,0
244852,1
244855,0
244856,0
244858,0
244859,0
244861,0
244862,1
244865,1
244866,0
244867,1
244868,1
244869,0
244870,0
244872,0
244873,0
244874,1
244877,1
244879,1
244880,1
244885,0
244887,1
244891,0
244892,1
244899,1
244907,0
244908,0
244909,0
244910,1
244914,0
244915,0
244917,1
244918,0
244924,1
244927,1
244931,1
244932,0
244933,0
244937,0
244939,0
244941,0
244942,0
244943,0
244944,0
244945,1
244948,0
244954,0
244955,0
244956,0
244961,0
244965,0
244966,1
244967,1
244969,1
244970,1
244972,0
244973,0
244975,0
244976,1
244979,0
244984,0
244985,0
244986,0
244987,0
244989,0
244991,0
244992,0
244995,1
244996,0
244997,0
245001,0
245003,1
245004,1
245007,0
245008,1
245010,1
245012,0
245015,1
245020,1
245022,1
245024,1
245025,1
245026,1
245029,1
245031,0
245032,1
245033,0
245036,0
245037,0
245044,1
245046,0
245048,0
245049,1
245050,1
245053,0
245054,0
245055,1
245056,1
245061,0
245067,1
245068,0
245069,1
245070,0
245071,1
245074,1
245075,0
245076,0
245080,0
245081,0
245085,1
245086,0
245087,1
245092,1
245095,0
245096,0
245097,1
245099,0
245102,1
245104,1
245111,0
245114,0
245115,1
245117,1
245120,0
245123,0
245125,1
245128,0
245130,1
245131,0
245132,1
245133,1
245136,0
245137,1
245139,1
245141,0
245142,0
245146,0
245147,1
245149,0
245153,1
245155,1
245156,0
245157,0
245158,0
245160,1
245166,0
245168,0
245170,0
245172,1
245174,1
245176,0
245183,1
245190,1
245191,1
245200,1
245201,1
245205,0
245206,1
245208,1
245210,0
245211,0
245212,0
245214,0
245215,1
245218,0
245219,1
245226,1
245227,0
245228,1
245229,0
245233,1
245234,0
245235,0
245237,1
245239,1
245240,1
245244,1
245245,1
245250,1
245252,1
245253,1
245256,1
245260,0
245261,1
245262,1
245263,1
245273,0
245277,1
245279,0
245283,1
245285,0
245287,0
245291,0
245296,0
245300,1
245303,0
245305,0
245311,0
245312,1
245314,0
245315,0
245316,0
245317,1
245320,0
245321,0
245323,0
245324,1
245326,0
245328,0
245329,0
245331,0
245332,0
245340,1
245342,1
245343,1
245345,0
245352,0
245355,0
245356,0
245357,0
245359,1
245360,0
245361,0
245362,1
245364,0
245365,1
245366,0
245369,0
245372,1
245373,0
245375,1
245376,0
245377,0
245379,0
245381,1
245382,1
245385,1
245389,1
245390,1
245391,0
245392,1
245394,1
245395,1
245396,0
245398,1
245405,1
245407,0
245412,1
245413,0
245417,0
245418,1
245421,1
245423,0
245426,0
245427,0
245428,0
245430,0
245433,0
245446,0
245448,1
245452,0
245453,0
245456,0
245460,0
245464,0
245465,0
245468,1
245469,0
245471,1
245476,0
245477,1
245478,1
245480,1
245483,1
245486,0
245487,1
245491,1
245492,0
245494,0
245495,0
245496,0
245497,0
245500,0
245503,0
245505,1
245507,0
245511,1
245512,0
245515,0
245516,0
245517,0
245518,1
245520,1
245522,1
245523,0
245531,0
245536,0
245537,0
245541,0
245542,0
245544,1
245548,0
245550,0
245555,1
245556,1
245559,1
245560,0
245561,0
245562,0
245564,0
245565,0
245567,0
245568,1
245573,0
245577,0
245578,0
245583,0
245587,1
245588,0
245590,0
245593,0
245594,0
245598,0
245601,1
245604,1
245605,1
245607,0
245609,0
245612,0
245614,1
245615,1
245616,0
245617,0
245618,0
245620,0
245621,0
245624,0
245625,0
245627,0
245628,1
245629,1
245632,1
245633,0
245634,1
245635,0
245638,0
245640,0
245641,0
245642,1
245643,1
245644,0
245645,1
245647,0
245651,0
245664,0
245665,1
245668,1
245669,0
245670,1
245677,0
245679,0
245684,0
245687,1
245688,1
245690,1
245691,1
245693,1
245695,1
245696,1
245697,0
245698,1
245700,1
245703,0
245706,1
245707,0
245714,1
245719,0
245720,0
245723,1
245724,0
245726,0
245727,0
245730,1
245731,0
245733,0
245738,1
245739,0
245740,1
245741,0
245743,0
245744,1
245745,0
245747,1
245748,1
245754,0
245757,0
245758,1
245760,0
245762,1
245764,0
245768,0
245769,0
245770,0
245773,1
245774,0
245778,1
245781,0
245782,1
245783,0
245785,1
245786,1
245787,1
245789,1
245793,0
245794,1
245795,1
245797,1
245800,0
245805,1
245806,1
245808,0
245813,1
245814,0
245816,0
245817,1
245818,0
245824,0
245829,0
245831,1
245832,0
245833,0
245834,1
245835,1
245836,0
245838,0
245839,0
245840,0
245841,0
245847,0
245848,1
245850,1
245851,1
245852,1
245854,0
245855,0
245857,0
245860,1
245862,1
245866,1
245870,0
245871,1
245874,1
245875,1
245878,1
245883,0
245884,0
245889,1
245891,1
245892,0
245896,0
245898,1
245899,0
245900,0
245901,0
245903,1
245905,1
245908,0
245909,1
245910,0
245911,1
245912,0
245913,0
245914,0
245915,0
245920,1
245921,0
245926,0
245931,1
245936,1
245938,1
245939,1
245940,1
245941,0
245942,0
245943,0
245944,0
245948,0
245950,1
245951,1
245953,1
245957,0
245962,1
245963,0
245964,0
245968,0
245969,1
245971,0
245972,1
245974,0
245976,0
245977,0
245978,1
245984,1
245985,0
245987,1
245989,1
245991,1
245995,0
245996,0
245997,1
245998,1
246000,0
246001,1
246003,1
246005,0
246013,0
246016,1
246021,0
246022,1
246026,1
246028,1
246034,1
246038,0
246043,1
246045,0
246046,1
246047,0
246049,0
246050,0
246051,0
246052,0
246053,1
246054,1
246056,0
246058,0
246062,1
246068,1
246070,0
246071,0
246072,0
246073,1
246075,0
246076,0
246080,0
246081,0
246082,1
246084,0
246085,1
246086,1
246089,0
246090,0
246092,0
246095,0
246096,1
246097,0
246098,0
246099,0
246104,1
246106,0
246108,1
246109,1
246112,0
246113,0
246119,0
246123,0
246124,1
246125,0
246128,1
246129,1
246130,1
246131,1
246135,1
246141,1
246144,1
246145,0
246147,0
246152,1
246153,0
246154,0
246158,1
246159,0
246161,0
246163,0
246165,0
246169,1
246170,1
246171,0
246173,0
246174,1
246177,0
246180,1
246183,1
246185,0
246186,0
246188,1
246192,1
246195,1
246200,0
246202,0
246203,1
246207,0
246208,0
246209,1
246211,1
246212,1
246213,0
246218,1
246221,0
246222,0
246223,1
246228,1
246229,0
246230,1
246231,1
246233,1
246234,0
246235,1
246237,0
246238,1
246239,1
246240,0
246241,0
246243,1
246245,1
246250,0
246251,1
246253,1
246255,0
246256,0
246258,0
246261,0
246262,0
246264,1
246265,0
246266,1
246267,1
246268,1
246269,0
246270,0
246271,0
246272,1
246276,0
246280,0
246283,0
246289,1
246291,1
246292,1
246293,1
246295,0
246296,1
246303,1
246304,0
246305,0
246309,0
246310,0
246312,1
246313,0
246315,1
246319,1
246320,0
246324,1
246328,0
246332,0
246334,0
246336,0
246337,0
246338,0
246339,1
246341,0
246342,1
246344,0
246346,1
246349,0
246355,0
246358,0
246359,0
246360,0
246361,1
246363,1
246365,0
246371,0
246375,0
246377,1
246381,0
246382,1
246384,0
246388,0
246389,0
246391,0
246393,0
246397,0
246398,0
246400,0
246402,1
246404,0
246406,1
246407,0
246409,1
246413,1
246416,0
246418,1
246422,1
246423,0
246430,1
246434,1
246436,1
246437,0
246441,1
246442,0
246443,0
246444,0
246447,1
246448,1
246449,1
246454,1
246458,1
246459,1
246461,0
246462,0
246465,0
246470,0
246471,1
246472,1
246475,1
246476,1
246482,0
246484,0
246485,1
246487,0
246488,0
246489,1
246490,1
246496,1
246497,1
246499,1
246500,1
246501,1
246503,1
246505,1
246506,1
246509,0
246511,1
246516,0
246518,1
246519,0
246522,1
246523,1
246528,0
246529,0
246530,0
246531,1
246532,0
246533,1
246534,1
246539,0
246541,1
246542,1
246543,0
246546,1
246548,0
246550,1
246555,0
246560,0
246562,1
246566,0
246567,0
246568,1
246572,1
246573,0
246578,0
246579,1
246581,0
246584,1
246585,1
246586,1
246587,1
246589,1
246595,0
246596,0
246597,1
246598,1
246599,0
246603,0
246605,1
246606,0
246607,0
246610,1
246611,1
246613,0
246614,0
246616,0
246617,0
246618,1
246623,1
246624,1
246631,0
246636,0
246642,1
246652,0
246653,0
246654,0
246660,1
246663,1
246665,1
246670,0
246671,0
246672,0
246673,0
246676,0
246678,0
246681,1
246683,1
246685,1
246686,1
246688,0
246689,0
246691,0
246692,0
246693,0
246695,1
246696,0
246699,0
246704,0
246705,1
246706,1
246708,0
246711,0
246713,1
246714,0
246715,1
246716,0
246725,1
246726,0
246730,0
246731,1
246733,1
246734,0
246739,1
246740,1
246742,1
246744,0
246749,0
246750,0
246751,1
246752,1
246754,0
246760,1
246763,0
246764,1
246766,0
246768,1
246770,0
246771,1
246775,0
246780,1
246781,0
246784,0
246787,0
246789,1
246790,1
246794,0
246795,1
246796,0
246798,1
246800,1
246801,1
246803,0
246806,1
246808,1
246809,0
246814,0
246818,0
246820,1
246823,1
246824,0
246825,0
246826,0
246827,1
246828,1
246831,0
246832,0
246834,0
246837,0
246838,0
246839,0
246842,0
246844,1
246845,0
246847,1
246850,0
246851,0
246852,1
246853,1
246854,0
246855,0
246861,0
246862,0
246864,1
246867,1
246873,0
246874,0
246878,1
246879,1
246889,0
246897,1
246898,0
246900,0
246907,0
246908,0
246909,1
246913,0
246917,0
246925,1
246927,0
246928,0
246929,0
246931,0
246933,0
246934,1
246935,0
246938,0
246941,1
246942,1
246943,1
246944,1
246949,1
246950,0
246952,1
246954,0
246955,0
246956,1
246958,0
246962,0
246964,0
246965,0
246966,0
246969,0
246971,1
246979,0
246983,0
246984,1
246985,1
246990,1
246991,0
246997,0
247005,0
247007,0
247010,0
247015,0
247016,0
247017,0
247018,0
247019,1
247021,1
247022,0
247025,1
247027,0
247030,1
247031,0
247032,1
247033,0
247035,0
247037,1
247040,1
247041,1
247045,1
247058,0
247060,1
247061,0
247062,1
247066,0
247069,1
247074,0
247075,1
247076,0
247078,0
247085,1
247091,1
247093,1
247094,0
247095,0
247101,1
247104,1
247106,0
247107,0
247108,1
247109,1
247112,0
247116,1
247117,1
247118,0
247121,0
247125,0
247126,0
247128,1
247129,1
247130,0
247131,1
247134,1
247135,1
247136,1
247137,0
247141,0
247142,0
247149,0
247151,1
247160,0
247161,0
247162,0
247163,0
247164,0
247166,0
247167,1
247172,0
247177,0
247181,1
247182,0
247186,1
247187,1
247188,0
247191,0
247193,0
247194,0
247196,1
247199,0
247205,0
247211,0
247212,1
247213,1
247214,0
247215,0
247216,0
247218,0
247221,1
247222,0
247228,1
247229,0
247230,0
247236,0
247237,0
247239,1
247241,1
247242,0
247243,0
247253,0
247256,0
247257,0
247259,0
247260,1
247261,0
247262,1
247264,1
247266,0
247267,0
247270,0
247274,0
247275,0
247277,0
247278,0
247282,0
247283,1
247284,1
247286,1
247288,1
247291,1
247293,1
247294,1
247295,0
247297,0
247299,0
247300,0
247303,0
247306,1
247309,1
247311,0
247321,0
247322,0
247324,1
247329,0
247330,1
247331,1
247335,0
247338,0
247340,0
247341,0
247347,1
247350,1
247355,1
247359,1
247361,0
247362,0
247364,0
247365,0
247371,0
247379,1
247380,0
247381,0
247383,0
247384,1
247386,0
247387,1
247388,1
247389,0
247390,0
247395,0
247396,0
247401,0
247410,1
247411,0
247415,0
247423,0
247424,1
247426,0
247427,1
247430,0
247435,1
247436,1
247439,0
247445,0
247446,0
247448,1
247460,0
247461,0
247463,0
247475,0
247478,0
247483,0
247485,1
247487,1
247488,1
247490,1
247493,0
247495,0
247496,0
247497,1
247501,1
247503,1
247504,0
247505,0
247506,0
247510,0
247512,1
247515,0
247516,1
247517,0
247519,0
247521,1
247523,0
247524,0
247527,0
247530,1
247531,0
247534,1
247536,0
247539,0
247541,0
247544,0
247545,0
247547,1
247548,0
247551,0
247556,0
247559,1
247562,1
247563,0
247564,1
247569,1
247570,1
247572,0
247577,0
247578,0
247579,1
247583,1
247584,0
247586,0
247588,0
247591,1
247592,1
247594,0
247597,1
247598,0
247602,0
247603,0
247604,0
247605,0
247606,0
247607,1
247608,0
247610,0
247613,1
247618,1
247621,1
247622,1
247623,0
247624,0
247627,0
247628,1
247629,0
247630,0
247631,0
247633,0
247634,0
247639,0
247642,0
247643,0
247647,0
247648,0
247650,0
247652,1
247655,1
247658,0
247659,0
247663,1
247665,1
247669,1
247674,0
247675,1
247680,1
247684,1
247686,0
247688,1
247691,0
247692,0
247693,0
247695,0
247697,0
247700,0
247702,0
247703,1
247707,0
247712,0
247713,0
247714,0
247715,0
247718,0
247721,0
247722,0
247724,0
247731,0
247740,0
247742,0
247748,1
247750,0
247751,0
247752,0
247755,1
247756,1
247757,1
247758,1
247759,0
247762,1
247765,1
247767,0
247771,1
247774,0
247775,1
247777,0
247778,1
247785,1
247786,0
247791,1
247793,0
247797,1
247801,0
247805,1
247810,0
247811,0
247812,1
247813,0
247816,0
247818,0
247819,0
247829,0
247831,1
247834,1
247836,0
247837,0
247839,0
247841,0
247844,1
247845,1
247846,0
247848,1
247849,0
247851,0
247852,0
247853,1
247854,1
247856,1
247857,0
247860,1
247864,0
247868,1
247869,1
247870,0
247871,0
247873,0
247876,0
247880,1
247881,0
247882,1
247883,0
247884,0
247886,0
247890,1
247902,1
247904,1
247909,0
247911,1
247915,1
247916,1
247924,1
247928,1
247929,0
247930,0
247933,1
247934,0
247935,0
247936,0
247938,1
247943,0
247948,0
247950,1
247951,0
247957,1
247958,0
247960,0
247965,0
247977,0
247981,1
247982,1
247997,0
248003,0
248004,1
248005,1
248006,1
248012,1
248014,0
248017,0
248019,0
248029,0
248030,1
248036,0
248039,0
248043,1
248044,0
248046,1
248048,0
248049,0
248053,1
248054,1
248056,1
248061,0
248068,1
248069,0
248070,1
248073,1
248076,0
248077,1
248078,0
248081,1
248082,0
248083,0
248084,0
248085,0
248086,0
248088,0
248094,1
248096,1
248098,1
248099,0
248101,0
248103,0
248104,1
248106,1
248107,0
248108,0
248110,1
248122,0
248123,0
248124,1
248125,1
248127,0
248128,1
248130,0
248131,0
248132,0
248133,0
248134,0
248135,0
248136,1
248137,1
248138,0
248139,1
248140,1
248141,0
248143,0
248144,1
248146,1
248150,1
248156,0
248158,1
248160,1
248166,0
248170,0
248172,0
248173,1
248181,0
248182,1
248183,0
248185,1
248186,1
248193,0
248194,1
248201,0
248202,0
248215,0
248217,0
248226,0
248227,1
248237,0
248238,1
248239,1
248243,0
248246,0
248249,1
248251,1
248252,0
248257,1
248264,0
248270,1
248271,0
248272,0
248278,0
248280,1
248286,0
248292,0
248294,0
248295,1
248297,1
248300,0
248303,1
248304,1
248308,1
248310,0
248312,1
248318,0
248320,0
248322,0
248324,1
248325,1
248326,1
248335,1
248337,0
248339,0
248342,1
248346,1
248350,1
248351,0
248362,1
248366,1
248368,1
248371,0
248372,0
248376,1
248377,1
248378,0
248381,1
248384,1
248390,1
248391,1
248395,0
248397,1
248399,1
248401,1
248402,1
248403,0
248405,1
248406,1
248407,0
248411,1
248415,1
248417,1
248418,1
248419,1
248420,1
248427,0
248428,1
248429,0
248433,0
248435,1
248437,0
248438,1
248439,1
248440,1
248441,1
248442,0
248444,1
248445,0
248447,1
248448,0
248449,1
248451,1
248453,0
248458,0
248460,0
248465,1
248467,0
248470,0
248471,1
248476,0
248478,0
248482,0
248483,1
248484,0
248492,1
248493,1
248494,1
248496,0
248500,0
248503,1
248504,0
248505,0
248510,1
248511,0
248514,0
248516,0
248517,1
248518,0
248519,0
248521,1
248524,1
248527,1
248537,0
248539,0
248540,0
248541,1
248546,1
248549,1
248550,1
248551,1
248554,0
248555,1
248556,0
248557,1
248558,1
248563,0
248567,0
248575,1
248582,1
248583,0
248584,0
248586,0
248590,0
248600,1
248601,1
248603,0
248605,1
248606,1
248607,0
248608,0
248611,0
248613,1
248614,0
248616,1
248618,0
248622,1
248625,1
248627,0
248631,1
248633,0
248634,0
248635,1
248638,1
248641,1
248643,1
248644,0
248647,0
248648,1
248649,0
248650,0
248652,1
248654,0
248657,0
248658,0
248659,0
248661,0
248663,1
248665,0
248668,0
248669,0
248673,1
248674,1
248676,1
248677,1
248678,1
248680,0
248681,1
248683,1
248684,1
248690,0
248691,0
248693,0
248694,0
248695,0
248700,0
248706,1
248708,1
248710,1
248716,1
248720,0
248725,1
248726,1
248731,0
248739,0
248741,0
248743,0
248749,1
248766,0
248767,0
248768,0
248769,0
248773,0
248775,0
248777,0
248778,0
248779,0
248780,1
248782,0
248784,0
248786,0
248788,0
248792,1
248793,1
248795,0
248796,0
248797,0
248798,1
248800,0
248802,1
248803,1
248805,0
248806,1
248807,0
248809,1
248810,0
248811,1
248815,0
248816,0
248822,0
248824,0
248836,1
248838,0
248842,0
248843,1
248844,0
248846,0
248847,0
248851,0
248858,0
248865,0
248866,0
248869,1
248873,0
248874,0
248876,1
248878,1
248881,0
248882,1
248883,1
248888,0
248889,1
248896,0
248897,0
248898,0
248900,1
248902,0
248903,1
248904,0
248905,0
248907,0
248908,1
248909,0
248910,0
248913,1
248915,0
248920,1
248926,1
248933,1
248935,1
248936,0
248940,0
248945,0
248951,1
248952,1
248958,1
248961,0
248966,1
248967,0
248968,0
248973,1
248974,1
248976,0
248981,1
248990,0
248991,1
248994,1
248997,0
248998,1
248999,1
249001,0
249008,0
249011,0
249012,1
249014,1
249015,0
249022,0
249026,1
249027,0
249030,0
249038,0
249039,1
249043,1
249045,0
249046,1
249047,0
249051,1
249062,1
249063,0
249067,1
249072,0
249074,0
249075,1
249085,1
249087,0
249088,0
249091,1
249093,1
249094,0
249095,0
249097,1
249098,1
249099,1
249102,1
249103,1
249104,0
249105,1
249111,0
249112,0
249113,0
249114,1
249115,1
249116,1
249121,1
249125,1
249126,0
249128,0
249130,0
249137,0
249139,0
249143,0
249145,0
249148,0
249149,1
249150,1
249151,1
249152,1
249154,1
249158,1
249160,0
249161,1
249162,1
249165,0
249169,0
249173,1
249178,1
249179,1
249181,1
249185,1
249186,1
249187,0
249192,1
249193,0
249196,0
249198,1
249203,1
249209,0
249210,0
249213,1
249215,0
249216,0
249217,0
249218,0
249219,0
249223,1
249224,0
249228,1
249230,1
249233,0
249234,0
249236,1
249237,0
249238,0
249242,1
249244,0
249246,0
249247,1
249248,1
249249,1
249250,0
249251,1
249258,1
249259,0
249264,0
249265,1
249266,1
249269,1
249270,0
249271,0
249277,0
249281,0
249283,1
249286,0
249287,0
249289,0
249290,0
249292,1
249300,0
249306,0
249311,0
249312,1
249314,1
249315,0
249316,0
249318,1
249322,0
249325,1
249326,1
249329,0
249331,0
249333,1
249335,0
249336,1
249338,1
249342,0
249345,1
249346,1
249350,0
249351,0
249356,0
249358,0
249363,0
249365,1
249367,0
249369,1
249370,0
249372,0
249376,0
249380,0
249381,0
249382,0
249383,0
249385,1
249388,1
249392,0
249395,0
249396,0
249397,1
249400,1
249402,0
249404,0
249405,1
249406,0
249408,0
249409,0
249411,1
249412,1
249416,1
249418,0
249420,0
249421,1
249425,0
249426,1
249428,0
249429,0
249435,0
249436,1
249437,0
249439,1
249440,1
249443,1
249444,0
249447,0
249448,0
249449,0
249450,1
249454,0
249457,0
249458,1
249459,0
249460,0
249462,0
249465,0
249468,0
249471,0
249472,1
249475,0
249477,1
249478,0
249480,1
249481,0
249482,0
249483,0
249484,1
249485,0
249491,1
249494,0
249495,0
249496,1
249497,0
249501,1
249502,0
249503,1
249507,0
249508,0
249512,0
249513,0
249515,1
249516,0
249517,1
249519,1
249520,0
249522,1
249525,1
249529,1
249532,1
249533,1
249534,1
249535,0
249537,1
249541,0
249542,0
249547,1
249548,0
249549,1
249553,1
249554,0
249555,0
249556,0
249558,1
249559,0
249560,1
249564,1
249565,0
249566,0
249569,0
249573,0
249574,1
249580,0
249582,1
249585,1
249588,1
249590,0
249591,1
249596,1
249597,1
249600,0
249601,0
249607,1
249608,0
249609,1
249610,1
249613,0
249614,0
249615,0
249616,0
249618,0
249619,1
249620,1
249623,0
249627,0
249628,1
249632,0
249637,1
249638,0
249640,0
249641,0
249642,1
249646,1
249648,0
249650,0
249651,1
249652,0
249654,1
249655,0
249656,1
249658,1
249659,0
249660,1
249661,0
249663,0
249665,0
249672,1
249680,1
249681,0
249683,0
249685,0
249686,1
249687,0
249690,0
249691,1
249692,0
249698,1
249699,0
249702,1
249704,0
249708,1
249709,0
249712,1
249715,1
249716,0
249717,0
249718,1
249721,0
249727,0
249730,0
249732,1
249737,1
249740,0
249753,0
249754,0
249755,0
249757,1
249758,1
249759,0
249760,0
249762,1
249764,0
249770,1
249774,0
249777,0
249778,1
249779,0
249781,1
249783,0
249785,0
249787,0
249788,0
249789,0
249790,0
249791,0
249792,1
249794,1
249796,0
249799,1
249800,0
249801,0
249802,0
249804,1
249805,1
249807,1
249809,1
249811,1
249814,1
249816,1
249817,1
249818,0
249820,0
249821,0
249822,1
249826,1
249827,1
249829,0
249830,1
249834,0
249836,1
249839,0
249842,0
249845,0
249847,0
249848,0
249850,0
249852,1
249854,1
249856,1
249859,1
249861,0
249866,1
249867,0
249873,0
249879,1
249880,1
249882,1
249884,0
249885,0
249886,1
249890,1
249891,0
249894,1
249897,0
249899,0
249901,0
249908,0
249911,1
249916,0
249917,0
249923,1
249924,0
249926,0
249928,1
249929,0
249935,0
249937,1
249938,0
249939,0
249940,0
249942,1
249943,0
249945,0
249948,0
249952,0
249953,0
249957,1
249958,0
249961,1
249963,1
249966,0
249967,0
249974,0
249978,1
249979,0
249981,0
249986,1
249990,1
249991,0
249992,0
249996,0
249997,1
249999,0
250000,0
250003,0
250004,0
250009,1
250010,1
250011,1
250013,1
250016,0
250023,1
250028,0
250030,0
250031,0
250032,0
250033,0
250034,0
250035,1
250036,1
250037,1
250038,1
250039,0
250047,1
250052,0
250053,1
250055,0
250057,1
250062,1
250064,1
250066,0
250070,0
250071,1
250073,0
250077,0
250081,0
250082,0
250085,0
250086,0
250088,0
250095,0
250101,1
250104,1
250106,1
250107,1
250108,0
250109,0
250110,1
250112,0
250114,0
250115,0
250117,1
250118,1
250119,0
250120,1
250121,0
250123,1
250124,0
250125,0
250129,1
250133,1
250134,1
250135,1
250139,0
250144,0
250145,1
250151,1
250152,1
250163,1
250164,1
250165,1
250166,0
250167,1
250168,0
250169,0
250173,1
250174,0
250177,0
250178,1
250180,1
250185,1
250194,1
250196,0
250198,0
250202,1
250204,0
250205,1
250206,0
250210,0
250212,0
250215,1
250216,0
250217,0
250218,0
250221,1
250223,1
250226,1
250227,0
250228,0
250234,1
250236,0
250237,0
250238,0
250242,1
250247,0
250248,0
250252,0
250261,1
250263,1
250266,0
250269,0
250270,0
250272,1
250273,0
250275,0
250279,1
250281,1
250284,1
250285,1
250286,0
250288,1
250292,1
250295,1
250296,1
250298,0
250301,0
250302,0
250303,0
250305,0
250306,1
250311,0
250316,1
250319,0
250321,0
250322,1
250323,0
250327,0
250329,0
250330,0
250332,1
250335,0
250343,1
250346,0
250347,1
250349,0
250350,1
250353,1
250354,0
250357,0
250358,0
250360,1
250365,0
250368,1
250371,0
250372,0
250378,0
250380,0
250383,0
250384,1
250385,1
250387,1
250393,0
250394,1
250395,0
250397,0
250398,0
250399,1
250406,1
250410,1
250412,0
250413,0
250418,0
250423,1
250425,0
250427,1
250429,1
250430,1
250432,0
250433,0
250438,0
250441,0
250442,0
250446,1
250447,0
250451,1
250452,1
250453,0
250455,0
250457,0
250462,1
250463,1
250464,0
250465,0
250466,0
250467,0
250469,0
250471,0
250474,0
250476,0
250480,0
250481,0
250485,0
250486,1
250491,0
250499,1
250501,1
250502,0
250510,0
250512,0
250516,1
250517,0
250518,0
250519,0
250520,0
250521,0
250523,0
250524,0
250527,1
250531,0
250532,0
250533,0
250534,0
250539,1
250540,0
250543,0
250545,0
250547,1
250548,1
250549,1
250550,0
250551,1
250553,1
250554,1
250555,0
250556,0
250558,1
250559,0
250561,1
250562,1
250569,0
250570,1
250578,0
250584,0
250585,0
250586,0
250587,1
250589,0
250594,0
250596,1
250599,1
250601,1
250603,1
250605,1
250607,0
250609,1
250610,1
250611,0
250614,1
250615,0
250619,1
250620,0
250621,0
250622,0
250623,0
250624,0
250632,0
250634,0
250637,1
250639,0
250640,0
250644,0
250646,0
250648,1
250649,0
250650,1
250652,1
250655,0
250657,1
250658,1
250660,0
250662,0
250663,1
250666,0
250669,0
250673,0
250675,0
250682,0
250683,1
250684,0
250686,0
250687,0
250689,1
250692,1
250693,1
250695,1
250697,1
250700,0
250702,0
250705,0
250708,0
250710,0
250711,0
250712,1
250713,1
250715,1
250717,1
250720,1
250726,1
250729,0
250732,1
250734,1
250735,0
250737,1
250739,0
250740,0
250743,0
250747,1
250748,0
250754,0
250756,0
250760,0
250761,0
250762,0
250764,0
250765,1
250767,1
250770,1
250771,0
250772,1
250775,0
250778,1
250779,1
250780,1
250781,0
250783,0
250786,1
250788,1
250789,0
250791,1
250793,0
250794,0
250799,1
250801,1
250802,1
250805,1
250809,1
250810,0
250813,1
250816,1
250824,1
250826,0
250827,0
250830,1
250833,1
250835,0
250837,0
250840,1
250843,1
250846,0
250854,0
250855,0
250857,1
250860,1
250861,0
250862,0
250863,1
250864,1
250865,0
250871,1
250873,1
250875,1
250877,1
250880,1
250884,0
250889,1
250890,1
250894,1
250895,1
250896,1
250899,0
250901,1
250905,1
250906,0
250916,1
250918,1
250919,1
250925,1
250930,0
250933,0
250934,1
250936,0
250941,0
250943,0
250944,0
250945,1
250949,0
250950,1
250953,0
250955,1
250956,0
250958,0
250959,0
250960,0
250964,0
250965,0
250969,1
250971,0
250973,0
250974,1
250975,0
250980,0
250984,0
250986,1
250990,0
250994,1
250998,0
250999,0
251000,0
251007,0
251009,0
251010,0
251011,1
251013,0
251016,0
251017,1
251024,1
251026,1
251031,1
251035,0
251036,1
251037,0
251038,0
251039,0
251042,0
251044,1
251045,1
251047,0
251049,0
251052,1
251058,0
251059,0
251060,1
251061,0
251063,0
251065,1
251066,0
251068,1
251071,1
251072,1
251073,1
251074,1
251078,1
251081,1
251085,0
251088,1
251089,1
251090,1
251091,0
251097,1
251098,0
251099,1
251100,0
251101,0
251103,0
251104,0
251106,0
251107,1
251109,0
251114,1
251115,1
251117,1
251118,0
251121,1
251122,1
251123,1
251124,0
251127,0
251131,0
251132,1
251133,0
251135,0
251139,0
251141,1
251145,0
251147,0
251148,1
251155,0
251157,1
251160,1
251162,0
251164,1
251167,0
251168,1
251171,1
251179,1
251180,0
251185,0
251187,0
251188,0
251189,0
251191,0
251193,0
251194,1
251195,1
251199,1
251200,1
251206,0
251207,1
251216,1
251220,1
251222,1
251223,1
251228,0
251234,1
251235,0
251237,0
251238,0
251244,0
251245,0
251250,1
251253,1
251254,0
251255,0
251256,0
251261,0
251262,0
251263,0
251264,0
251266,0
251268,0
251271,0
251272,0
251275,1
251276,0
251278,1
251281,0
251284,1
251288,0
251290,0
251292,0
251295,0
251296,1
251300,0
251302,0
251304,1
251306,0
251312,0
251313,0
251316,1
251319,0
251322,0
251323,1
251324,0
251325,0
251326,0
251329,0
251332,0
251334,1
251335,1
251338,0
251340,1
251342,1
251344,1
251348,0
251350,1
251351,1
251353,0
251354,1
251355,1
251356,1
251357,1
251358,1
251359,1
251362,0
251363,0
251364,1
251365,1
251367,1
251368,0
251370,0
251371,0
251374,1
251378,1
251379,0
251383,0
251385,1
251386,0
251388,0
251389,0
251390,0
251392,1
251395,1
251397,0
251403,1
251405,0
251406,0
251408,1
251413,0
251419,1
251420,0
251421,0
251422,0
251424,1
251431,1
251432,0
251435,0
251438,1
251440,0
251443,1
251455,0
251463,0
251465,1
251466,1
251469,0
251470,0
251477,1
251482,1
251484,0
251485,1
251492,0
251498,0
251505,0
251508,1
251513,0
251515,1
251517,1
251521,1
251529,0
251536,0
251537,1
251539,0
251541,1
251546,1
251547,0
251548,0
251551,0
251552,0
251553,0
251556,1
251557,1
251558,1
251562,1
251566,0
251570,0
251571,0
251572,0
251580,0
251581,1
251583,0
251585,0
251586,0
251591,0
251593,1
251597,0
251603,0
251606,0
251607,1
251608,1
251610,0
251612,0
251614,0
251616,0
251617,0
251619,1
251620,1
251621,1
251623,0
251624,0
251628,0
251629,0
251632,1
251635,0
251643,0
251646,0
251650,1
251651,0
251653,1
251654,0
251660,0
251664,0
251665,0
251667,0
251668,0
251669,0
251674,0
251676,0
251678,1
251679,0
251680,1
251685,1
251686,0
251687,1
251689,0
251694,0
251695,0
251697,0
251700,1
251703,1
251705,1
251706,1
251707,0
251708,0
251713,0
251714,1
251718,0
251721,0
251722,0
251723,1
251725,1
251727,0
251729,1
251731,0
251732,0
251733,1
251737,0
251738,0
251739,0
251740,0
251742,1
251743,1
251746,1
251750,0
251753,0
251763,1
251764,1
251766,0
251770,1
251771,0
251774,0
251776,1
251778,1
251779,0
251781,1
251783,1
251786,0
251792,1
251795,1
251797,0
251803,0
251804,1
251805,0
251811,0
251813,1
251814,1
251815,1
251817,1
251818,0
251822,0
251824,0
251832,0
251833,1
251834,1
251835,0
251836,1
251837,1
251842,0
251843,0
251844,0
251845,0
251848,1
251854,1
251858,0
251860,0
251861,0
251862,0
251863,1
251870,1
251873,1
251876,0
251881,0
251884,1
251885,0
251887,0
251889,0
251894,1
251895,0
251898,1
251900,0
251902,1
251904,1
251908,0
251914,0
251922,0
251924,0
251928,1
251929,0
251934,1
251935,1
251942,0
251945,0
251946,0
251952,0
251954,0
251956,0
251957,0
251958,0
251960,0
251962,1
251964,0
251965,0
251967,1
251968,0
251970,1
251973,1
251977,1
251980,0
251981,1
251982,1
251983,0
251985,0
251986,1
251987,0
251988,0
251989,1
251993,1
251996,0
251997,0
252001,0
252002,0
252006,1
252007,0
252008,1
252009,1
252014,1
252015,0
252016,0
252020,1
252021,0
252022,0
252025,1
252029,0
252031,1
252038,0
252042,1
252043,0
252045,0
252047,1
252049,0
252052,0
252053,1
252059,0
252062,0
252063,0
252064,0
252068,1
252072,0
252074,0
252078,0
252080,0
252081,1
252085,0
252087,0
252088,0
252089,1
252090,0
252092,1
252093,1
252094,0
252101,1
252102,0
252103,1
252111,0
252112,1
252113,0
252114,0
252115,0
252119,1
252122,0
252123,0
252124,1
252129,0
252130,0
252136,0
252138,1
252140,0
252143,1
252144,1
252147,0
252153,1
252155,0
252159,1
252160,1
252161,1
252165,1
252181,0
252183,0
252185,0
252190,0
252192,1
252193,1
252195,1
252197,1
252203,0
252204,0
252205,0
252209,1
252210,0
252213,1
252215,1
252217,1
252222,0
252223,0
252225,1
252227,0
252228,1
252230,1
252232,0
252233,1
252236,1
252237,1
252239,1
252242,1
252249,0
252250,1
252252,0
252253,0
252257,0
252261,1
252262,1
252268,1
252269,1
252271,0
252275,0
252276,0
252277,1
252278,1
252291,0
252297,1
252299,1
252301,1
252303,0
252304,1
252310,0
252313,1
252315,1
252318,1
252319,1
252320,1
252326,1
252328,1
252331,0
252333,0
252334,1
252335,0
252339,0
252342,0
252346,0
252347,1
252348,0
252350,1
252351,1
252352,1
252353,0
252355,0
252358,0
252359,0
252360,0
252365,1
252369,1
252371,1
252373,0
252376,1
252378,1
252379,1
252381,0
252382,1
252384,1
252386,1
252387,0
252388,1
252389,0
252396,1
252397,0
252404,0
252405,0
252406,0
252408,1
252410,1
252411,1
252417,1
252420,1
252421,1
252422,1
252426,0
252427,0
252429,1
252430,1
252431,1
252432,0
252434,0
252437,1
252438,1
252440,1
252442,1
252444,1
252445,0
252449,0
252454,1
252455,0
252459,1
252460,0
252461,1
252468,1
252471,0
252475,0
252483,0
252484,1
252490,0
252491,1
252492,1
252493,0
252494,1
252496,1
252498,1
252500,1
252502,1
252513,1
252514,0
252515,0
252525,1
252529,1
252533,0
252536,0
252539,1
252542,0
252543,1
252545,0
252547,0
252550,1
252551,0
252558,1
252560,0
252566,1
252570,1
252575,1
252577,0
252579,0
252581,0
252590,1
252596,0
252597,0
252603,1
252604,1
252605,0
252606,1
252607,1
252611,1
252612,0
252614,1
252618,1
252619,0
252620,1
252621,0
252623,0
252624,1
252626,1
252627,1
252628,1
252629,0
252630,1
252633,1
252638,0
252639,1
252640,1
252641,1
252643,0
252644,0
252648,1
252650,0
252651,0
252653,0
252657,1
252659,0
252663,0
252664,1
252668,0
252670,1
252676,0
252679,1
252681,0
252685,1
252686,1
252689,1
252690,1
252691,0
252694,1
252695,1
252696,1
252697,1
252698,1
252710,1
252714,1
252716,0
252720,1
252725,0
252726,1
252727,0
252729,1
252732,1
252738,1
252739,1
252743,0
252744,0
252746,1
252748,0
252749,1
252752,1
252759,0
252761,0
252763,0
252764,0
252765,0
252768,0
252770,0
252771,0
252773,0
252775,1
252777,0
252778,1
252779,0
252780,0
252782,1
252785,1
252787,0
252790,0
252791,1
252792,0
252794,0
252797,1
252798,1
252799,0
252800,1
252801,1
252802,1
252805,0
252810,1
252816,0
252818,1
252825,1
252826,0
252831,0
252832,1
252834,1
252841,1
252844,0
252849,1
252850,0
252853,0
252859,0
252860,0
252861,0
252863,1
252864,1
252865,1
252866,1
252868,0
252871,1
252873,1
252877,0
252879,1
252880,0
252883,1
252889,1
252891,1
252895,0
252898,1
252899,0
252900,1
252901,0
252906,0
252910,1
252915,1
252916,0
252920,0
252921,1
252924,0
252926,0
252928,1
252937,1
252939,0
252940,0
252945,0
252947,1
252948,0
252951,0
252954,0
252957,1
252962,1
252968,1
252969,1
252971,0
252972,1
252974,1
252983,1
252987,1
252989,0
252990,1
252992,1
252993,0
252994,0
252995,0
252998,1
252999,0
253000,0
253002,1
253005,0
253007,1
253009,1
253011,1
253012,1
253013,0
253014,0
253020,0
253022,1
253023,0
253024,0
253026,0
253027,1
253028,0
253030,0
253037,1
253040,1
253041,0
253043,0
253047,0
253049,1
253055,0
253057,1
253060,0
253066,0
253071,1
253073,0
253075,0
253077,1
253082,0
253088,0
253092,1
253094,0
253096,0
253100,0
253102,0
253103,0
253104,1
253109,0
253110,0
253114,1
253115,1
253120,1
253121,1
253124,1
253127,0
253132,1
253134,0
253142,0
253151,0
253152,1
253160,0
253162,0
253164,0
253166,1
253170,1
253171,1
253177,0
253179,1
253181,1
253182,0
253183,0
253184,0
253186,0
253188,0
253194,1
253195,1
253197,0
253203,0
253205,0
253207,0
253208,0
253209,0
253212,0
253215,0
253219,0
253220,0
253221,1
253222,0
253223,1
253224,0
253225,0
253226,0
253232,0
253234,0
253237,1
253238,1
253241,1
253243,1
253251,0
253252,0
253253,0
253254,0
253255,0
253257,0
253258,0
253259,1
253262,0
253264,0
253267,0
253268,0
253269,0
253271,1
253274,0
253275,0
253276,0
253280,1
253281,0
253284,1
253289,1
253290,0
253292,0
253293,0
253294,0
253298,0
253301,0
253306,1
253307,0
253309,1
253310,0
253313,0
253315,0
253317,0
253318,0
253322,1
253327,0
253330,0
253335,0
253336,0
253337,0
253342,0
253353,1
253354,1
253355,1
253356,0
253357,0
253361,1
253364,1
253371,0
253376,0
253377,0
253378,1
253380,0
253382,1
253383,0
253389,0
253393,1
253394,0
253398,0
253400,0
253401,0
253402,1
253405,0
253406,1
253408,0
253410,1
253412,0
253413,0
253418,0
253419,0
253421,0
253423,1
253426,0
253429,0
253430,0
253433,0
253435,1
253437,1
253438,1
253442,0
253444,0
253446,1
253447,0
253448,0
253449,0
253457,0
253458,1
253460,1
253461,0
253466,0
253468,1
253470,0
253473,0
253474,1
253477,1
253482,1
253485,0
253489,0
253490,0
253493,1
253495,0
253496,1
253498,1
253500,1
253503,0
253505,0
253513,1
253515,1
253525,1
253526,0
253527,1
253533,1
253536,1
253537,1
253539,0
253540,0
253542,0
253544,0
253547,1
253551,0
253552,0
253553,1
253556,0
253557,0
253558,0
253559,0
253560,0
253561,0
253564,1
253569,0
253571,0
253572,0
253573,1
253577,1
253578,0
253581,1
253582,0
253584,0
253585,1
253586,1
253590,1
253592,0
253593,0
253594,0
253599,1
253600,1
253601,0
253605,0
253610,1
253613,0
253614,0
253620,0
253622,0
253624,0
253625,0
253627,1
253628,0
253630,0
253633,1
253635,0
253638,1
253642,1
253647,0
253648,0
253649,1
253651,1
253654,0
253655,0
253656,1
253657,1
253658,1
253662,0
253665,0
253666,0
253667,0
253669,0
253670,1
253671,1
253673,0
253677,0
253680,1
253684,0
253686,0
253690,1
253693,0
253695,1
253698,1
253699,1
253700,1
253701,1
253703,0
253705,0
253706,0
253711,0
253714,0
253715,0
253720,1
253722,1
253723,1
253729,0
253737,0
253741,1
253746,1
253747,0
253753,1
253758,1
253759,1
253760,1
253761,0
253762,0
253763,0
253768,0
253769,1
253770,0
253772,0
253774,1
253775,1
253776,0
253779,1
253781,1
253782,0
253791,1
253792,1
253796,0
253801,0
253806,0
253807,1
253810,1
253812,1
253815,1
253824,1
253826,0
253827,0
253829,1
253833,1
253835,1
253836,0
253839,1
253840,0
253841,1
253843,0
253844,1
253848,1
253849,0
253850,0
253852,1
253857,1
253863,0
253865,1
253866,1
253867,1
253869,0
253870,1
253875,0
253880,0
253881,1
253883,1
253885,0
253887,0
253888,1
253889,0
253891,1
253894,0
253896,0
253897,0
253899,0
253901,0
253902,1
253906,0
253909,1
253911,0
253912,0
253913,0
253914,1
253915,0
253916,0
253924,1
253926,1
253927,1
253932,1
253934,0
253936,1
253937,0
253938,0
253939,0
253940,0
253942,1
253943,0
253944,0
253946,0
253948,0
253951,1
253952,1
253954,0
253955,1
253957,1
253963,1
253965,0
253966,1
253969,1
253970,0
253971,0
253972,1
253975,1
253979,1
253981,0
253982,1
253987,0
253997,1
253998,0
254004,0
254006,1
254008,0
254009,0
254010,0
254011,1
254012,0
254014,1
254015,1
254021,0
254026,1
254030,0
254032,1
254033,1
254035,1
254036,1
254037,0
254041,0
254043,1
254045,1
254046,1
254049,0
254050,1
254052,0
254053,0
254054,1
254056,1
254065,1
254070,1
254071,1
254075,0
254076,0
254083,0
254086,1
254099,1
254100,0
254101,1
254102,0
254104,0
254106,0
254109,1
254113,0
254115,0
254116,1
254119,1
254120,0
254126,0
254127,1
254130,1
254132,0
254134,1
254136,0
254137,0
254138,0
254143,1
254146,0
254160,1
254161,1
254164,1
254167,1
254168,1
254170,1
254171,1
254172,0
254174,0
254177,1
254180,1
254181,1
254182,1
254184,1
254185,0
254186,1
254188,0
254190,1
254191,0
254193,0
254196,0
254198,0
254201,0
254202,0
254203,0
254205,1
254206,0
254208,0
254210,1
254211,1
254214,0
254215,0
254216,0
254217,0
254218,0
254219,1
254222,0
254224,0
254225,1
254227,1
254229,1
254231,0
254235,1
254237,0
254239,0
254241,0
254242,1
254246,1
254248,0
254252,0
254254,0
254256,1
254259,1
254260,1
254261,1
254262,0
254266,0
254267,1
254269,0
254271,0
254272,1
254273,1
254278,0
254279,0
254286,0
254287,1
254288,0
254289,0
254290,0
254291,0
254293,0
254294,1
254302,1
254303,0
254305,0
254307,1
254308,0
254312,1
254313,0
254319,0
254321,0
254322,1
254324,1
254327,0
254330,0
254334,0
254335,0
254338,1
254340,0
254343,0
254345,1
254346,1
254351,0
254355,0
254357,0
254359,0
254360,0
254361,0
254364,1
254367,0
254368,1
254371,0
254374,1
254375,1
254376,1
254380,1
254381,1
254382,1
254383,1
254385,1
254387,0
254388,0
254389,0
254392,0
254393,0
254396,0
254398,0
254402,0
254404,1
254405,0
254406,1
254408,0
254410,0
254414,0
254416,0
254417,0
254419,1
254420,1
254421,0
254422,1
254424,1
254427,0
254430,1
254431,0
254432,1
254435,1
254437,0
254438,0
254439,1
254440,1
254442,0
254444,1
254445,1
254446,1
254447,1
254448,0
254449,0
254451,1
254453,1
254461,0
254464,0
254466,0
254467,1
254469,0
254472,0
254473,1
254477,1
254479,1
254481,1
254482,1
254489,1
254492,1
254493,0
254496,1
254499,0
254500,0
254501,1
254503,1
254504,1
254507,0
254509,1
254511,1
254512,1
254515,0
254521,0
254523,1
254530,0
254532,0
254533,1
254537,1
254539,0
254542,1
254544,1
254545,1
254547,1
254550,0
254553,0
254554,1
254555,0
254556,0
254562,0
254563,0
254564,0
254566,1
254567,1
254572,0
254575,0
254576,0
254581,1
254585,1
254586,0
254588,0
254589,0
254591,1
254592,0
254595,1
254596,0
254598,1
254600,1
254601,1
254603,0
254605,1
254606,1
254611,0
254613,0
254616,0
254619,0
254621,0
254628,1
254629,1
254632,1
254634,1
254636,1
254638,0
254642,1
254647,0
254649,0
254652,1
254653,1
254654,1
254656,1
254657,0
254658,0
254660,1
254662,1
254664,1
254668,1
254669,1
254670,0
254671,0
254673,0
254674,1
254675,1
254677,0
254679,0
254687,0
254689,0
254690,0
254692,0
254694,1
254695,0
254696,0
254698,1
254700,0
254701,1
254702,0
254704,0
254706,1
254707,1
254711,0
254714,0
254715,0
254719,1
254724,0
254729,1
254733,1
254739,0
254740,1
254742,1
254745,0
254748,0
254749,0
254750,0
254753,0
254754,0
254756,0
254765,0
254766,0
254769,0
254770,0
254771,0
254772,1
254776,0
254777,1
254780,0
254781,0
254784,0
254785,0
254787,1
254789,0
254790,0
254792,0
254793,0
254798,0
254802,0
254804,0
254812,0
254814,1
254817,1
254818,0
254820,0
254821,1
254823,0
254824,1
254826,1
254827,0
254829,0
254830,1
254831,1
254832,0
254833,0
254835,1
254837,0
254839,1
254840,1
254841,1
254846,0
254848,0
254850,1
254852,0
254857,0
254861,1
254863,0
254864,0
254867,1
254870,0
254871,0
254874,0
254877,1
254878,0
254879,0
254882,1
254884,0
254887,1
254889,1
254890,0
254891,0
254892,0
254898,0
254906,1
254911,0
254913,0
254917,1
254927,0
254930,1
254934,0
254935,1
254936,1
254939,0
254941,0
254942,1
254943,1
254944,0
254948,1
254962,0
254967,1
254972,0
254974,1
254977,1
254980,0
254983,1
254990,0
254991,0
254997,0
255000,1
255004,0
255005,1
255008,0
255009,1
255010,1
255014,0
255017,0
255025,0
255029,1
255031,0
255035,1
255039,1
255043,0
255046,0
255048,0
255049,1
255051,0
255052,0
255053,1
255058,0
255067,1
255070,1
255072,1
255075,0
255077,0
255078,0
255079,1
255081,1
255084,0
255086,0
255087,0
255088,1
255090,1
255091,1
255092,0
255093,0
255094,1
255095,1
255097,1
255100,1
255101,0
255104,1
255110,1
255111,1
255112,1
255113,0
255114,0
255116,1
255120,1
255123,0
255126,0
255129,1
255131,0
255132,0
255133,1
255137,0
255141,1
255146,1
255153,1
255154,0
255155,0
255156,0
255157,0
255163,1
255164,0
255168,0
255169,1
255170,0
255176,0
255191,1
255193,0
255195,1
255202,0
255206,0
255209,1
255213,0
255217,0
255218,0
255219,0
255222,1
255224,0
255230,1
255232,1
255235,1
255236,0
255237,0
255238,0
255239,1
255244,0
255245,1
255246,0
255247,0
255248,0
255249,1
255251,1
255252,1
255253,1
255256,1
255259,1
255261,1
255262,1
255264,0
255265,0
255268,0
255270,0
255271,0
255273,0
255274,0
255275,1
255279,0
255280,0
255281,1
255284,0
255288,1
255289,0
255293,1
255294,0
255295,1
255299,1
255300,0
255302,1
255303,0
255305,0
255306,1
255316,0
255317,1
255318,0
255319,0
255321,0
255326,1
255327,0
255329,1
255330,0
255331,0
255332,0
255333,0
255335,0
255339,0
255341,0
255346,1
255348,0
255349,0
255352,1
255357,1
255359,1
255360,0
255361,0
255362,0
255363,0
255364,0
255365,1
255366,1
255369,0
255370,1
255372,0
255376,0
255378,1
255380,0
255381,0
255383,0
255386,1
255387,1
255388,0
255390,0
255395,0
255396,0
255397,1
255398,0
255402,0
255403,1
255407,0
255408,0
255414,1
255418,0
255420,1
255421,0
255422,0
255423,0
255424,0
255427,1
255431,1
255434,1
255437,1
255442,1
255445,1
255446,1
255447,0
255448,1
255450,1
255456,1
255461,1
255463,1
255465,0
255468,0
255469,1
255472,0
255473,1
255486,1
255488,0
255495,1
255501,1
255502,0
255503,1
255513,1
255518,1
255523,0
255524,1
255526,1
255530,0
255531,1
255535,1
255538,0
255543,1
255544,0
255549,1
255551,0
255552,1
255553,0
255561,0
255565,1
255566,0
255574,0
255575,0
255579,0
255582,1
255585,0
255586,1
255588,1
255589,1
255590,1
255593,0
255596,0
255597,0
255598,1
255599,0
255600,0
255601,1
255607,0
255618,0
255619,0
255621,0
255627,0
255630,0
255633,1
255636,0
255640,1
255641,1
255643,0
255644,0
255645,1
255647,0
255649,1
255650,1
255651,1
255654,0
255660,0
255663,1
255664,0
255666,0
255670,1
255671,0
255672,0
255682,0
255683,1
255684,0
255689,0
255696,0
255700,1
255704,1
255707,1
255708,1
255710,0
255713,0
255714,1
255715,1
255716,0
255717,1
255718,1
255722,0
255723,0
255725,1
255727,0
255730,0
255731,1
255733,0
255735,0
255740,0
255742,0
255745,1
255747,0
255748,0
255753,0
255756,0
255758,1
255759,1
255760,1
255761,1
255763,0
255764,1
255768,1
255770,1
255773,0
255775,1
255776,0
255777,1
255779,1
255781,0
255785,0
255786,1
255791,0
255793,0
255796,0
255798,0
255801,0
255803,0
255804,0
255805,0
255807,0
255813,0
255817,1
255818,1
255819,0
255824,1
255825,1
255827,0
255828,1
255837,1
255847,0
255849,0
255850,1
255856,1
255860,0
255861,0
255864,1
255869,0
255873,1
255874,0
255875,0
255876,0
255877,0
255879,0
255881,1
255882,0
255883,1
255884,0
255888,1
255889,0
255890,0
255891,1
255893,1
255894,0
255895,0
255900,0
255903,1
255909,0
255914,0
255916,1
255917,0
255919,0
255920,1
255921,0
255926,0
255930,0
255932,0
255933,0
255939,1
255940,1
255942,0
255943,1
255946,1
255950,1
255952,0
255957,0
255960,1
255962,1
255966,0
255967,1
255971,1
255978,0
255979,1
255980,0
255982,0
255983,0
255985,0
255986,0
255987,1
255993,0
255996,1
255997,1
255998,0
255999,0
256000,1
256001,1
256014,1
256018,0
256028,0
256035,1
256037,1
256038,0
256041,0
256042,1
256043,0
256044,1
256045,1
256046,1
256048,0
256051,1
256055,0
256059,0
256063,1
256064,0
256065,0
256067,0
256070,0
256073,1
256074,1
256075,1
256077,1
256078,1
256079,1
256080,0
256082,0
256088,1
256090,1
256094,0
256096,1
256097,0
256098,0
256100,1
256101,1
256106,1
256108,0
256111,0
256112,1
256116,0
256118,1
256123,0
256125,0
256127,1
256128,0
256133,1
256134,1
256136,0
256142,1
256144,0
256148,1
256153,0
256154,1
256156,0
256157,1
256160,0
256162,0
256163,0
256167,0
256168,0
256169,0
256170,0
256172,1
256176,0
256178,1
256181,0
256182,0
256185,0
256186,0
256191,0
256197,1
256200,0
256202,0
256204,1
256207,0
256208,0
256209,1
256210,0
256214,0
256215,0
256219,1
256222,1
256224,0
256225,1
256229,0
256230,1
256232,1
256235,1
256241,0
256242,1
256243,0
256246,1
256248,1
256250,1
256251,0
256255,0
256256,1
256260,0
256261,1
256262,0
256265,0
256269,0
256276,0
256278,1
256280,0
256291,0
256293,1
256295,0
256298,0
256299,1
256301,0
256302,1
256304,0
256305,0
256308,1
256313,0
256314,0
256315,0
256317,1
256319,0
256322,1
256323,1
256326,1
256331,0
256332,1
256334,1
256337,0
256339,0
256340,1
256342,1
256348,1
256349,1
256353,0
256355,1
256356,0
256359,0
256360,0
256361,1
256363,1
256366,1
256372,0
256373,0
256374,1
256375,1
256376,1
256377,1
256378,0
256379,1
256381,1
256384,1
256385,0
256387,1
256390,1
256391,0
256394,0
256399,1
256404,0
256405,1
256406,1
256408,0
256409,1
256410,1
256412,0
256413,0
256417,0
256429,1
256430,0
256432,1
256433,1
256436,1
256440,0
256445,0
256447,1
256448,1
256451,1
256453,1
256461,1
256462,0
256463,0
256465,1
256466,0
256474,0
256480,1
256484,0
256487,0
256488,0
256490,1
256491,1
256492,1
256496,1
256500,1
256501,0
256507,1
256508,1
256511,1
256513,0
256514,1
256523,0
256526,0
256528,0
256529,1
256533,1
256534,1
256536,0
256538,1
256541,1
256545,0
256550,1
256554,0
256559,1
256566,1
256574,0
256575,0
256578,0
256581,0
256582,0
256584,0
256585,0
256586,0
256593,1
256595,0
256596,1
256600,1
256601,0
256603,0
256609,0
256612,1
256615,0
256618,1
256621,1
256624,1
256628,0
256634,1
256637,1
256638,1
256642,0
256645,0
256650,0
256652,0
256653,1
256654,0
256657,1
256658,0
256659,0
256662,0
256663,1
256664,1
256667,1
256668,1
256672,1
256673,1
256675,1
256679,1
256685,0
256686,0
256687,1
256689,0
256690,0
256691,0
256693,0
256696,1
256697,1
256698,1
256699,0
256700,1
256703,1
256704,0
256709,0
256710,1
256711,1
256725,1
256727,1
256728,0
256729,1
256731,1
256732,1
256733,0
256742,1
256748,1
256751,1
256752,1
256755,0
256756,1
256758,1
256763,0
256765,1
256766,0
256767,0
256768,1
256775,0
256778,0
256783,0
256784,0
256785,0
256786,1
256787,1
256790,0
256791,0
256793,0
256795,0
256796,1
256797,1
256799,1
256800,0
256801,1
256803,1
256804,0
256806,0
256809,0
256821,1
256823,0
256826,0
256830,0
256831,1
256833,0
256834,1
256835,0
256836,0
256838,0
256842,0
256850,0
256852,0
256855,1
256864,0
256865,1
256867,1
256879,1
256880,1
256883,1
256884,0
256888,1
256892,1
256895,0
256897,1
256900,0
256901,1
256904,1
256906,0
256907,1
256909,1
256910,1
256912,0
256915,1
256917,0
256920,0
256922,1
256923,1
256926,1
256927,1
256934,1
256937,1
256942,1
256946,1
256952,1
256954,0
256957,0
256959,0
256961,1
256963,0
256966,1
256969,0
256970,0
256972,1
256974,0
256975,1
256976,1
256978,1
256982,0
256991,0
256996,0
257001,0
257003,0
257008,1
257011,0
257015,0
257016,0
257017,1
257018,0
257020,1
257022,1
257023,1
257028,0
257029,0
257030,1
257031,0
257040,0
257046,0
257049,0
257050,1
257053,0
257055,1
257058,1
257062,1
257063,1
257065,0
257070,0
257071,1
257075,1
257076,1
257084,0
257086,1
257087,0
257091,1
257092,0
257094,1
257096,0
257097,0
257098,0
257099,0
257101,0
257104,0
257106,1
257107,1
257109,1
257110,0
257111,1
257113,1
257115,0
257120,0
257123,0
257124,1
257128,0
257129,1
257131,0
257132,0
257133,1
257134,0
257135,0
257136,1
257137,1
257139,0
257141,0
257148,1
257154,1
257155,0
257156,0
257157,0
257161,1
257162,0
257163,1
257165,0
257169,1
257171,1
257177,1
257178,0
257183,0
257184,0
257189,0
257192,1
257194,0
257205,0
257207,0
257209,1
257210,1
257216,0
257217,1
257222,0
257223,0
257227,0
257228,1
257232,1
257233,0
257246,1
257247,0
257249,1
257250,0
257251,1
257253,1
257256,1
257260,0
257264,0
257265,1
257267,0
257271,1
257272,1
257276,1
257280,1
257281,0
257282,1
257284,0
257285,1
257286,1
257287,1
257296,1
257299,1
257303,1
257304,1
257306,1
257309,1
257311,0
257312,1
257315,0
257317,0
257326,1
257327,0
257328,1
257329,0
257330,0
257334,0
257335,0
257336,1
257340,0
257341,1
257342,1
257344,0
257350,1
257353,0
257360,0
257361,0
257363,0
257368,0
257372,1
257374,0
257375,0
257379,0
257380,0
257385,1
257388,0
257400,0
257402,0
257403,1
257405,1
257406,1
257409,1
257410,0
257411,0
257422,1
257423,1
257425,0
257426,0
257427,0
257428,1
257430,0
257431,0
257432,1
257433,1
257434,1
257435,0
257436,0
257437,1
257438,1
257439,1
257440,0
257442,1
257445,1
257451,0
257455,0
257458,0
257459,1
257464,1
257465,0
257466,0
257468,0
257469,1
257471,0
257473,1
257474,1
257477,1
257478,1
257479,0
257480,1
257481,0
257482,1
257483,1
257484,1
257488,0
257489,0
257490,1
257491,1
257492,0
257499,0
257500,1
257510,0
257512,0
257515,0
257517,0
257519,1
257520,1
257521,0
257522,1
257523,1
257524,0
257525,1
257526,0
257535,1
257536,0
257537,1
257544,1
257546,1
257550,1
257552,1
257553,0
257554,0
257564,0
257566,0
257569,0
257572,0
257574,0
257575,1
257577,0
257579,0
257580,0
257585,0
257589,1
257591,0
257595,0
257596,0
257599,0
257600,1
257602,1
257603,1
257604,1
257606,1
257608,1
257609,1
257610,1
257611,1
257614,1
257616,0
257619,1
257622,1
257626,0
257628,0
257629,1
257630,0
257631,0
257632,0
257633,0
257639,0
257640,0
257643,0
257645,0
257648,1
257649,0
257653,0
257655,1
257657,1
257659,1
257663,1
257666,0
257668,0
257670,1
257673,0
257674,0
257675,0
257680,1
257681,1
257682,0
257686,0
257687,0
257688,0
257689,1
257690,1
257693,0
257700,1
257701,1
257703,0
257704,1
257707,0
257711,0
257712,1
257715,1
257719,0
257723,0
257724,0
257729,0
257732,0
257733,1
257735,0
257736,1
257738,0
257740,0
257742,1
257744,0
257750,0
257751,0
257761,1
257762,1
257765,0
257769,0
257771,1
257777,1
257782,1
257783,1
257784,0
257789,1
257798,0
257803,1
257806,1
257807,0
257808,1
257811,0
257815,0
257818,0
257819,1
257824,0
257825,0
257829,0
257830,1
257833,1
257837,0
257841,0
257842,0
257845,0
257847,0
257850,0
257852,1
257856,1
257857,0
257859,0
257861,1
257862,0
257864,0
257865,0
257868,0
257869,1
257871,1
257872,0
257873,0
257874,0
257877,1
257880,1
257883,0
257888,0
257889,0
257890,0
257891,1
257897,1
257906,1
257909,1
257912,0
257913,1
257919,1
257920,0
257921,0
257924,1
257926,1
257927,0
257928,0
257932,0
257933,0
257934,0
257936,0
257937,1
257939,1
257942,0
257943,1
257944,0
257946,1
257947,1
257949,1
257951,0
257954,0
257956,0
257957,0
257958,1
257959,0
257963,0
257964,0
257965,0
257966,1
257967,1
257968,1
257969,0
257970,0
257971,0
257977,0
257978,1
257981,0
257986,0
257987,1
257988,0
257991,0
257993,1
257994,1
257995,0
257997,1
257999,0
258000,0
258001,0
258002,0
258003,0
258004,1
258005,0
258006,1
258007,0
258008,1
258017,1
258018,0
258021,1
258023,1
258026,0
258027,1
258028,1
258030,0
258033,1
258037,1
258041,0
258043,0
258044,1
258045,1
258046,1
258047,0
258051,1
258053,0
258056,0
258058,0
258060,0
258061,1
258064,0
258068,0
258070,1
258072,1
258073,1
258076,1
258077,1
258079,0
258081,1
258083,1
258085,0
258086,1
258089,1
258095,1
258099,1
258101,0
258102,1
258103,0
258105,1
258108,0
258113,0
258115,0
258116,1
258118,1
258119,0
258120,0
258123,0
258124,0
258126,0
258127,1
258128,0
258129,0
258130,1
258132,1
258136,0
258137,1
258138,1
258139,1
258142,0
258144,0
258145,0
258147,0
258148,0
258150,0
258152,1
258153,1
258157,1
258158,1
258160,1
258168,1
258169,0
258170,0
258171,0
258172,1
258179,0
258180,1
258181,0
258186,1
258187,1
258188,1
258189,1
258193,0
258195,1
258196,1
258199,0
258200,0
258201,0
258202,1
258205,1
258206,0
258209,1
258212,1
258215,0
258216,0
258217,0
258221,1
258223,0
258228,0
258229,0
258237,0
258239,1
258243,1
258244,0
258249,0
258254,1
258255,1
258256,0
258264,0
258266,0
258268,0
258270,0
258276,1
258277,1
258279,1
258282,1
258283,1
258285,1
258288,0
